bootstrap_replicate,bootstrap_statistic,n_contributing_bootstrap_clusters,n_unique_source_patients,n_source_patients_selected_more_than_once,n_bootstrap_copies_from_repeated_source_patients,n_profiles_from_repeated_source_patient_copies,n_pre_exclusion_zero_distance_external_candidates
1,0.013446553607209935,34,24,9,19,78,90
2,0.015139588488505829,34,22,11,23,119,134
3,0.022892653089056553,34,23,10,21,103,112
4,0.013398731251293806,34,19,10,25,108,176
5,0.014089047241480038,34,24,8,18,88,118
6,0.031199766835862362,34,22,10,22,106,136
7,0.011653437358683762,34,21,10,23,134,206
8,0.006417819767164351,34,19,10,25,115,172
9,0.012826924882226476,34,20,9,23,112,198
10,0.020021454457765167,34,20,10,24,118,190
11,0.02794302359201492,34,23,8,19,103,150
12,0.01754671504569187,34,21,9,22,114,196
13,0.01700252959705523,34,21,8,21,111,190
14,0.01215596866435234,34,22,11,23,134,146
15,0.014496386025590655,34,21,8,21,83,148
16,0.01509755081108434,34,21,9,22,112,168
17,0.031782022571119034,34,22,8,20,139,214
18,0.013663686997531885,34,22,9,21,80,110
19,0.02292298417428261,34,22,8,20,133,248
20,0.02437211549561482,34,22,10,22,127,160
21,0.011581578909709837,34,19,12,27,139,184
22,0.011439548894368518,34,20,10,24,106,170
23,0.012087122151879806,34,26,7,15,74,86
24,0.013396624082367754,34,19,11,26,166,278
25,0.012176406626878366,34,22,9,21,87,136
26,0.018066545273610568,34,22,7,19,103,232
27,0.006950119065299465,34,21,11,24,144,180
28,0.009516277774420025,34,20,10,24,166,326
29,0.03184083082875311,34,23,8,19,104,156
30,0.022078428227462997,34,23,9,20,98,116
31,0.014791024739213426,34,22,10,22,125,152
32,0.016932883388316222,34,24,10,20,82,82
33,0.012452482619549041,34,24,9,19,94,106
34,0.017284627397476233,34,24,10,20,128,128
35,0.009128545895253345,34,19,9,24,138,324
36,0.00937453517604682,34,21,10,23,102,138
37,0.00834896803702638,34,21,10,23,104,140
38,0.012833987839731078,34,24,8,18,90,120
39,0.025895307151121226,34,24,10,20,120,120
40,0.028954820475079343,34,20,8,22,89,180
41,0.029716226551618662,34,21,9,22,141,234
42,0.02214723584044085,34,21,11,24,121,160
43,0.025067910384276863,34,21,9,22,137,218
44,0.008894698891765696,34,21,10,23,125,228
45,0.01418830941060311,34,24,9,19,90,102
46,0.02241320049788062,34,21,9,22,100,160
47,0.01907815018773032,34,21,7,20,109,210
48,0.015547031817566039,34,20,8,22,103,180
49,0.01842648149764637,34,24,7,17,129,242
50,0.016833229374438506,34,21,8,21,108,210
51,0.0301416156928141,34,22,9,21,119,170
52,0.013518885085911161,34,19,9,24,89,166
53,0.03217292035843143,34,22,9,21,118,166
54,0.014392631734747082,34,20,8,22,125,228
55,0.014903476586160688,34,27,7,14,72,72
56,0.025790949586954444,34,20,8,22,118,244
57,0.03291030921689566,34,20,10,24,110,174
58,0.025644034344125814,34,19,10,25,142,226
59,0.010648320348409943,34,18,11,27,139,252
60,0.02951681919238852,34,24,7,17,75,120
61,0.01713868148740046,34,25,8,17,92,104
62,0.01991432660360467,34,21,9,22,145,252
63,0.012532988752480795,34,21,10,23,135,198
64,0.021502136521399973,34,22,11,23,125,140
65,0.019476395542982833,34,17,9,26,132,278
66,0.0142923090262039,34,23,9,20,131,188
67,0.03391287633066046,34,23,8,19,101,164
68,0.02904691912411366,34,22,10,22,136,178
69,0.008830031594260879,34,19,9,24,102,190
70,0.019842753121286125,34,22,8,20,113,170
71,0.017234098689233507,34,21,10,23,118,172
72,0.025043760606307044,34,24,8,18,92,134
73,0.005320925724071491,34,21,7,20,91,182
74,0.02012393629688576,34,24,9,19,95,104
75,0.009047231722420088,34,23,8,19,95,140
76,0.016975422442722418,34,21,10,23,98,134
77,0.01888360305149213,34,20,9,23,92,160
78,0.013406924274762741,34,23,8,19,69,96
79,0.014289851944326422,34,22,10,22,110,134
80,0.017694716425081906,34,20,10,24,109,172
81,0.02548460001893475,34,22,7,19,114,248
82,0.039256282769562244,34,21,9,22,114,178
83,0.014053353381547166,34,21,11,24,104,146
84,0.0188125611893668,34,21,9,22,106,166
85,0.015697593547778693,34,23,7,18,77,128
86,0.02648283342695456,34,25,8,17,104,116
87,0.032043786786823236,34,19,9,24,129,232
88,0.011747176498221209,34,24,6,16,80,146
89,0.008224215439275623,34,21,10,23,120,174
90,0.014263912463654872,34,20,10,24,151,270
91,0.013350001581908966,34,20,9,23,121,242
92,0.01583400880712091,34,22,11,23,122,134
93,0.012368308133815863,34,22,7,19,106,230
94,0.011088787489810334,34,21,10,23,119,176
95,0.013402943264202414,34,21,10,23,102,162
96,0.010230452611409924,34,20,11,25,113,152
97,0.010591672593013114,34,19,10,25,135,260
98,0.01699709061836488,34,23,8,19,84,114
99,0.025353810892619497,34,21,6,19,91,198
100,0.027610326025599943,34,21,10,23,112,148
101,0.01971230514006536,34,23,8,19,110,182
102,0.011639899673785228,34,26,7,15,73,82
103,0.025834620789896005,34,21,12,25,128,140
104,0.009319097412539099,34,20,11,25,122,158
105,0.010029223075293386,34,20,8,22,140,270
106,0.0211906991780704,34,23,10,21,118,148
107,0.012883049896981632,34,22,9,21,88,140
108,0.005825249226597773,34,21,10,23,133,202
109,0.012164583681654111,34,24,8,18,102,134
110,0.011969660558331596,34,21,9,22,93,144
111,0.02851312281858282,34,24,9,19,91,106
112,0.018708845769129658,34,20,13,27,101,110
113,0.0071244100697393335,34,21,8,21,116,194
114,0.021245439551998643,34,20,11,25,107,146
115,0.013051647188715106,34,24,7,17,92,128
116,0.03001086733237468,34,21,10,23,96,156
117,0.011915417146885921,34,23,9,20,106,142
118,0.011594355054387603,34,25,8,17,92,104
119,0.006529098956941953,34,22,11,23,123,138
120,0.013757319062766594,34,23,9,20,92,116
121,0.014360866844528305,34,21,10,23,135,204
122,0.01720712328458955,34,20,8,22,100,188
123,0.016977063249512907,34,18,12,28,141,192
124,0.03075250007799958,34,22,7,19,77,164
125,0.00858251354681202,34,23,8,19,67,100
126,0.013560975304388795,34,23,7,18,104,168
127,0.013173659146584055,34,22,9,21,103,136
128,0.013120994939986069,34,22,9,21,113,158
129,0.012844869702929362,34,22,9,21,98,134
130,0.01817021963906315,34,22,12,24,146,146
131,0.01942328469877991,34,24,7,17,95,144
132,0.012577753281640576,34,21,10,23,132,186
133,0.013525806564001985,34,21,9,22,123,174
134,0.0071719593976663915,34,18,11,27,138,224
135,0.019191655748690292,34,19,12,27,119,164
136,0.03552364335035871,34,21,10,23,101,134
137,0.010956522611020342,34,22,10,22,136,196
138,0.014148069014747036,34,25,7,16,98,158
139,0.012230140429094788,34,22,10,22,128,158
140,0.011545241749987403,34,22,9,21,135,200
141,0.011019399727095331,34,21,9,22,93,156
142,0.022153945075593623,34,20,10,24,132,250
143,0.018984582701369497,34,22,9,21,79,112
144,0.013369640550012843,34,19,10,25,150,256
145,0.03188930113333621,34,19,7,22,99,232
146,0.016927313249459855,34,17,8,25,155,430
147,0.013314934648694363,34,23,9,20,79,106
148,0.02690049954669045,34,23,10,21,108,120
149,0.00992283735879394,34,23,7,18,98,196
150,0.018914561599324427,34,21,7,20,114,312
151,0.01046729584243207,34,21,8,21,115,190
152,0.010104113846385827,34,19,10,25,130,232
153,0.011681506626293428,34,22,10,22,97,118
154,0.006162136997802922,34,21,8,21,82,152
155,0.011504191438275104,34,22,10,22,91,112
156,0.0259734659820548,34,20,11,25,147,204
157,0.013489963909193478,34,21,11,24,145,190
158,0.020305552198827626,34,25,5,14,63,108
159,0.0120616856893897,34,24,7,17,94,160
160,0.028308766859401993,34,19,10,25,126,198
161,0.012475216837227496,34,23,9,20,93,114
162,0.019271521330992362,34,21,9,22,126,168
163,0.012552707831202936,34,20,10,24,117,174
164,0.006162136997802922,34,19,9,24,109,192
165,0.01949305100986245,34,21,9,22,95,152
166,0.012035560018486408,34,22,8,20,114,192
167,0.015301949232206923,34,21,10,23,96,126
168,0.01442011393928028,34,22,8,20,129,224
169,0.02522538633981164,34,21,9,22,154,328
170,0.018476483828922995,34,19,11,26,120,176
171,0.01854665478223403,34,21,9,22,100,154
172,0.015341641943167894,34,20,10,24,133,248
173,0.017054489750872162,34,22,9,21,110,170
174,-3.1235078436067654e-05,34,20,10,24,107,180
175,0.02053688801587454,34,21,10,23,139,190
176,0.007461530880082702,34,23,9,20,93,132
177,0.027832584570867708,34,19,11,26,107,176
178,0.013742104149003335,34,23,10,21,107,116
179,0.019118358139524894,34,24,8,18,107,134
180,0.021231449902949173,34,19,9,24,152,312
181,0.010927142998509984,34,21,9,22,114,182
182,0.017578025216281275,34,25,8,17,73,82
183,0.0218173092302954,34,24,7,17,71,104
184,0.027732209451626216,34,21,10,23,118,154
185,0.02281875801879491,34,20,9,23,107,198
186,0.02081510731868333,34,22,8,20,114,180
187,0.008032033536477454,34,23,8,19,115,184
188,0.014694064693062892,34,22,11,23,139,172
189,0.03439644358706892,34,21,9,22,104,152
190,0.02055316267986057,34,24,8,18,108,144
191,0.021035763308780465,34,22,8,20,102,174
192,0.021760845610203514,34,23,8,19,114,162
193,0.013695842163515586,34,23,9,20,101,134
194,0.020852335825193385,34,24,8,18,96,132
195,0.019180819847187447,34,20,11,25,157,208
196,0.012467251302930644,34,23,8,19,92,128
197,0.019259240577532206,34,22,7,19,96,170
198,0.02522538633981164,34,21,10,23,120,156
199,0.016498326726968843,34,23,9,20,98,122
200,0.01189561089556948,34,21,9,22,127,228
201,0.02081510731868333,34,19,12,27,144,174
202,0.008981411200996464,34,22,8,20,135,232
203,0.011185827995913708,34,20,11,25,108,162
204,0.030559166227781712,34,20,12,26,114,138
205,0.011863150613442484,34,22,7,19,80,164
206,0.00840608942011992,34,24,9,19,103,112
207,0.006830042673236503,34,21,8,21,109,184
208,0.010664005984848707,34,23,9,20,78,102
209,0.01291920443551682,34,21,9,22,93,144
210,0.029986077202973194,34,22,9,21,124,160
211,0.011389216878903513,34,24,10,20,88,88
212,0.013551382452607147,34,24,8,18,81,114
213,0.013559859095160318,34,23,11,22,106,106
214,0.022373290870687783,34,23,10,21,102,120
215,0.01724263746922191,34,21,8,21,145,284
216,0.010309057815351137,34,24,8,18,93,114
217,0.016291042213222647,34,23,9,20,102,134
218,0.026643334373149613,34,18,11,27,146,248
219,0.009874626464145012,34,22,9,21,96,144
220,0.011257326261017192,34,20,11,25,92,128
221,0.014740302816493078,34,23,10,21,128,152
222,0.014507514293005078,34,22,8,20,92,156
223,0.012779253879915978,34,23,9,20,103,142
224,0.014060342717464008,34,20,11,25,125,158
225,0.007098568581012998,34,21,8,21,101,168
226,0.014566488669444794,34,23,10,21,120,150
227,0.00982055437084671,34,23,9,20,89,128
228,0.02278540118749224,34,22,8,20,109,178
229,0.006162136997802922,34,20,8,22,102,222
230,0.012191772005866595,34,23,9,20,92,128
231,0.00913110342272596,34,21,10,23,113,152
232,0.022124684075589852,34,22,6,18,70,158
233,0.01776979324569375,34,19,10,25,120,182
234,0.012705861680265447,34,25,8,17,95,110
235,0.012997202002583,34,21,10,23,110,158
236,0.01550669112001591,34,24,8,18,96,184
237,0.012838045945319732,34,23,9,20,100,124
238,0.013184686859792034,34,21,9,22,110,166
239,0.03777931903237894,34,21,7,20,110,254
240,0.023258805610343818,34,18,11,27,124,220
241,0.013255071440073027,34,24,7,17,75,120
242,0.025129268955433437,34,22,8,20,88,136
243,0.02045498303944003,34,21,9,22,108,162
244,0.009809990090686532,34,20,10,24,99,160
245,0.008432560746265621,34,22,8,20,119,234
246,0.011337087003590693,34,19,8,23,121,228
247,0.00750363070392189,34,21,10,23,89,128
248,0.011448571144441873,34,22,7,19,118,198
249,0.026354622071229752,34,23,11,22,114,114
250,0.005763391668048998,34,20,8,22,158,304
251,0.02081510731868333,34,19,10,25,154,256
252,0.024302935711577323,34,23,8,19,141,234
253,0.013643247671615483,34,21,10,23,124,176
254,0.018764051343577136,34,24,9,19,100,124
255,0.013501718972866013,34,27,5,12,76,118
256,0.028216345955088654,34,22,10,22,80,98
257,0.029445795804611086,34,23,9,20,106,148
258,0.018184701566122403,34,23,11,22,136,136
259,0.010734718094353599,34,24,10,20,100,100
260,0.01021102739851025,34,20,11,25,150,204
261,0.01269237864861554,34,22,10,22,102,120
262,0.019917900650613034,34,24,9,19,81,96
263,0.012822022324983848,34,21,8,21,85,172
264,0.00980566243218884,34,21,9,22,95,152
265,0.004547420175013209,34,23,8,19,127,222
266,0.0251197715246158,34,21,7,20,115,280
267,0.011908883993582621,34,20,10,24,129,258
268,0.018983272493012335,34,21,9,22,163,234
269,0.011284371429335575,34,22,10,22,121,184
270,0.018920165776951124,34,21,9,22,117,226
271,0.01614766521115886,34,20,9,23,131,244
272,0.02072336410418244,34,22,8,20,92,148
273,0.025164994441833573,34,20,9,23,115,204
274,0.015249113052988528,34,22,9,21,102,146
275,0.02522538633981164,34,19,9,24,135,252
276,0.033449237832803555,34,19,8,23,118,260
277,0.030752986186227325,34,22,8,20,131,222
278,0.014896902482624035,34,19,12,27,125,166
279,0.024615501500258576,34,21,8,21,114,198
280,0.017428712365441808,34,19,9,24,84,156
281,0.02586811963662889,34,17,10,27,127,250
282,0.01189561089556948,34,24,9,19,87,102
283,0.015396799201295643,34,19,9,24,119,212
284,0.012432557005494886,34,24,6,16,68,140
285,0.013478581335425184,34,22,11,23,124,154
286,0.016569339590064354,34,22,9,21,101,176
287,0.013180463043731994,34,20,9,23,120,228
288,0.012522330543353756,34,20,10,24,121,222
289,0.012206309516989644,34,21,10,23,125,166
290,0.026519739988552924,34,18,11,27,130,208
291,0.03290019350053774,34,20,11,25,97,136
292,0.027029288047944418,34,21,9,22,113,218
293,0.017320364085299526,34,21,8,21,107,188
294,0.026745298934276136,34,22,9,21,115,160
295,0.028862196242448304,34,20,9,23,121,196
296,0.032508054274157455,34,20,11,25,115,154
297,0.018661222740180304,34,22,11,23,117,132
298,0.013722229094559321,34,23,9,20,87,108
299,0.023108557371119665,34,18,9,25,131,324
300,0.013608350010204467,34,20,10,24,131,194
301,0.010667033521500696,34,25,8,17,84,108
302,0.011760275400049716,34,20,10,24,130,178
303,0.014436059533663156,34,19,11,26,128,200
304,0.01591005210289801,34,21,11,24,100,124
305,0.033398682614834876,34,22,7,19,113,220
306,0.008784957876289155,34,27,7,14,70,70
307,0.008345355843574879,34,22,8,20,102,184
308,0.01516586116894397,34,23,8,19,116,178
309,0.014646532777026232,34,23,8,19,89,140
310,0.0071719593976663915,34,20,10,24,136,202
311,0.01501054365131705,34,23,9,20,98,122
312,0.014653927178891291,34,24,8,18,81,102
313,0.01050411560479763,34,22,9,21,81,114
314,0.01716190660204967,34,21,10,23,116,176
315,0.012283862245721418,34,23,9,20,100,124
316,0.019121856219308564,34,20,10,24,147,248
317,0.02149607741399914,34,22,6,18,68,152
318,0.015027400199529129,34,22,6,18,75,176
319,0.027912632640185384,34,20,10,24,118,166
320,0.013563049309615074,34,24,7,17,68,104
321,0.011883754700392442,34,23,9,20,101,122
322,0.017206206037276614,34,20,10,24,142,214
323,0.01488504135489422,34,25,6,15,92,146
324,0.012789164657865688,34,21,9,22,108,156
325,0.03545735454292028,34,20,10,24,129,228
326,0.012411055137641396,34,19,8,23,154,364
327,0.024416207475213773,34,22,11,23,109,118
328,0.016176982640690424,34,26,7,15,51,60
329,0.01545383233912602,34,23,8,19,123,180
330,0.012171216800542173,34,25,7,16,124,204
331,0.012232570790742775,34,23,8,19,90,126
332,0.008567958057888913,34,25,8,17,106,130
333,0.01666177335348332,34,19,12,27,142,208
334,0.009076005365872171,34,21,7,20,134,286
335,0.027606491063547935,34,21,11,24,107,134
336,0.016402913151970677,34,21,7,20,83,152
337,0.014054122687276425,34,20,11,25,132,198
338,0.004781073810048345,34,21,10,23,109,158
339,0.00652502332122569,34,17,10,27,119,200
340,0.014372719003796022,34,24,10,20,126,126
341,0.010230452611409924,34,23,8,19,109,154
342,0.011186281384734188,34,22,9,21,116,164
343,0.023781725189940137,34,24,10,20,74,74
344,0.008894698891765696,34,23,9,20,93,114
345,0.015901644758501532,34,20,12,26,147,192
346,0.010949600136475435,34,17,10,27,136,264
347,0.023781508246211835,34,20,10,24,107,174
348,0.012973437459604411,34,21,11,24,121,166
349,0.010443254639531961,34,20,13,27,126,138
350,0.0098428546534556,34,20,10,24,168,258
351,0.021320646439927413,34,19,11,26,139,208
352,0.008414862607484572,34,21,10,23,149,224
353,0.012319845085871993,34,23,8,19,93,144
354,0.014198813764128071,34,19,11,26,106,156
355,0.01638850351935038,34,24,8,18,60,78
356,0.015199021275964897,34,22,10,22,78,102
357,0.031594755344133696,34,17,9,26,155,350
358,0.027749165618159856,34,18,13,29,139,172
359,0.024014175378338908,34,20,9,23,140,270
360,0.02313668643327712,34,21,10,23,106,142
361,0.013856702706558772,34,26,7,15,67,76
362,0.018484007217735562,34,21,9,22,105,158
363,0.012878505272559543,34,22,10,22,129,168
364,0.029818005457756758,34,19,9,24,98,184
365,0.014712451050559308,34,18,12,28,135,188
366,0.012656571747469147,34,23,8,19,82,112
367,0.012595885439440277,34,20,10,24,133,220
368,0.014152027524689553,34,21,10,23,112,148
369,0.01069794305218346,34,22,10,22,136,216
370,0.01336773181022377,34,23,9,20,102,126
371,0.009956828250953537,34,21,9,22,128,244
372,0.01378930822964676,34,23,10,21,101,110
373,0.013651531582891563,34,23,10,21,118,130
374,0.012474787387471577,34,24,8,18,103,148
375,0.023740112311240638,34,22,8,20,116,180
376,0.013767575616491251,34,21,10,23,122,158
377,0.030795736790174305,34,21,6,19,110,328
378,0.011925597395978309,34,21,8,21,98,174
379,0.013472755709316536,34,23,9,20,105,138
380,0.03442585504278261,34,22,7,19,79,150
381,0.009774467252554282,34,25,9,18,92,92
382,0.017577945569988002,34,22,8,20,94,160
383,0.010007817555842721,34,21,9,22,112,176
384,0.021254965452960073,34,22,8,20,97,160
385,0.03062084619863341,34,18,10,26,156,354
386,0.015357745431584913,34,22,7,19,78,152
387,0.014375752075288534,34,19,12,27,156,210
388,0.006004102459012544,34,19,10,25,110,190
389,0.01743129086434994,34,21,10,23,129,180
390,0.011391654548324123,34,23,9,20,98,138
391,0.017020862555477842,34,21,8,21,83,148
392,0.02349311597500757,34,20,9,23,148,244
393,0.02108976720611822,34,21,10,23,105,156
394,0.035612170828144954,34,21,9,22,108,164
395,0.010682712670045207,34,23,9,20,106,130
396,0.015230447671343628,34,19,11,26,112,154
397,0.012838045945319732,34,21,10,23,130,184
398,0.01516738099080854,34,18,11,27,131,212
399,0.01583400880712091,34,24,8,18,76,100
400,0.01694122132842935,34,25,6,15,95,152
401,0.01291920443551682,34,18,12,28,138,188
402,0.015754176405490983,34,19,6,21,90,250
403,0.016992997452713744,34,18,12,28,137,196
404,0.015539016622138913,34,22,8,20,87,132
405,0.014823287199172988,34,19,9,24,115,198
406,0.00937453517604682,34,23,7,18,116,194
407,0.012366705912595699,34,22,8,20,95,166
408,0.010773532739378339,34,23,9,20,122,158
409,0.02080093893342338,34,18,9,25,148,304
410,0.010245445005326231,34,23,9,20,123,150
411,0.016947398553070925,34,22,9,21,119,152
412,0.012390376617171836,34,20,10,24,133,194
413,0.010322328904675559,34,22,9,21,103,154
414,0.010679887368068228,34,26,8,16,78,78
415,0.03436206163344923,34,19,7,22,107,270
416,0.013603233125622782,34,20,10,24,117,170
417,0.011827667598670127,34,25,5,14,53,122
418,0.013794231337139501,34,23,8,19,108,162
419,0.011646934901810027,34,24,8,18,115,136
420,0.014495987120900715,34,21,9,22,122,234
421,0.014318794997237441,34,21,10,23,113,170
422,0.011536529303078219,34,23,9,20,114,138
423,0.009484876922914137,34,22,8,20,113,200
424,0.01342806985671871,34,22,9,21,104,152
425,0.009079561988090679,34,23,11,22,94,94
426,0.008839261128257975,34,24,8,18,92,116
427,0.016994937915791278,34,24,9,19,99,108
428,0.013840576808040943,34,20,9,23,84,162
429,0.019775738070141956,34,20,8,22,124,250
430,0.007016161612684618,34,22,8,20,98,164
431,0.016123076048062086,34,23,7,18,68,110
432,0.02042903219693205,34,24,8,18,94,136
433,0.01291085949938145,34,21,10,23,106,160
434,0.015198445423588523,34,21,9,22,107,164
435,0.014830146338582716,34,19,12,27,133,190
436,0.012547417073114783,34,23,8,19,99,150
437,0.014608901608107735,34,23,9,20,113,134
438,0.025441911245028072,34,23,9,20,106,124
439,0.004168848907747651,34,21,9,22,141,246
440,0.02825708000250865,34,19,11,26,166,242
441,0.0076524176315806505,34,23,9,20,83,116
442,0.014133872421616081,34,23,5,16,79,186
443,0.01230257255148954,34,23,10,21,87,102
444,0.014153562420433419,34,23,9,20,100,124
445,0.025794164548283482,34,20,8,22,129,290
446,0.012028230061838594,34,16,11,29,134,254
447,0.012867561927497294,34,25,8,17,100,118
448,0.009494854730739799,34,21,7,20,89,176
449,0.010924698915501095,34,22,10,22,133,166
450,0.01259708012802127,34,24,8,18,73,94
451,0.02243007234545725,34,22,11,23,92,104
452,0.017849566279529785,34,21,8,21,99,172
453,0.022704338733393774,34,20,8,22,110,206
454,0.008398993925220352,34,19,11,26,124,184
455,0.015945169450364713,34,24,8,18,94,118
456,0.01337628150710031,34,21,10,23,129,180
457,0.020866528928995196,34,16,8,26,121,294
458,0.017828484454829728,34,20,9,23,84,168
459,0.01292737663540914,34,20,9,23,96,170
460,0.010779254312010343,34,24,8,18,107,152
461,0.013983529732686753,34,19,11,26,147,210
462,0.023616375183307295,34,25,9,18,82,82
463,0.015206638549961626,34,20,9,23,101,184
464,0.011324490404670658,34,25,6,15,58,94
465,0.019361895653640895,34,23,6,17,78,140
466,0.024842947163818966,34,22,7,19,104,252
467,0.013117489823446588,34,21,8,21,103,212
468,0.01371393372857923,34,24,7,17,111,186
469,0.03015714069147323,34,21,12,25,135,168
470,0.01268221824585293,34,23,9,20,88,112
471,0.019972669206746348,34,22,8,20,122,244
472,0.01992158650448358,34,24,9,19,88,100
473,0.010157255058501131,34,19,10,25,156,278
474,0.017197559855391436,34,18,8,24,143,312
475,0.017814882261340016,34,20,10,24,118,160
476,0.015423850656395253,34,22,8,20,108,228
477,0.016810043160307896,34,22,9,21,113,146
478,0.021078377969489547,34,20,9,23,120,180
479,0.02756332327658395,34,22,8,20,96,194
480,0.01342342968359879,34,20,10,24,118,166
481,0.014814011868844807,34,21,10,23,136,172
482,0.0331484428575069,34,22,8,20,104,200
483,0.02205944467518672,34,21,9,22,140,262
484,0.009326783609076485,34,20,12,26,118,142
485,0.008377737966317814,34,22,9,21,73,112
486,0.02522538633981164,34,21,10,23,125,190
487,0.0074930814277007415,34,20,13,27,128,140
488,0.02698297379240483,34,21,6,19,104,258
489,0.014463367186629592,34,20,7,21,108,240
490,0.013205498539321014,34,17,12,29,135,200
491,0.013221712864555701,34,23,10,21,116,128
492,0.019448928301870755,34,23,10,21,128,140
493,0.012729492580062712,34,22,9,21,86,122
494,0.020324412619700492,34,24,8,18,68,92
495,0.009755086412077556,34,22,11,23,99,114
496,0.020822644266126372,34,23,9,20,89,110
497,0.017991623464747378,34,24,7,17,93,190
498,0.019452502042062173,34,20,8,22,135,356
499,0.02076463080019917,34,19,9,24,116,206
500,0.00840277995057535,34,23,8,19,120,156
501,0.02522538633981164,34,20,11,25,132,192
502,0.0071019916051261595,34,23,8,19,99,146
503,0.01634038726810405,34,22,10,22,87,108
504,0.021107954311175327,34,25,8,17,70,82
505,0.012242568519580707,34,17,10,27,149,278
506,0.0051554328998881654,34,21,8,21,138,244
507,0.007699436611356858,34,20,10,24,140,228
508,0.01342806985671871,34,24,8,18,70,88
509,0.024379986487826556,34,20,12,26,128,176
510,0.02418426792636058,34,20,11,25,128,164
511,0.02413440101339317,34,19,10,25,125,262
512,0.011520046387004011,34,21,8,21,93,184
513,0.0189409761131122,34,21,9,22,103,156
514,0.011374237376215974,34,23,8,19,88,148
515,0.02379411773413263,34,25,7,16,94,136
516,0.01617288838532255,34,22,9,21,96,150
517,0.02409340657350069,34,21,10,23,130,166
518,0.027154789612608587,34,21,10,23,138,200
519,0.01094292133658891,34,23,9,20,81,108
520,0.008839261128257975,34,21,8,21,140,290
521,0.024612112073611157,34,19,11,26,129,168
522,0.018753636710312896,34,23,8,19,116,236
523,0.014191972615168684,34,21,9,22,91,144
524,0.019237558637732924,34,23,9,20,91,118
525,0.010542582909674112,34,19,9,24,138,272
526,0.017262289090395996,34,21,9,22,94,144
527,0.012827139739680277,34,20,11,25,122,152
528,0.026163121928425168,34,19,10,25,129,222
529,0.007079295641539252,34,20,10,24,144,222
530,0.018715530817089127,34,19,11,26,137,228
531,0.010627609634519669,34,18,10,26,117,212
532,0.026643334373149613,34,18,9,25,132,244
533,0.013767575616491251,34,22,9,21,92,122
534,0.0178344040874913,34,23,6,17,80,176
535,0.018221323303702366,34,22,9,21,118,172
536,0.023249840849836223,34,22,8,20,70,112
537,0.01188632304764825,34,21,9,22,104,146
538,0.013925193512350997,34,21,9,22,104,152
539,0.013601968772164519,34,23,8,19,101,152
540,0.014269104237658453,34,20,13,27,95,104
541,0.0157375083862382,34,24,8,18,95,116
542,0.019310400621765582,34,24,8,18,81,108
543,0.02847257022537577,34,20,9,23,104,180
544,0.009765492069402321,34,21,10,23,115,162
545,0.01591900648155474,34,23,8,19,88,144
546,0.01883244640208879,34,24,9,19,113,122
547,0.01344088453089511,34,25,8,17,106,130
548,0.01963031747977694,34,18,10,26,125,256
549,0.016476507736055725,34,24,7,17,83,122
550,0.02990599619520942,34,23,7,18,103,178
551,0.00930027869203251,34,21,10,23,107,140
552,0.02460905329228707,34,23,8,19,74,104
553,0.02420100996721759,34,21,11,24,109,130
554,0.007502758519173612,34,19,9,24,116,212
555,0.02903525058203156,34,21,9,22,136,248
556,0.013670262697619617,34,21,10,23,139,190
557,0.009957468167775055,34,17,9,26,128,272
558,0.014701530477174998,34,22,9,21,106,206
559,0.026347832416764916,34,18,11,27,170,260
560,0.01291920443551682,34,21,9,22,96,184
561,0.015353328345032169,34,22,10,22,131,164
562,0.01001485720519913,34,23,8,19,85,136
563,0.018338816248006,34,21,11,24,122,162
564,0.01777218217668626,34,23,9,20,105,144
565,0.011794642433035879,34,21,9,22,96,152
566,0.012870950619299049,34,23,7,18,93,180
567,0.014547563876191247,34,21,10,23,88,118
568,0.010737754677202005,34,24,8,18,72,96
569,0.014567937069915125,34,21,9,22,150,262
570,0.017598326966208888,34,19,10,25,125,212
571,0.01906122899918397,34,24,8,18,99,120
572,0.015001080850895118,34,22,9,21,134,188
573,0.011102751265587504,34,24,9,19,118,130
574,0.01255264789043313,34,20,9,23,119,182
575,0.023495924755643847,34,21,7,20,106,216
576,0.03183970352237157,34,21,8,21,86,176
577,0.009835808223495623,34,24,9,19,95,104
578,0.00741447793924041,34,21,7,20,112,226
579,0.012211123078541275,34,23,9,20,103,142
580,0.02923831827360021,34,22,10,22,98,130
581,0.029779368487820652,34,22,7,19,65,130
582,0.020877117117733754,34,23,9,20,99,120
583,0.013499292876070657,34,20,11,25,100,130
584,0.0121795993131526,34,21,12,25,128,140
585,0.01227107466510545,34,24,9,19,88,100
586,0.010875101793740086,34,20,8,22,87,178
587,0.018544642989628463,34,23,7,18,85,172
588,0.013180463043731994,34,23,9,20,105,144
589,0.016242686940119246,34,23,9,20,62,80
590,0.011816218379097004,34,23,6,17,55,124
591,0.012580671442578545,34,23,9,20,111,150
592,0.012532094966408815,34,22,9,21,121,216
593,0.012577440017391785,34,26,7,15,73,82
594,0.021760845610203514,34,19,9,24,164,308
595,0.009809990090686532,34,20,9,23,131,260
596,0.01561678411929246,34,19,8,23,125,266
597,0.031008485785524967,34,20,11,25,140,170
598,0.013886729158536157,34,24,8,18,109,154
599,0.012827139739680277,34,21,11,24,130,166
600,0.017060106809682604,34,23,8,19,110,180
601,0.01798596405617149,34,21,10,23,85,134
602,0.022865352188347142,34,21,9,22,108,180
603,0.005479423511751055,34,21,9,22,110,166
604,0.006257803187779652,34,20,11,25,121,162
605,0.012715613616529085,34,23,7,18,82,138
606,0.0199113676587574,34,21,7,20,133,380
607,0.015011987486812903,34,21,8,21,129,274
608,0.012049063849344083,34,27,6,13,65,80
609,0.01159757168933348,34,22,9,21,127,178
610,0.012935672279175886,34,23,8,19,127,184
611,0.02522538633981164,34,23,7,18,113,228
612,0.010304592230775012,34,20,7,21,86,218
613,0.024323893525666856,34,19,10,25,126,216
614,0.015210924448639338,34,24,9,19,77,86
615,0.019287910529151686,34,25,6,15,91,132
616,0.027154789612608587,34,22,7,19,137,294
617,0.02254494136992749,34,20,9,23,124,210
618,0.011954003097197345,34,25,7,16,65,92
619,0.028655522270351064,34,19,8,23,132,288
620,0.012795234156226097,34,22,8,20,118,200
621,0.01628990687382608,34,20,10,24,163,240
622,0.007143785626192611,34,24,8,18,98,134
623,0.013767575616491251,34,22,9,21,119,216
624,0.013053339834847265,34,21,9,22,87,140
625,0.010245445005326231,34,23,9,20,101,128
626,0.00937453517604682,34,24,10,20,104,104
627,0.03419379053300588,34,20,11,25,167,242
628,0.012921339994312275,34,25,9,18,104,104
629,0.030468155911840135,34,20,10,24,100,148
630,0.02725674397500657,34,19,9,24,95,172
631,0.010948176270157817,34,21,10,23,98,146
632,0.012292939491283565,34,21,8,21,113,194
633,0.010245445005326231,34,21,10,23,127,182
634,0.01249090525746755,34,24,9,19,85,94
635,0.026219804817178723,34,23,10,21,139,172
636,0.017035396858252033,34,21,10,23,116,170
637,0.0194398998879812,34,20,8,22,96,180
638,0.01834556853933359,34,21,9,22,148,270
639,0.015375256796069978,34,23,8,19,66,102
640,0.022060955397018682,34,23,10,21,121,154
641,0.008199183308045567,34,19,10,25,136,256
642,0.013082014805380092,34,21,10,23,126,186
643,0.01425697796232963,34,19,10,25,163,280
644,0.01640309685090629,34,21,9,22,114,202
645,0.012388278889974822,34,22,11,23,109,118
646,0.02424731099683807,34,23,9,20,88,112
647,0.029900908398208095,34,23,9,20,111,132
648,0.012674611143260801,34,22,8,20,100,142
649,0.01926470401872267,34,18,11,27,112,182
650,0.01816016789068191,34,18,8,24,132,316
651,0.01683206871992287,34,21,9,22,144,240
652,0.020168527058830262,34,21,9,22,117,188
653,0.022270171807196613,34,21,10,23,115,160
654,0.01758055415472677,34,20,10,24,170,292
655,0.013154247366145636,34,21,9,22,124,226
656,0.018837423963140885,34,24,9,19,98,110
657,0.0040951265127833585,34,21,8,21,132,272
658,0.02164779248721503,34,24,8,18,108,196
659,0.02522538633981164,34,23,8,19,111,208
660,0.015357745431584913,34,20,9,23,107,188
661,0.010233229709924036,34,23,9,20,118,136
662,0.014202746173260769,34,24,7,17,66,102
663,0.014600161827510047,34,19,9,24,137,278
664,0.006970820437094082,34,22,10,22,95,128
665,0.012701559777717447,34,21,11,24,135,162
666,0.0156300176586831,34,24,9,19,98,110
667,0.02945582573330876,34,18,9,25,131,276
668,0.017434357644564302,34,20,11,25,108,138
669,0.012467267226721476,34,21,8,21,111,230
670,0.011391654548324123,34,23,9,20,109,142
671,0.020470440175828164,34,19,10,25,152,236
672,0.022112503146396817,34,23,10,21,117,150
673,0.00986279031833246,34,21,10,23,129,174
674,0.021105480642936745,34,22,9,21,95,136
675,0.013474134266063392,34,23,9,20,135,198
676,0.011391654548324123,34,20,10,24,108,156
677,0.026643334373149613,34,20,10,24,107,158
678,0.009066416407086879,34,22,8,20,99,168
679,0.02883887373462088,34,21,8,21,89,160
680,0.02113206253554127,34,24,7,17,93,158
681,0.017612510305242683,34,19,8,23,111,234
682,0.013014177000209792,34,21,11,24,118,150
683,0.030439923111748084,34,23,7,18,85,146
684,0.015271219188422738,34,21,8,21,98,166
685,0.01172962387602891,34,21,8,21,114,248
686,0.01181255043206371,34,20,11,25,118,174
687,0.014654170148583057,34,22,9,21,125,182
688,0.027735516978162726,34,19,11,26,156,222
689,0.025824974415615556,34,23,9,20,77,98
690,0.03186454566027641,34,24,9,19,100,112
691,0.009129282581705905,34,25,6,15,60,112
692,0.007068393549399914,34,23,9,20,88,112
693,0.021253561369597555,34,21,11,24,123,162
694,0.01734542216269936,34,22,9,21,96,126
695,0.015507635414099455,34,21,9,22,126,204
696,0.015933718853373288,34,18,10,26,121,202
697,0.02164779248721503,34,23,9,20,131,182
698,0.014151953466635114,34,23,8,19,101,158
699,0.01413951015929607,34,21,10,23,104,148
700,0.0048245085523462225,34,22,6,18,121,232
701,0.007300366482956549,34,24,6,16,71,130
702,0.026553162402378094,34,21,12,25,117,132
703,0.01732087686986274,34,21,7,20,114,222
704,0.012453164021209745,34,20,9,23,118,196
705,0.022194754670542577,34,22,9,21,109,166
706,0.018954649197448346,34,23,10,21,87,96
707,0.006566260473276769,34,20,10,24,116,166
708,0.010245445005326231,34,19,9,24,110,198
709,0.013314934648694363,34,23,9,20,85,106
710,0.020325126326336845,34,21,8,21,95,170
711,0.023436587261441363,34,23,8,19,97,154
712,0.024873366842180764,34,24,9,19,85,100
713,0.015426695476455615,34,21,10,23,115,148
714,0.014098557759271019,34,26,7,15,71,86
715,0.020883984844180116,34,22,10,22,156,222
716,0.014553648802987103,34,23,7,18,98,158
717,0.020962734175153673,34,21,11,24,128,170
718,0.029541380788796485,34,22,9,21,93,126
719,0.015199021275964897,34,22,8,20,84,134
720,0.012816233534040808,34,20,9,23,98,158
721,0.027970041541984243,34,23,7,18,121,214
722,0.009385401546444128,34,21,9,22,106,148
723,0.022214681183937053,34,20,11,25,126,162
724,0.03227112860744463,34,21,9,22,131,240
725,0.011760275400049716,34,22,6,18,83,168
726,0.02615629888038952,34,20,10,24,120,186
727,0.015370197772705395,34,21,9,22,105,190
728,0.00839737936930194,34,22,9,21,91,132
729,0.011557051877846308,34,23,8,19,125,200
730,0.014611338285645155,34,20,12,26,110,140
731,0.025030572059415675,34,22,11,23,108,120
732,0.018669187994740807,34,23,8,19,135,248
733,0.01796421906737601,34,18,12,28,120,162
734,0.029448867308225414,34,22,11,23,123,132
735,0.019361895653640895,34,20,11,25,112,142
736,0.023784551871304762,34,21,9,22,137,200
737,0.01557175869899513,34,23,10,21,87,96
738,0.016511437321501968,34,20,9,23,110,182
739,0.02785976166009929,34,25,8,17,78,90
740,0.008798672515857052,34,22,8,20,101,152
741,0.012169305609459637,34,23,9,20,99,120
742,0.012827139739680277,34,22,8,20,102,168
743,0.009025255206578962,34,23,7,18,68,118
744,0.01424871905425032,34,23,9,20,104,128
745,0.029720089049164226,34,21,8,21,117,210
746,0.01273446924608293,34,18,12,28,131,176
747,0.013503140049890176,34,26,6,14,68,110
748,0.02720958312912731,34,20,10,24,152,236
749,0.012434686406841425,34,21,7,20,73,142
750,0.010041080363322519,34,22,10,22,122,164
751,0.016179674627661372,34,22,10,22,124,184
752,0.01852503326781083,34,23,9,20,97,118
753,0.024774720602135647,34,21,7,20,86,182
754,0.013940163650538372,34,21,8,21,113,196
755,0.011512508766227173,34,24,10,20,116,116
756,0.012418148737529531,34,23,9,20,76,100
757,0.013763766238500237,34,21,9,22,127,242
758,0.022849673407361548,34,24,9,19,118,142
759,0.013868844997472665,34,23,9,20,114,156
760,0.026118502805279532,34,19,11,26,138,210
761,0.021772429554402034,34,22,11,23,116,128
762,0.012450906670801315,34,20,8,22,101,190
763,0.013595085343530714,34,23,9,20,88,112
764,0.014141881873067225,34,21,10,23,117,162
765,0.0210168742441268,34,23,9,20,89,116
766,0.01221969846680369,34,21,9,22,120,186
767,0.027975026532488956,34,20,9,23,114,230
768,0.015341861016044931,34,22,7,19,90,174
769,0.01331378090269137,34,20,11,25,113,140
770,0.014203285769234467,34,23,8,19,108,170
771,0.008556562222130852,34,23,10,21,120,150
772,0.00943469495339331,34,22,10,22,88,120
773,0.012211123078541275,34,23,9,20,94,136
774,0.011265735291946077,34,20,10,24,120,180
775,0.011705046634850336,34,22,8,20,102,174
776,0.012061625740331924,34,23,7,18,84,152
777,0.018272426968341582,34,22,8,20,109,168
778,0.019859261948822392,34,22,9,21,101,152
779,0.013989181600876484,34,22,10,22,91,112
780,0.01607505488622943,34,21,8,21,115,214
781,0.011016088015758027,34,24,9,19,112,136
782,0.010596890171539808,34,20,10,24,103,148
783,0.01810638901784207,34,19,10,25,103,154
784,0.012102051827640278,34,23,8,19,116,182
785,0.01623943042556788,34,16,11,29,173,426
786,0.019869328352837237,34,21,9,22,156,272
787,0.017288635963218297,34,21,7,20,79,164
788,0.009637638328100606,34,24,8,18,80,98
789,0.011026522193311798,34,19,8,23,139,306
790,0.01907815018773032,34,22,11,23,108,120
791,0.011645470543257153,34,17,11,28,157,296
792,0.024294797262229946,34,22,8,20,120,186
793,0.016355558253734845,34,23,8,19,95,140
794,0.016150607379397067,34,21,8,21,85,154
795,0.018758478313508666,34,23,9,20,110,158
796,0.017801233686962244,34,19,12,27,168,204
797,0.01215596866435234,34,21,8,21,120,254
798,0.0259662688018773,34,23,10,21,75,84
799,0.022153945075593623,34,22,9,21,114,168
800,0.01726299807443727,34,21,10,23,103,136
801,0.026635715110845892,34,18,10,26,130,232
802,0.018294086706708547,34,22,9,21,93,140
803,0.016287859204239877,34,23,9,20,83,104
804,0.009938998883535652,34,26,7,15,88,118
805,0.018680030127244944,34,22,9,21,107,146
806,0.015396441031156165,34,23,9,20,118,154
807,0.016026878739802075,34,23,7,18,93,158
808,0.02314247570499272,34,25,8,17,97,112
809,0.011768774523477018,34,27,6,13,55,64
810,0.025999056419379586,34,21,9,22,98,176
811,0.008521329820466546,34,22,8,20,117,236
812,0.019287910529151686,34,24,9,19,100,118
813,0.014826404336983953,34,22,11,23,142,166
814,0.01242515911913641,34,23,9,20,125,164
815,0.010195087189946519,34,21,10,23,120,156
816,0.011391654548324123,34,20,10,24,119,170
817,0.01506438910962691,34,20,9,23,113,182
818,0.013466995032163587,34,22,8,20,82,154
819,0.011694459427385964,34,21,9,22,116,194
820,0.012827139739680277,34,21,11,24,112,130
821,0.023911549226925906,34,21,11,24,93,114
822,0.004226152794575638,34,19,12,27,147,204
823,0.018781297837312718,34,22,8,20,112,176
824,0.01698198028919764,34,22,8,20,121,202
825,0.01580680966360945,34,24,9,19,110,134
826,0.025163006562058526,34,24,6,16,77,122
827,0.01628203733197938,34,24,6,16,100,220
828,0.027630353945527736,34,20,10,24,107,160
829,0.016497056117420396,34,23,8,19,78,114
830,0.012368921636763671,34,25,6,15,68,104
831,0.01176869422554424,34,22,8,20,104,172
832,0.03127886285669548,34,23,8,19,115,154
833,0.02377494552848454,34,22,7,19,75,148
834,0.02749687276084324,34,21,10,23,128,198
835,0.010488232115100735,34,25,9,18,100,100
836,0.0164054509090295,34,22,8,20,71,140
837,0.011980486027824023,34,24,7,17,106,216
838,0.029265564206150497,34,24,8,18,115,178
839,0.012410011626425441,34,20,9,23,100,192
840,0.024965494925873327,34,18,8,24,120,246
841,0.02933096277920038,34,23,8,19,99,156
842,0.015357745431584913,34,20,10,24,118,190
843,0.016441327456145023,34,22,11,23,114,126
844,0.012140092485383065,34,21,9,22,125,188
845,0.02186218890618878,34,20,11,25,105,160
846,0.016071019251746282,34,18,10,26,131,250
847,0.021816300775215923,34,21,10,23,106,154
848,0.017132045535206322,34,26,7,15,67,76
849,0.02856310432815414,34,23,8,19,96,146
850,0.021772429554402034,34,21,9,22,81,138
851,0.011384130557228343,34,23,9,20,76,94
852,0.019582887556841087,34,23,9,20,126,186
853,0.010368701566957648,34,20,11,25,145,214
854,0.022575508747290775,34,21,11,24,141,186
855,0.010245445005326231,34,22,10,22,126,168
856,0.014308371079197826,34,22,10,22,97,124
857,0.029346463520696725,34,23,8,19,91,132
858,0.010101152862183507,34,23,7,18,89,146
859,0.019785410023698477,34,21,9,22,85,160
860,0.017434357644564302,34,23,9,20,104,128
861,0.006420704276248204,34,21,7,20,117,282
862,0.01192849172516608,34,20,9,23,106,178
863,0.010245445005326231,34,24,8,18,94,130
864,0.016184785962315443,34,23,8,19,118,160
865,0.018835202967201002,34,24,9,19,96,108
866,0.01333614874045333,34,21,9,22,144,234
867,0.013472667947894944,34,25,7,16,61,82
868,0.019214152014874784,34,24,8,18,109,130
869,0.013124890595773209,34,22,9,21,130,240
870,0.015507635414099455,34,22,9,21,108,138
871,0.015316846262506158,34,21,12,25,113,128
872,0.008300482528965404,34,24,8,18,71,92
873,0.014198813764128071,34,21,10,23,92,128
874,0.022328722258162154,34,22,9,21,118,178
875,0.018284806837135587,34,22,7,19,90,176
876,0.022248829227233105,34,21,10,23,128,190
877,0.025900076997782195,34,18,7,23,137,354
878,0.017904645345688183,34,21,9,22,93,144
879,0.00811722773609937,34,24,8,18,99,126
880,0.016176982640690424,34,24,10,20,98,98
881,0.011174733128205005,34,21,9,22,98,154
882,0.022112503146396817,34,21,8,21,80,140
883,0.003237608667632917,34,22,9,21,108,152
884,0.020379630659654677,34,22,9,21,94,138
885,0.010304592230775012,34,20,9,23,138,300
886,0.020422838862015895,34,25,7,16,62,86
887,0.01666887245551374,34,24,8,18,100,142
888,0.0299846903441839,34,21,10,23,138,168
889,0.019237558637732924,34,20,9,23,105,186
890,0.029855509243680953,34,22,9,21,126,226
891,0.011111248216274058,34,20,9,23,136,230
892,0.02107426252421027,34,24,7,17,103,200
893,0.020894969193204306,34,20,9,23,104,166
894,0.017648292730206072,34,22,9,21,113,186
895,0.026162683022684013,34,22,8,20,119,194
896,0.011925597395978309,34,23,10,21,106,130
897,0.02334056065817902,34,18,14,30,139,160
898,0.010317887785526864,34,24,7,17,82,142
899,0.013421011748478772,34,24,6,16,80,152
900,0.010397195565620632,34,24,8,18,86,126
901,0.013198606252291259,34,17,11,28,100,166
902,0.023512391314380987,34,25,8,17,76,100
903,0.010245445005326231,34,23,8,19,89,140
904,0.015700477376983876,34,21,9,22,99,144
905,0.01677015731128565,34,20,11,25,97,136
906,0.022250130285395575,34,23,11,22,102,102
907,0.026553162402378094,34,21,11,24,113,134
908,0.010792350917629503,34,23,7,18,99,168
909,0.01985003103002636,34,21,12,25,134,158
910,0.027809716006861857,34,21,7,20,76,172
911,0.020482334875140364,34,23,10,21,85,100
912,0.016230417168636234,34,19,9,24,105,174
913,0.01094794511959267,34,22,10,22,117,144
914,0.015631254036930782,34,18,10,26,99,184
915,0.01615680715979541,34,21,12,25,136,166
916,0.022384238680686952,34,20,11,25,104,134
917,0.012559553661088477,34,22,10,22,119,158
918,0.02223964069427302,34,21,10,23,97,130
919,0.02968796460649073,34,20,9,23,110,186
920,0.010458985075006984,34,24,6,16,68,132
921,0.03209354025777708,34,23,9,20,91,112
922,0.016010325574303954,34,21,10,23,117,156
923,0.019994579972826915,34,21,7,20,90,210
924,0.010351045460618102,34,22,11,23,127,142
925,0.012580697533797022,34,20,10,24,111,156
926,0.01737911586596149,34,20,13,27,169,184
927,0.012580671442578545,34,21,10,23,122,184
928,0.012397024982612019,34,20,8,22,114,242
929,0.016197378966951687,34,23,9,20,115,136
930,0.02611303983594939,34,19,11,26,98,154
931,0.01813248781906591,34,21,9,22,140,230
932,0.03017721579468427,34,20,9,23,96,164
933,0.0133600418518235,34,22,10,22,108,132
934,0.010933712020491065,34,18,10,26,153,282
935,0.01172962387602891,34,23,9,20,86,110
936,0.011211209233046086,34,20,9,23,102,162
937,0.013598975062225658,34,21,10,23,114,190
938,0.014762864591108565,34,20,11,25,141,174
939,0.014323444520114845,34,20,11,25,129,168
940,0.032408027310919726,34,19,12,27,131,188
941,0.014282290512617458,34,23,8,19,88,136
942,0.01948565160483385,34,20,11,25,138,192
943,0.036412935870768395,34,19,10,25,126,202
944,0.024877186498126022,34,21,8,21,131,328
945,0.011807775933487426,34,19,12,27,139,196
946,0.015420608641593878,34,22,8,20,94,130
947,0.012831412919276773,34,22,9,21,115,148
948,0.020822644266126372,34,24,8,18,77,98
949,0.012990589250489619,34,21,9,22,128,194
950,0.016971225437036302,34,20,9,23,107,180
951,0.012882037069223091,34,21,10,23,98,128
952,0.012524584511930503,34,23,9,20,103,142
953,0.014478375888589634,34,22,8,20,72,120
954,0.016082745810837417,34,23,8,19,105,156
955,0.010304592230775012,34,23,8,19,113,152
956,0.025437409632470882,34,22,10,22,116,140
957,0.012279928818338143,34,21,11,24,116,152
958,0.006393021642959351,34,20,7,21,112,250
959,0.013895689866380581,34,22,10,22,108,138
960,0.009227143270064499,34,23,8,19,90,142
961,0.01237507033987647,34,25,6,15,56,100
962,0.02761747692238503,34,24,8,18,83,104
963,0.01376186918617349,34,20,9,23,112,206
964,0.01663436700442413,34,19,9,24,136,238
965,0.016150607379397067,34,25,7,16,81,114
966,0.029414189805578625,34,24,7,17,73,118
967,0.009883729129230794,34,24,9,19,106,130
968,0.030774282816508486,34,21,8,21,103,198
969,0.01501113696050688,34,25,6,15,71,112
970,0.01580274674376419,34,23,10,21,113,146
971,0.021768034534145317,34,20,11,25,127,160
972,0.013371279477006927,34,21,10,23,117,162
973,0.010512601870923274,34,24,7,17,73,112
974,0.011641746975326349,34,21,11,24,83,104
975,0.028374375326588975,34,19,11,26,138,204
976,0.01907815018773032,34,19,7,22,96,246
977,0.01629979158141165,34,25,7,16,61,82
978,0.010998013500403823,34,19,10,25,131,214
979,0.015527540163269116,34,21,8,21,114,186
980,0.02168325259304022,34,21,11,24,115,142
981,0.02270495376503498,34,21,8,21,139,258
982,0.011864825464077716,34,21,10,23,102,138
983,0.02522538633981164,34,21,10,23,132,168
984,0.02374509704213361,34,21,10,23,126,174
985,0.006165359356942575,34,22,8,20,135,226
986,0.011864825464077716,34,19,9,24,146,270
987,0.016920363836639196,34,22,7,19,76,142
988,0.01723224626647933,34,22,8,20,115,192
989,0.005878639618005409,34,22,8,20,100,154
990,0.0053341011477410355,34,22,6,18,64,136
991,0.019531418405079465,34,22,10,22,85,106
992,0.011684252168710385,34,22,10,22,89,110
993,0.018555099464331766,34,20,11,25,110,152
994,0.012180667126123184,34,22,10,22,110,150
995,0.018691732648438167,34,22,9,21,76,136
996,0.014865705041714163,34,22,10,22,106,130
997,0.011127124790744139,34,20,8,22,119,218
998,0.028133837277636905,34,21,7,20,94,228
999,0.032228150991786275,34,21,10,23,125,190
1000,0.015732425312364726,34,24,8,18,106,138
1001,0.02538916714130513,34,23,8,19,78,122
1002,0.00902236027931852,34,20,9,23,113,188
1003,0.0038893433678925914,34,19,11,26,131,222
1004,0.019565331825218912,34,24,8,18,77,98
1005,0.013092278002403673,34,23,9,20,113,134
1006,0.015953864887603288,34,19,9,24,144,354
1007,0.007943938186849575,34,22,9,21,140,182
1008,0.015507635414099455,34,21,7,20,101,200
1009,0.014600387541746057,34,20,10,24,122,184
1010,0.02522538633981164,34,20,10,24,133,202
1011,0.018215235589457035,34,24,9,19,101,110
1012,0.03309384437150173,34,21,9,22,132,204
1013,0.010303872358552974,34,21,8,21,124,210
1014,0.012369891277201603,34,23,8,19,105,156
1015,0.010245445005326231,34,21,8,21,125,252
1016,0.016026878739802075,34,18,10,26,120,198
1017,0.013314934648694363,34,19,8,23,107,264
1018,0.01315667550338756,34,21,9,22,97,148
1019,0.03029524990179891,34,20,10,24,140,198
1020,0.019033466365034515,34,20,9,23,111,208
1021,0.01607505488622943,34,21,9,22,90,132
1022,0.008682519150791039,34,19,10,25,120,206
1023,0.013584532810573285,34,22,11,23,120,132
1024,0.02382528690220974,34,19,9,24,110,184
1025,0.00937453517604682,34,22,8,20,95,158
1026,0.013127955888938704,34,21,9,22,118,238
1027,0.013551515023520339,34,24,8,18,99,126
1028,0.011864825464077716,34,23,9,20,85,118
1029,0.03288861862703743,34,18,9,25,122,242
1030,0.020418280888224248,34,26,6,14,93,144
1031,0.01335442045547889,34,22,10,22,125,164
1032,0.00998830581730474,34,25,9,18,94,94
1033,0.019136771511495357,34,23,8,19,123,192
1034,0.010596810637742024,34,21,10,23,134,210
1035,0.010508422190868422,34,21,10,23,108,184
1036,0.02748717167604796,34,24,8,18,106,130
1037,0.021463101544818113,34,19,12,27,147,198
1038,0.024430733381673654,34,22,10,22,106,138
1039,0.015940974104778047,34,20,9,23,114,168
1040,0.022153945075593623,34,23,10,21,132,156
1041,0.015379182568630162,34,22,7,19,86,170
1042,0.02713537886167431,34,20,9,23,123,212
1043,0.011833157238957615,34,21,13,26,118,118
1044,0.02926354386219861,34,19,11,26,131,184
1045,0.016684988889712968,34,23,10,21,100,124
1046,0.010592655104266505,34,19,11,26,109,154
1047,0.015357745431584913,34,21,8,21,103,176
1048,0.015501808998638861,34,17,9,26,162,374
1049,0.01775754168887685,34,21,10,23,111,144
1050,0.01821726627410977,34,23,7,18,87,150
1051,0.02057564059008713,34,24,8,18,87,114
1052,0.02117871593750898,34,24,7,17,84,128
1053,0.013728639237133612,34,20,7,21,99,212
1054,0.012844869702929362,34,21,9,22,88,142
1055,0.01733485759547414,34,21,7,20,125,320
1056,0.013488224501743959,34,22,11,23,111,120
1057,0.0050267135036448155,34,18,12,28,125,182
1058,0.011661824019038099,34,22,8,20,113,170
1059,0.021256529450317238,34,21,9,22,111,186
1060,0.0198140815724923,34,18,13,29,142,196
1061,0.010245445005326231,34,22,8,20,112,194
1062,0.02753895882335044,34,21,9,22,124,196
1063,0.012746923095182348,34,21,10,23,96,126
1064,0.009639534232597086,34,20,9,23,134,230
1065,0.025417157110724578,34,18,8,24,97,202
1066,0.017627720280619544,34,21,9,22,108,174
1067,0.01978076265349677,34,24,7,17,98,168
1068,0.011624213809244763,34,22,9,21,119,158
1069,0.014512112772821231,34,22,9,21,125,176
1070,0.016243258390721473,34,22,9,21,108,150
1071,0.01219120706247534,34,21,11,24,114,138
1072,0.021760845610203514,34,22,10,22,98,122
1073,0.013568376576827485,34,22,9,21,113,186
1074,0.00373294724958205,34,19,11,26,135,214
1075,0.010479045318107085,34,22,10,22,130,218
1076,0.01817021963906315,34,25,8,17,85,94
1077,0.01215596866435234,34,20,9,23,127,256
1078,0.008414862607484572,34,21,9,22,121,172
1079,0.026365145242571768,34,21,9,22,100,142
1080,0.013379797779644969,34,21,7,20,121,308
1081,0.011088524812567824,34,20,10,24,119,188
1082,0.02522538633981164,34,23,8,19,120,174
1083,0.028483878322312313,34,22,9,21,118,190
1084,0.014949563722130077,34,25,8,17,93,108
1085,0.023553560834888524,34,23,6,17,72,138
1086,0.017362131695841707,34,19,10,25,137,338
1087,0.020822644266126372,34,24,8,18,92,116
1088,0.018229744745692472,34,20,10,24,138,204
1089,0.009039761192105328,34,21,7,20,67,160
1090,0.015716220459077068,34,21,9,22,118,192
1091,0.01851575452145452,34,23,8,19,99,156
1092,0.009068869396346935,34,21,9,22,95,140
1093,0.02436076681716525,34,24,6,16,93,202
1094,0.01400904910822131,34,22,11,23,116,140
1095,0.009809990090686532,34,24,6,16,79,130
1096,0.00983199076550307,34,24,6,16,74,134
1097,0.012998120336903105,34,22,10,22,101,122
1098,0.025999056419379586,34,21,10,23,119,160
1099,0.025690842610100587,34,22,10,22,110,142
1100,0.01766549141799989,34,22,6,18,115,274
1101,0.015470895808995189,34,20,11,25,120,164
1102,0.014067062940687956,34,24,10,20,82,82
1103,0.014839793876510604,34,20,10,24,127,190
1104,0.013198606252291259,34,19,10,25,138,232
1105,0.022327367357499364,34,19,11,26,131,206
1106,0.014617255936875198,34,23,10,21,93,108
1107,0.01342806985671871,34,18,12,28,157,214
1108,0.011299509063653713,34,24,8,18,103,142
1109,0.022153945075593623,34,21,8,21,105,200
1110,0.009765365651721217,34,19,8,23,116,228
1111,0.010304592230775012,34,19,10,25,115,178
1112,0.013295645934379437,34,23,10,21,99,108
1113,0.008074296371766744,34,22,8,20,125,176
1114,0.015865470645469764,34,22,7,19,120,230
1115,0.021840801529918425,34,21,9,22,137,214
1116,0.014323444520114845,34,25,8,17,79,94
1117,0.013789095058232836,34,21,11,24,110,134
1118,0.013496114945749722,34,22,8,20,80,128
1119,0.011874023995715619,34,22,9,21,128,220
1120,0.016809791415659817,34,19,11,26,98,140
1121,0.01775625151651898,34,21,8,21,124,238
1122,0.011504970313189852,34,23,9,20,94,118
1123,0.01988776388670972,34,24,9,19,85,100
1124,0.016355558253734845,34,23,9,20,94,124
1125,0.01453252625719181,34,25,7,16,78,102
1126,0.021169906474247012,34,19,9,24,152,350
1127,0.013041150503462606,34,24,9,19,96,108
1128,0.010462631448695844,34,22,8,20,104,158
1129,0.015767257076950758,34,23,9,20,99,120
1130,0.014494101724131528,34,23,9,20,84,108
1131,0.007238875396280573,34,21,12,25,115,130
1132,0.015319545192554563,34,21,10,23,101,140
1133,0.023061807704184617,34,22,8,20,80,128
1134,0.012906359012313014,34,21,11,24,118,158
1135,0.0084258703722212,34,22,8,20,108,186
1136,0.017563784526463715,34,23,10,21,109,124
1137,0.03201476411899136,34,24,10,20,90,90
1138,0.012867718984778814,34,22,8,20,101,208
1139,0.014460216819565067,34,20,7,21,108,264
1140,0.02001965068823372,34,21,8,21,150,388
1141,0.012180744462669361,34,21,10,23,113,202
1142,0.012479440826170488,34,20,9,23,102,178
1143,0.01950423813129846,34,22,7,19,103,188
1144,0.013120023481411877,34,23,8,19,87,160
1145,0.012340903332418302,34,22,10,22,120,162
1146,0.020999712617746455,34,23,9,20,90,114
1147,0.02223964069427302,34,22,10,22,98,130
1148,0.010596890171539808,34,19,9,24,107,194
1149,0.015628055404531042,34,23,9,20,101,122
1150,0.01792344484331357,34,21,9,22,90,138
1151,0.01750716065221583,34,20,11,25,134,194
1152,0.012885486490133553,34,24,8,18,88,106
1153,0.02453184857583357,34,20,9,23,104,170
1154,0.01074185778511889,34,23,9,20,89,110
1155,0.016223821432655758,34,23,10,21,130,142
1156,0.01096539458568871,34,22,8,20,127,196
1157,0.019031444277539868,34,21,10,23,159,232
1158,0.008979386466320738,34,23,8,19,88,124
1159,0.02475138329029105,34,25,8,17,73,82
1160,0.01213229678767563,34,23,7,18,95,158
1161,0.013053956217554733,34,22,10,22,109,130
1162,0.026162683022684013,34,20,9,23,138,276
1163,0.020579771537191052,34,23,8,19,104,146
1164,0.03479239139086382,34,19,9,24,101,184
1165,0.019394073244967773,34,20,11,25,125,166
1166,0.017168995706193776,34,18,9,25,118,222
1167,0.013363632102493889,34,22,10,22,135,168
1168,0.013608352720369758,34,22,12,24,120,120
1169,0.01839997094974021,34,18,12,28,120,184
1170,0.013323449954785072,34,19,10,25,129,192
1171,0.01666703774305447,34,22,9,21,94,130
1172,0.020822644266126372,34,20,10,24,132,244
1173,0.025019581615060148,34,22,11,23,98,110
1174,0.0217955540000926,34,24,7,17,97,136
1175,0.012471508019197386,34,21,10,23,116,152
1176,0.016173514708097907,34,22,8,20,144,234
1177,0.012133250364198305,34,25,7,16,70,88
1178,0.035598204791344235,34,18,10,26,147,280
1179,0.012169971056163104,34,19,11,26,160,250
1180,0.0317761662824778,34,21,9,22,104,164
1181,0.01719780467931268,34,23,9,20,85,112
1182,0.01711116309947973,34,20,10,24,126,190
1183,0.009970594034287284,34,20,10,24,140,222
1184,0.014890768302144593,34,24,9,19,91,106
1185,0.01383716990978778,34,21,11,24,146,178
1186,0.02014631652156101,34,22,7,19,118,230
1187,0.011208987654018045,34,20,8,22,127,226
1188,0.030059775501946877,34,23,10,21,100,112
1189,0.010898656634594332,34,23,8,19,113,164
1190,0.013992117094737112,34,23,10,21,126,156
1191,0.012183973447973867,34,24,9,19,107,116
1192,0.02228960817839183,34,21,11,24,134,176
1193,0.014153987152429728,34,20,11,25,133,190
1194,0.01767398238202245,34,20,8,22,89,182
1195,0.01755155342295738,34,19,9,24,113,212
1196,0.02097206704389542,34,21,9,22,157,346
1197,0.011114329730810224,34,20,10,24,110,152
1198,0.015353328345032169,34,24,9,19,97,106
1199,0.022906775378091784,34,20,10,24,107,160
1200,0.01253664985631947,34,23,10,21,111,126
1201,0.01305619041334457,34,20,9,23,122,206
1202,0.012614246379008837,34,26,8,16,76,76
1203,0.00937453517604682,34,20,8,22,102,202
1204,0.026969023342470155,34,24,7,17,86,148
1205,0.014621718758548792,34,22,10,22,124,172
1206,0.01388437197042696,34,24,9,19,92,122
1207,0.026853911489022643,34,24,7,17,99,144
1208,0.01814516353637525,34,21,10,23,100,160
1209,0.01387725010788119,34,24,8,18,84,102
1210,0.020116721955963028,34,19,11,26,140,260
1211,0.013231256209376582,34,21,10,23,134,188
1212,0.016374844408685765,34,25,8,17,69,78
1213,0.01852316701881972,34,21,10,23,108,144
1214,0.026198676880588564,34,17,13,30,161,206
1215,0.011520995312105736,34,22,8,20,116,188
1216,0.014436059533663156,34,21,8,21,115,208
1217,0.0331550740248436,34,24,6,16,61,118
1218,0.02081510731868333,34,21,10,23,139,196
1219,0.024866020152129575,34,23,11,22,122,122
1220,0.01215911111182466,34,21,9,22,83,140
1221,0.0115890719080417,34,22,11,23,130,154
1222,0.015353328345032169,34,21,8,21,75,134
1223,0.019192273293483185,34,24,10,20,80,80
1224,0.014089249583004844,34,23,9,20,123,162
1225,0.02623827055882748,34,20,12,26,118,142
1226,0.0284358510341498,34,22,7,19,104,236
1227,0.018168686240233375,34,21,10,23,124,178
1228,0.014611338285645155,34,25,8,17,94,106
1229,0.01238021225340825,34,19,12,27,144,174
1230,0.009565131520645712,34,25,7,16,86,110
1231,0.014732001287163964,34,18,10,26,132,250
1232,0.010535917475565964,34,20,6,20,99,242
1233,0.014194641120602064,34,24,9,19,108,132
1234,0.014580958605267046,34,24,8,18,94,118
1235,0.012616874984693532,34,22,10,22,86,110
1236,0.012838045945319732,34,24,8,18,77,98
1237,0.013180463043731994,34,21,7,20,109,258
1238,0.01898573547543688,34,21,9,22,83,134
1239,0.01350949039878633,34,19,10,25,127,210
1240,0.015937898634227374,34,24,8,18,99,120
1241,0.01143144548534102,34,20,11,25,133,184
1242,0.023028519978049194,34,18,12,28,121,174
1243,0.01029725121608006,34,21,9,22,116,176
1244,0.027016168212252265,34,26,7,15,77,110
1245,0.0084258703722212,34,19,9,24,148,330
1246,0.016420423681931633,34,21,9,22,100,148
1247,0.009852158361885029,34,21,10,23,125,164
1248,0.012943514889309025,34,25,7,16,76,116
1249,0.020680857760464293,34,24,9,19,89,104
1250,0.028994710570435702,34,23,8,19,83,116
1251,0.018115628320318253,34,23,9,20,87,120
1252,0.009219753200323269,34,24,6,16,103,222
1253,0.01987085250061516,34,19,8,23,98,248
1254,0.018959368085427523,34,20,11,25,127,172
1255,0.03244819332471905,34,20,9,23,110,176
1256,0.010245445005326231,34,19,9,24,105,188
1257,0.013293551153871257,34,18,11,27,184,330
1258,0.011257326261017192,34,20,10,24,116,198
1259,0.011473427558133693,34,23,8,19,113,202
1260,0.013770818867936515,34,22,10,22,92,124
1261,0.007799583233325448,34,19,9,24,151,340
1262,0.012247377245237175,34,21,8,21,73,130
1263,0.019357956135121944,34,20,11,25,158,236
1264,0.011998547403901494,34,20,10,24,119,172
1265,0.014269104237658453,34,23,7,18,81,126
1266,0.00995450941788973,34,22,8,20,120,186
1267,0.013056698116622537,34,23,9,20,114,156
1268,0.019448576134383472,34,21,8,21,121,248
1269,0.022285446247138553,34,22,9,21,108,156
1270,0.01009416752956092,34,21,9,22,120,192
1271,0.015379182568630162,34,19,11,26,170,260
1272,0.008960405734127125,34,22,7,19,115,214
1273,0.013488508223210474,34,23,6,17,77,174
1274,0.030005292540823833,34,18,10,26,152,266
1275,0.02096542905148835,34,22,11,23,98,110
1276,0.015485996559603189,34,23,8,19,124,178
1277,0.008414862607484572,34,22,8,20,115,172
1278,0.010376543884698976,34,23,11,22,112,112
1279,0.024654420149055264,34,20,10,24,97,150
1280,0.010148739180270854,34,20,10,24,131,260
1281,0.013629214020679674,34,19,10,25,128,206
1282,0.029000877370041117,34,22,10,22,99,120
1283,0.01739540087006816,34,19,10,25,113,188
1284,0.018366343064219554,34,22,11,23,110,122
1285,0.018583300767224864,34,22,7,19,105,230
1286,0.017307588223209294,34,21,7,20,102,238
1287,0.018384667750183603,34,25,8,17,80,92
1288,0.015265165287576266,34,20,9,23,89,140
1289,0.012927863195318835,34,24,8,18,81,114
1290,0.010573806135659655,34,22,9,21,105,162
1291,0.01786335881833189,34,19,11,26,145,226
1292,0.012838045945319732,34,24,7,17,102,206
1293,0.01860485828820546,34,21,9,22,115,202
1294,0.012045816751510244,34,22,9,21,129,174
1295,0.01704539999223477,34,22,8,20,80,122
1296,0.00947727528459856,34,22,9,21,126,188
1297,0.022153945075593623,34,25,8,17,113,146
1298,0.010245445005326231,34,20,9,23,116,210
1299,0.011088787489810334,34,22,9,21,103,142
1300,0.009305047328194791,34,22,10,22,120,144
1301,0.030441078601590267,34,21,10,23,124,168
1302,0.0205243780696776,34,21,11,24,108,132
1303,0.010541058547368469,34,20,9,23,150,268
1304,0.015750833240050787,34,23,9,20,102,120
1305,0.013608350010204467,34,25,6,15,50,80
1306,0.012800386980150444,34,21,10,23,88,132
1307,0.019622274340801577,34,21,8,21,116,252
1308,0.023796828140009094,34,24,9,19,92,104
1309,0.006798714664129395,34,25,6,15,65,120
1310,0.020753350209457285,34,19,11,26,118,190
1311,0.015461762299012242,34,21,11,24,99,120
1312,0.023572676664787844,34,23,9,20,117,150
1313,0.011982585368031935,34,22,9,21,113,152
1314,0.013951891670611519,34,23,9,20,105,126
1315,0.008825479500089613,34,20,10,24,106,166
1316,0.020884624444136503,34,20,10,24,134,218
1317,0.020124083462928745,34,20,10,24,112,178
1318,0.012466192592423823,34,23,10,21,100,112
1319,0.023871320390412523,34,21,7,20,81,158
1320,0.015474816069649209,34,21,9,22,122,204
1321,0.014323444520114845,34,18,11,27,119,184
1322,0.0106714043976441,34,23,7,18,122,246
1323,0.01885423865893231,34,20,9,23,142,276
1324,0.012577330873756492,34,23,9,20,89,110
1325,0.011126778940790984,34,24,8,18,75,108
1326,0.0126600529981571,34,21,11,24,120,138
1327,0.01326655181506646,34,21,10,23,130,166
1328,0.01722861925097935,34,21,8,21,118,214
1329,0.00998680434082326,34,24,7,17,83,110
1330,0.019495440655648497,34,27,6,13,87,102
1331,0.025649432925130125,34,25,6,15,67,100
1332,0.014762864591108565,34,23,8,19,96,140
1333,0.013238273179296066,34,23,8,19,122,194
1334,0.01278509711381702,34,26,7,15,71,86
1335,0.013084871996863569,34,21,10,23,113,152
1336,0.010102068702410968,34,20,9,23,112,196
1337,0.014214168110087771,34,24,7,17,84,138
1338,0.006649540444356179,34,20,11,25,124,172
1339,0.010900460845294488,34,22,8,20,105,168
1340,0.020805438320114937,34,23,9,20,84,108
1341,0.013107244780909882,34,21,8,21,83,154
1342,0.011690434250564315,34,24,10,20,124,124
1343,0.01774227436487685,34,22,8,20,89,140
1344,0.012340518928170813,34,25,6,15,77,124
1345,0.015733206458892146,34,21,7,20,109,214
1346,0.023246912260575472,34,22,8,20,124,220
1347,0.01126748855337666,34,21,9,22,138,228
1348,0.030795736790174305,34,21,10,23,91,124
1349,0.00937453517604682,34,23,10,21,118,130
1350,0.013529713908393387,34,19,8,23,105,204
1351,0.013018326098805488,34,23,8,19,87,126
1352,0.007659016159296955,34,23,8,19,107,158
1353,0.01684189317765731,34,21,10,23,120,186
1354,0.01290157009829759,34,24,9,19,69,78
1355,0.02965392458443655,34,22,11,23,136,148
1356,0.02602875627034997,34,22,10,22,116,204
1357,0.01056446859780373,34,21,10,23,101,140
1358,0.025016662454943803,34,23,8,19,98,158
1359,0.013883236779433317,34,25,7,16,79,100
1360,0.017462857424314804,34,20,9,23,122,188
1361,0.02629393559551288,34,20,9,23,110,188
1362,0.013198606252291259,34,22,10,22,82,112
1363,0.010792061016369318,34,24,9,19,109,124
1364,0.011185827995913708,34,20,11,25,100,130
1365,0.008166163561337404,34,24,7,17,72,102
1366,0.020263300971703,34,23,7,18,83,140
1367,0.01342806985671871,34,20,8,22,100,178
1368,0.015219301922432364,34,23,9,20,89,116
1369,0.022892653089056553,34,21,10,23,94,130
1370,0.022112503146396817,34,22,10,22,91,112
1371,0.009019167004265582,34,24,8,18,96,120
1372,0.010035754106190356,34,22,9,21,133,228
1373,0.01470196530243087,34,24,9,19,107,116
1374,0.009712993300765305,34,22,9,21,97,144
1375,0.026832126200888307,34,20,10,24,118,190
1376,0.007884738336876362,34,20,11,25,133,180
1377,0.010001072405283244,34,21,8,21,100,192
1378,0.013608350010204467,34,24,8,18,90,114
1379,0.02257146669485513,34,22,9,21,100,160
1380,0.012591597590456936,34,24,7,17,70,100
1381,0.01662123945442919,34,21,9,22,100,148
1382,0.012693252767705835,34,21,10,23,148,212
1383,0.015856667394960305,34,22,10,22,144,192
1384,0.010345432476935056,34,20,10,24,86,128
1385,0.021661633266009617,34,20,9,23,112,184
1386,0.01072926965132235,34,23,9,20,99,144
1387,0.012969983892701972,34,23,8,19,93,120
1388,0.016255491617176356,34,20,10,24,113,174
1389,0.010627609634519669,34,23,8,19,84,120
1390,0.010065077603312319,34,19,10,25,118,202
1391,0.013742633833460853,34,23,9,20,119,158
1392,0.016451806354819777,34,23,9,20,124,166
1393,0.018251627667434506,34,19,10,25,128,244
1394,0.03209508410326058,34,18,10,26,114,210
1395,0.01304256972432095,34,21,10,23,127,174
1396,0.006903169711109339,34,19,11,26,131,188
1397,0.014323444520114845,34,20,10,24,134,216
1398,0.010244432453428522,34,25,5,14,61,128
1399,0.029826434626880814,34,23,10,21,124,142
1400,0.013557923888049803,34,23,8,19,73,106
1401,0.026152139560001147,34,19,12,27,108,144
1402,0.01481775896934603,34,20,9,23,126,250
1403,0.0274080849571983,34,25,9,18,110,110
1404,0.025690842610100587,34,19,11,26,130,186
1405,0.013713194463522382,34,22,8,20,119,188
1406,0.010177770655052435,34,18,12,28,149,206
1407,0.03042150081789497,34,20,11,25,100,136
1408,0.008581501756727727,34,18,9,25,91,180
1409,0.02319238310888556,34,21,11,24,128,152
1410,0.01944148458846479,34,21,7,20,99,260
1411,0.012827139739680277,34,24,9,19,115,148
1412,0.009784125939903195,34,23,9,20,112,160
1413,0.025348879895728454,34,22,10,22,101,122
1414,0.0173756048661906,34,20,9,23,126,204
1415,0.01885038310781806,34,21,9,22,101,146
1416,0.010627609634519669,34,18,9,25,104,248
1417,0.01273446924608293,34,19,9,24,145,294
1418,0.012999952639751882,34,20,11,25,110,146
1419,0.013978212202308118,34,20,10,24,125,188
1420,0.013844727984166978,34,21,11,24,140,164
1421,0.030520648212460658,34,20,11,25,123,156
1422,0.030795736790174305,34,20,10,24,116,164
1423,0.02615629888038952,34,25,9,18,84,84
1424,0.01383471136777217,34,21,9,22,125,206
1425,0.0336386554221155,34,24,9,19,104,116
1426,0.011833157238957615,34,19,8,23,111,210
1427,0.01700366914023876,34,20,8,22,98,190
1428,0.013566116954863015,34,20,7,21,143,312
1429,0.016304269028442245,34,22,9,21,114,176
1430,0.012054673093658846,34,24,6,16,87,152
1431,0.013445993074960388,34,24,9,19,101,116
1432,0.010636506836053078,34,22,10,22,77,98
1433,0.024211327731997745,34,20,10,24,152,242
1434,0.015854287579146403,34,21,10,23,103,150
1435,0.014668945575981591,34,22,11,23,100,112
1436,0.012991467948240906,34,23,8,19,107,196
1437,0.01192849172516608,34,19,10,25,123,198
1438,0.02231163384509986,34,19,13,28,144,192
1439,0.013635184963899413,34,22,10,22,108,140
1440,0.014797079673642723,34,20,11,25,181,346
1441,0.018393357506400088,34,18,9,25,113,244
1442,0.016962098010884875,34,21,10,23,95,122
1443,0.01789518920336522,34,22,8,20,79,124
1444,0.016558695090001185,34,20,11,25,95,144
1445,0.03159938918675073,34,19,9,24,98,184
1446,0.02368966570770263,34,22,9,21,104,140
1447,0.029800022726494506,34,20,9,23,110,182
1448,0.006345907228870018,34,17,12,29,146,254
1449,0.024448016061444155,34,23,8,19,68,98
1450,0.020411037304693742,34,24,8,18,92,134
1451,0.011842514892469753,34,19,8,23,135,266
1452,0.017576813790009707,34,22,9,21,107,146
1453,0.015517093585312294,34,22,8,20,105,174
1454,0.01867648317577926,34,25,7,16,82,130
1455,0.025168709908529957,34,21,9,22,86,142
1456,0.01683693623570337,34,22,10,22,105,126
1457,0.009695876217041533,34,19,11,26,115,180
1458,0.021980042239638932,34,21,10,23,138,200
1459,0.013268551111852,34,23,9,20,106,170
1460,0.011055469340175421,34,23,6,17,61,130
1461,0.022617021680741423,34,21,10,23,103,142
1462,0.020265847799717053,34,19,10,25,154,364
1463,0.009996428550667732,34,20,10,24,128,188
1464,0.012665177342761604,34,20,10,24,90,146
1465,0.010181247059471377,34,23,9,20,96,114
1466,0.020257242228710795,34,20,9,23,100,184
1467,0.011258233038658153,34,21,8,21,113,206
1468,0.032228150991786275,34,21,9,22,129,198
1469,0.030984179898894952,34,24,8,18,77,98
1470,0.009957468167775055,34,20,9,23,142,238
1471,0.012002773505498634,34,24,9,19,95,110
1472,0.011186281384734188,34,24,9,19,100,124
1473,0.00980133866883487,34,23,10,21,136,166
1474,0.028338170169650817,34,22,9,21,107,158
1475,0.01913371609148278,34,20,8,22,89,186
1476,0.006420704276248204,34,18,9,25,114,224
1477,0.009656079851358912,34,17,11,28,147,290
1478,0.01719581314799971,34,21,10,23,107,140
1479,0.010826389291837477,34,20,9,23,141,346
1480,0.006934903983076293,34,22,10,22,114,154
1481,0.025906022140839785,34,23,9,20,88,118
1482,0.01831960908684039,34,20,10,24,109,166
1483,0.011882151745981298,34,22,8,20,121,174
1484,0.012287452130003283,34,22,10,22,121,148
1485,0.00524522273898842,34,24,7,17,85,132
1486,0.016266973176649175,34,23,8,19,101,140
1487,0.011947243255352399,34,21,8,21,96,172
1488,0.02689617179328199,34,20,10,24,154,258
1489,0.02110364922439969,34,22,10,22,106,130
1490,0.01834048085893803,34,23,9,20,112,136
1491,0.0259734659820548,34,23,9,20,105,126
1492,0.015218920609872913,34,21,9,22,114,182
1493,0.02314559565638748,34,23,8,19,108,168
1494,0.005836509817987667,34,20,9,23,89,152
1495,0.02681732336775313,34,22,8,20,134,296
1496,0.01729967845847398,34,18,10,26,109,178
1497,0.02088114892629187,34,22,10,22,100,132
1498,0.00937453517604682,34,23,9,20,129,168
1499,0.015455638769834731,34,23,10,21,115,130
1500,0.016752368642325547,34,23,9,20,88,124
1501,0.017643951009382285,34,23,10,21,104,134
1502,0.01357945581263744,34,22,10,22,120,150
1503,0.024185414477345485,34,19,11,26,129,174
1504,0.031173445862789147,34,22,10,22,121,148
1505,0.008407549934893739,34,19,8,23,139,304
1506,0.009897368498666365,34,22,8,20,110,242
1507,0.013194996835092856,34,23,8,19,69,96
1508,0.028258225544300408,34,22,8,20,102,168
1509,0.01589764892094759,34,25,9,18,86,86
1510,0.012719987825466954,34,20,11,25,130,180
1511,0.030162169439405126,34,21,8,21,139,346
1512,0.030107483303647865,34,18,12,28,106,148
1513,0.014604533936830158,34,19,9,24,119,226
1514,0.012106404771055138,34,21,8,21,104,204
1515,0.01084286251876989,34,19,12,27,140,176
1516,0.02011491115562008,34,24,9,19,117,150
1517,0.0170602104434975,34,27,7,14,62,62
1518,0.02583286026123325,34,22,9,21,73,106
1519,0.015253154486115732,34,24,8,18,117,162
1520,0.014248350240007257,34,22,7,19,105,224
1521,0.020835709714935927,34,22,9,21,96,132
1522,0.011185827995913708,34,22,9,21,114,156
1523,0.02643156959516417,34,24,7,17,99,172
1524,0.014323444520114845,34,19,9,24,102,174
1525,0.016871514768617875,34,23,9,20,84,120
1526,0.014837035561206198,34,21,11,24,129,150
1527,0.022749036641935214,34,22,10,22,102,144
1528,0.011718729288579682,34,21,8,21,83,156
1529,0.015572630950824132,34,23,8,19,117,206
1530,0.009943187239902635,34,23,9,20,102,166
1531,0.018649123730858454,34,23,8,19,103,142
1532,0.012688482334669089,34,23,8,19,107,158
1533,0.018731270667634522,34,21,11,24,113,140
1534,0.013149975161241657,34,22,8,20,93,144
1535,0.009150031408103092,34,24,7,17,95,168
1536,0.014608557522041293,34,22,7,19,85,144
1537,0.030522479221451917,34,21,7,20,110,220
1538,0.012683547913461067,34,22,10,22,137,182
1539,0.01312089257962554,34,23,8,19,78,130
1540,0.02581015419162864,34,21,8,21,113,170
1541,0.0047536123734918286,34,22,8,20,91,150
1542,0.012965215802108021,34,22,11,23,132,162
1543,0.016031056782221054,34,22,10,22,107,140
1544,0.02033788540937232,34,23,9,20,108,172
1545,0.014461190046186602,34,21,7,20,148,316
1546,0.01691010862280596,34,19,9,24,123,240
1547,0.007155279700386957,34,18,12,28,136,204
1548,0.021784219368095416,34,22,11,23,115,124
1549,0.013057803824519355,34,21,10,23,132,224
1550,0.013697388940983116,34,25,7,16,87,114
1551,0.011803929668842101,34,23,9,20,86,110
1552,0.025892268474960754,34,23,11,22,136,136
1553,0.012553365947004718,34,21,11,24,146,170
1554,0.033115223668116464,34,20,10,24,140,222
1555,0.0258267845821683,34,22,10,22,105,126
1556,0.014754174666020144,34,22,9,21,115,170
1557,0.02267380263116879,34,23,8,19,110,220
1558,0.013470106121613385,34,22,8,20,94,142
1559,0.01850162406239008,34,22,8,20,121,230
1560,0.012283103463571171,34,21,10,23,157,220
1561,0.012980859418319713,34,20,7,21,74,182
1562,0.023984268099490252,34,23,8,19,108,158
1563,0.01081127026137512,34,25,8,17,71,80
1564,0.02593066285325641,34,21,9,22,95,152
1565,0.018509280806696234,34,21,9,22,97,162
1566,0.03062084619863341,34,19,10,25,138,240
1567,0.024476327980877705,34,23,8,19,103,154
1568,0.010392365382697388,34,20,9,23,136,232
1569,0.024527668055870283,34,22,9,21,121,178
1570,0.0157249401021729,34,23,10,21,119,134
1571,0.017552514463766197,34,22,7,19,75,132
1572,0.01263216148002165,34,20,11,25,113,146
1573,0.007077388741016669,34,22,7,19,134,246
1574,0.01826767410456555,34,22,10,22,96,120
1575,0.026151341264764698,34,24,8,18,70,94
1576,0.029094114325384095,34,24,8,18,101,140
1577,0.02595672063213263,34,20,9,23,119,192
1578,0.020792184078571963,34,24,6,16,62,116
1579,0.014787904146709923,34,19,11,26,127,178
1580,0.019266910408437643,34,26,6,14,77,122
1581,0.010216696205544905,34,22,9,21,108,152
1582,0.010975648626713384,34,21,10,23,118,160
1583,0.017295071503214174,34,20,10,24,96,146
1584,0.01856722377388703,34,21,9,22,106,164
1585,0.010607253127071808,34,22,9,21,126,180
1586,0.008733105474017205,34,22,9,21,97,146
1587,0.015327756293910352,34,21,10,23,127,178
1588,0.027429068129236372,34,22,8,20,113,182
1589,0.01179797370035382,34,22,10,22,127,154
1590,0.018062423382427528,34,24,8,18,67,88
1591,0.018340109512278352,34,21,10,23,136,198
1592,0.01799982598676869,34,21,9,22,127,204
1593,0.03014482623251944,34,19,12,27,149,212
1594,0.0251747002768265,34,24,9,19,94,112
1595,0.01387717118786462,34,21,10,23,135,210
1596,0.015423850656395253,34,21,8,21,146,326
1597,0.01928837465646831,34,22,10,22,107,128
1598,0.02622978618176649,34,23,9,20,102,182
1599,0.03284471046764123,34,20,10,24,117,188
1600,0.011760275400049716,34,23,9,20,111,138
1601,0.004355842136198846,34,22,10,22,128,188
1602,0.01227814145388291,34,22,10,22,120,156
1603,0.013402296137605046,34,23,8,19,76,106
1604,0.033641898337079125,34,20,9,23,88,196
1605,0.02476522116431845,34,20,10,24,107,158
1606,0.02296969633094742,34,23,10,21,93,108
1607,0.011050315885022817,34,23,8,19,89,128
1608,0.0125158695434404,34,20,9,23,97,162
1609,0.020975987657862745,34,27,7,14,82,82
1610,0.012172530302709858,34,23,9,20,114,132
1611,0.017926697687320386,34,23,8,19,84,128
1612,0.017218746160013187,34,21,10,23,93,134
1613,0.030924587269089282,34,21,9,22,119,182
1614,0.01249142407702496,34,22,9,21,107,152
1615,0.013447013711566959,34,23,11,22,148,148
1616,0.011114329730810224,34,24,6,16,74,134
1617,0.027170705182800514,34,19,10,25,105,204
1618,0.011043975418430274,34,21,9,22,87,148
1619,0.01342806985671871,34,23,6,17,97,180
1620,0.008906250871429294,34,20,9,23,106,178
1621,0.022335599758303515,34,24,9,19,100,112
1622,0.00873938118067737,34,23,9,20,102,144
1623,0.011716260837022416,34,19,10,25,123,204
1624,0.016143002385864413,34,21,10,23,89,128
1625,0.014248350240007257,34,23,8,19,97,148
1626,0.013773679693086589,34,24,8,18,111,150
1627,0.00937453517604682,34,23,9,20,110,142
1628,0.009713709918130302,34,22,8,20,101,166
1629,0.02694881480826233,34,23,8,19,113,164
1630,0.013313076715821964,34,22,8,20,95,146
1631,0.010144719443491816,34,21,8,21,119,200
1632,0.01342806985671871,34,19,9,24,114,204
1633,0.02211954107588346,34,22,9,21,116,160
1634,0.0110134794198877,34,20,8,22,108,204
1635,0.013937479771817592,34,21,9,22,118,208
1636,0.019943997835271163,34,22,9,21,108,138
1637,0.013090034465852059,34,21,10,23,118,154
1638,0.006412601109918675,34,19,10,25,95,164
1639,0.01676818465761334,34,22,10,22,142,184
1640,0.034507704615695835,34,21,10,23,112,142
1641,0.013405546043621507,34,20,11,25,121,172
1642,0.01514920732661651,34,20,12,26,153,198
1643,0.012921481972753251,34,24,7,17,85,132
1644,0.023498907947106837,34,24,8,18,79,100
1645,0.023758819357023554,34,22,8,20,97,154
1646,0.01773009968106961,34,23,10,21,134,164
1647,0.013943463912267993,34,20,9,23,121,208
1648,0.013941066917185496,34,25,8,17,64,76
1649,0.022877714222963422,34,24,7,17,85,126
1650,0.015065353937496917,34,20,10,24,97,158
1651,0.03298365817222438,34,22,9,21,113,170
1652,0.013220857380499454,34,22,10,22,118,166
1653,0.011834343391810578,34,22,9,21,103,142
1654,0.01573656453252195,34,20,7,21,133,310
1655,0.010860473016051649,34,21,7,20,97,198
1656,0.027106687906601788,34,21,10,23,90,134
1657,0.020668120138745583,34,20,8,22,104,212
1658,0.015313633140774066,34,20,10,24,116,182
1659,0.012240303112939294,34,23,9,20,82,100
1660,0.019620436476489388,34,21,9,22,137,218
1661,0.02387193219076464,34,23,10,21,99,114
1662,0.022472658848450615,34,24,8,18,87,120
1663,0.008414862607484572,34,20,10,24,131,188
1664,0.02216794030746884,34,20,9,23,111,188
1665,0.017138585731847608,34,20,10,24,100,160
1666,0.010164356630336158,34,19,8,23,107,234
1667,0.01583878722045225,34,25,8,17,112,136
1668,0.031246879807777045,34,21,9,22,112,184
1669,0.015199021275964897,34,19,12,27,125,158
1670,0.014202619617423005,34,22,12,24,130,130
1671,0.012634503331905689,34,19,10,25,137,208
1672,0.015433456065205752,34,23,9,20,136,178
1673,0.014436059533663156,34,23,10,21,124,148
1674,0.005467696017307087,34,21,10,23,107,134
1675,0.010001072405283244,34,20,11,25,141,180
1676,0.010248462816524449,34,22,11,23,125,140
1677,0.03321043992708897,34,23,7,18,133,208
1678,0.010711791765507066,34,24,8,18,81,114
1679,0.013322737638156876,34,22,11,23,118,130
1680,0.029346463520696725,34,24,8,18,61,82
1681,0.016100801864737557,34,25,9,18,108,108
1682,0.01833987216318006,34,19,9,24,101,188
1683,0.013011098393323595,34,20,11,25,141,188
1684,0.010245445005326231,34,20,10,24,94,150
1685,0.019842753121286125,34,22,10,22,102,144
1686,0.030348179087274954,34,23,8,19,95,136
1687,0.02522538633981164,34,23,8,19,140,258
1688,0.011192225525880665,34,21,11,24,105,144
1689,0.011760275400049716,34,20,8,22,129,258
1690,0.02228278939616221,34,21,8,21,91,168
1691,0.017988987513469425,34,21,10,23,128,182
1692,0.018165352352694057,34,23,8,19,92,152
1693,0.02848743685702681,34,22,8,20,109,202
1694,0.023033292620483377,34,23,9,20,81,102
1695,0.017619071190260807,34,22,6,18,98,242
1696,0.009995671007754836,34,23,8,19,74,104
1697,0.02089403665880736,34,22,10,22,123,156
1698,0.014269104237658453,34,25,8,17,85,94
1699,0.013871150084271977,34,20,8,22,82,164
1700,0.015036573678320366,34,22,10,22,87,108
1701,0.015843567298491203,34,22,10,22,113,146
1702,0.019428905009767773,34,23,9,20,107,128
1703,0.011391654548324123,34,23,8,19,80,116
1704,0.0120818633942892,34,22,10,22,106,130
1705,0.03296430928021641,34,22,8,20,81,134
1706,0.01401809376811769,34,18,11,27,119,192
1707,0.028544072104164847,34,20,9,23,105,186
1708,0.022964879818706138,34,21,6,19,76,208
1709,0.012827139739680277,34,24,8,18,93,132
1710,0.017037193232612338,34,23,9,20,108,132
1711,0.019572489205319166,34,20,10,24,116,182
1712,0.018651489922298415,34,21,8,21,94,162
1713,0.017767790269909448,34,24,7,17,84,176
1714,0.015199021275964897,34,20,8,22,103,196
1715,0.015656764745540317,34,23,7,18,86,152
1716,0.016176982640690424,34,22,8,20,90,148
1717,0.012242568519580707,34,20,10,24,98,146
1718,0.01856123670267614,34,20,8,22,132,260
1719,0.016558152680995374,34,24,6,16,80,158
1720,0.009754552327178811,34,23,8,19,102,178
1721,0.014464299689122183,34,22,9,21,82,126
1722,0.02615629888038952,34,21,7,20,107,246
1723,0.011664584706118558,34,23,8,19,93,158
1724,0.018381251298817458,34,25,9,18,84,84
1725,0.02164779248721503,34,23,10,21,135,150
1726,0.017576820573112016,34,21,8,21,101,182
1727,0.03278010317162054,34,18,11,27,126,186
1728,0.0198513281664782,34,20,9,23,129,210
1729,0.02608999117779761,34,21,11,24,124,148
1730,0.011551713361906912,34,22,9,21,115,172
1731,0.012704874158220907,34,20,11,25,95,128
1732,0.011919452240618349,34,23,10,21,114,126
1733,0.009075715474555171,34,20,11,25,104,134
1734,0.016553845703979362,34,22,9,21,138,200
1735,0.020452977154541765,34,22,7,19,114,208
1736,0.024054383731634363,34,21,8,21,96,156
1737,0.020942759787493978,34,19,11,26,157,266
1738,0.013871150084271977,34,25,9,18,66,66
1739,0.009645507146457594,34,18,10,26,137,214
1740,0.013205618172129494,34,21,9,22,99,152
1741,0.012814134941983545,34,24,8,18,72,90
1742,0.01438267565976395,34,24,9,19,79,88
1743,0.02619084590441846,34,23,9,20,117,144
1744,0.018272426968341582,34,21,6,19,71,170
1745,0.02733847571488874,34,23,7,18,102,264
1746,0.014516861899430397,34,20,9,23,115,190
1747,0.017660247478661375,34,20,9,23,128,208
1748,0.03224875681091864,34,23,6,17,80,172
1749,0.028668790322596033,34,17,8,25,119,300
1750,0.013608350010204467,34,20,10,24,123,168
1751,0.02773154071964376,34,21,9,22,138,300
1752,0.014637498569302652,34,22,8,20,143,236
1753,0.01436454590958381,34,22,11,23,109,118
1754,0.032342741190658476,34,20,10,24,131,182
1755,0.026662667348431195,34,19,10,25,124,198
1756,0.03331281470515288,34,21,9,22,147,242
1757,0.007798419798812503,34,20,8,22,95,204
1758,0.02628851752147243,34,22,10,22,109,136
1759,0.01629979158141165,34,21,10,23,107,146
1760,0.023583998436781398,34,22,9,21,92,128
1761,0.014269019392853986,34,19,11,26,128,196
1762,0.015240894062868927,34,19,9,24,119,208
1763,0.009994460192323057,34,23,9,20,97,118
1764,0.010383094862185471,34,21,11,24,109,136
1765,0.010803203915081015,34,19,11,26,147,210
1766,0.022999522172790533,34,20,12,26,124,166
1767,0.011646934901810027,34,20,11,25,89,122
1768,0.02239574209306605,34,24,8,18,97,130
1769,0.01395755831509897,34,24,7,17,93,144
1770,0.011545695138807884,34,22,9,21,80,110
1771,0.015425296919901008,34,21,11,24,116,140
1772,0.026648733591285848,34,24,6,16,58,130
1773,0.01118044789846542,34,20,11,25,131,188
1774,0.009494854730739799,34,22,10,22,110,134
1775,0.008395349919192586,34,18,11,27,165,334
1776,0.02887578443311483,34,20,11,25,106,136
1777,0.011293174168872266,34,22,10,22,130,148
1778,0.013139270237956233,34,19,10,25,143,224
1779,0.01593640739124738,34,21,10,23,123,162
1780,0.022153945075593623,34,21,9,22,106,178
1781,0.03398657799038339,34,24,7,17,77,152
1782,0.02672764620707309,34,18,8,24,120,296
1783,0.014608557522041293,34,22,8,20,89,146
1784,0.015754176405490983,34,22,10,22,102,126
1785,0.022153945075593623,34,22,8,20,102,158
1786,0.01685003106868159,34,23,9,20,89,110
1787,0.014467936762097802,34,24,10,20,118,118
1788,0.023341866577278554,34,23,9,20,112,154
1789,0.019417588513097984,34,22,9,21,119,184
1790,0.017083381576955926,34,19,10,25,121,186
1791,0.018862149549762626,34,21,8,21,95,158
1792,0.025437409632470882,34,21,10,23,132,176
1793,0.01226556423572571,34,20,9,23,127,240
1794,0.02777846180310914,34,23,9,20,101,122
1795,0.019273570890704715,34,22,7,19,82,156
1796,0.014679256228403766,34,21,9,22,113,184
1797,0.018422277489692156,34,20,11,25,154,220
1798,0.01980057066062957,34,21,10,23,110,168
1799,0.026261521428247833,34,22,10,22,137,158
1800,0.012691806142601722,34,24,9,19,109,142
1801,0.025187503663182398,34,23,10,21,135,150
1802,0.01212663656981218,34,20,9,23,133,222
1803,0.015669583936498255,34,20,9,23,142,252
1804,0.017296530071100158,34,22,9,21,83,122
1805,0.012553451259323913,34,19,11,26,156,278
1806,0.014516646103069675,34,19,12,27,131,172
1807,0.01915513377991116,34,18,8,24,100,232
1808,0.018650821846986514,34,20,9,23,122,200
1809,0.02430516799654483,34,23,8,19,70,100
1810,0.021760845610203514,34,14,10,30,207,490
1811,0.013924203797115328,34,22,8,20,95,146
1812,0.014388625178788503,34,22,10,22,86,110
1813,0.009441942483638027,34,21,7,20,93,204
1814,0.02626090537767828,34,21,9,22,107,184
1815,0.008832770965805585,34,20,10,24,125,188
1816,0.015721439435782362,34,23,9,20,111,150
1817,0.015227024807914206,34,23,10,21,102,114
1818,0.014499875748858748,34,23,10,21,84,96
1819,0.020822644266126372,34,24,7,17,75,114
1820,0.014834949638555164,34,24,9,19,107,140
1821,0.022112503146396817,34,24,7,17,61,94
1822,0.026352815740179558,34,21,8,21,113,196
1823,0.01270888814114176,34,24,8,18,97,136
1824,0.02526044721508848,34,22,11,23,130,142
1825,0.025478552364072427,34,25,7,16,82,122
1826,0.011626666227157155,34,21,10,23,123,180
1827,0.0192604116716919,34,19,8,23,113,250
1828,0.02344044141403965,34,21,8,21,98,182
1829,0.02892176611783189,34,20,8,22,129,270
1830,0.01837524968308634,34,22,9,21,139,214
1831,0.01816036147288763,34,23,9,20,85,106
1832,0.008776665854996368,34,21,12,25,106,130
1833,0.01893593300686794,34,26,7,15,55,64
1834,0.012681894797999874,34,21,11,24,137,170
1835,0.017479725931247386,34,19,11,26,142,202
1836,0.013871150084271977,34,23,9,20,71,92
1837,0.017447556528329865,34,20,11,25,170,242
1838,0.015733014626097292,34,18,10,26,160,372
1839,0.028773780000551093,34,23,9,20,104,152
1840,0.006875072095411508,34,21,8,21,119,208
1841,0.014762864591108565,34,22,11,23,131,140
1842,0.02117176829456311,34,23,8,19,115,166
1843,0.010024080094350067,34,21,10,23,104,140
1844,0.030137599203770776,34,24,9,19,85,100
1845,0.013752942409685841,34,23,8,19,99,156
1846,0.022759166018876703,34,24,10,20,98,98
1847,0.02705829830974328,34,20,8,22,124,234
1848,0.01624670453423635,34,18,12,28,118,154
1849,0.018544642989628463,34,25,7,16,64,88
1850,0.021766637582302774,34,26,6,14,68,86
1851,0.009344326398619974,34,25,8,17,111,120
1852,0.014643462391633007,34,22,8,20,92,160
1853,0.014690609903790688,34,23,8,19,67,94
1854,0.020822644266126372,34,20,7,21,80,184
1855,0.012838045945319732,34,25,9,18,100,100
1856,0.03163026231093698,34,24,7,17,101,148
1857,0.01827457735892614,34,22,9,21,111,156
1858,0.012801261760966517,34,23,9,20,103,142
1859,0.01192849172516608,34,24,8,18,71,98
1860,0.021165795992294158,34,23,8,19,88,118
1861,0.004178755573806633,34,26,7,15,73,82
1862,0.02466267073260331,34,20,13,27,160,172
1863,0.008575631708051284,34,22,9,21,109,148
1864,0.021765086463467198,34,20,11,25,111,150
1865,0.012996519317735974,34,22,8,20,96,144
1866,0.012658537952035497,34,19,10,25,117,180
1867,0.020692221367229313,34,20,14,28,124,124
1868,0.01354392287226857,34,20,7,21,109,232
1869,0.016617605416884222,34,19,8,23,114,234
1870,0.01761644318458286,34,20,9,23,128,224
1871,0.01747776159338709,34,23,8,19,89,130
1872,0.010734778970392482,34,22,9,21,142,226
1873,0.014411702466761305,34,22,9,21,104,134
1874,0.02720621497773777,34,23,7,18,97,160
1875,0.011723643802998597,34,24,8,18,94,118
1876,0.012102846826800712,34,25,7,16,71,104
1877,0.015668076013661082,34,24,8,18,100,142
1878,0.012509276362126731,34,21,12,25,160,172
1879,0.012844869702929362,34,23,8,19,90,138
1880,0.012183973447973867,34,22,8,20,85,130
1881,0.027414822016674806,34,20,10,24,134,218
1882,0.015622179868512349,34,22,9,21,87,126
1883,0.008590594688789643,34,21,8,21,116,212
1884,0.012509276362126731,34,22,10,22,84,108
1885,0.026474529300682736,34,19,11,26,126,186
1886,0.020367413923161347,34,21,9,22,120,232
1887,0.016304367194630895,34,23,8,19,105,146
1888,0.019562734711977652,34,23,10,21,133,142
1889,0.031218700702985623,34,22,10,22,89,116
1890,0.014690609903790688,34,23,9,20,105,126
1891,0.010549845455466004,34,21,7,20,82,174
1892,0.01410980685605473,34,23,8,19,80,110
1893,0.01196404234760344,34,22,10,22,104,128
1894,0.01268175426283625,34,24,7,17,71,118
1895,0.013985111846926537,34,24,9,19,91,106
1896,0.015055894087607033,34,21,11,24,107,134
1897,0.0058069768797180885,34,20,10,24,115,172
1898,0.03027091817100063,34,21,10,23,131,200
1899,0.009080620443710656,34,22,8,20,123,192
1900,0.026198068026866098,34,23,9,20,101,146
1901,0.018432538452650624,34,20,11,25,107,140
1902,0.0076294046646563606,34,23,8,19,97,152
1903,0.03258170518324041,34,24,9,19,90,102
1904,0.004820957334481946,34,24,7,17,89,122
1905,0.014600928062852816,34,21,10,23,116,160
1906,0.0178894696891606,34,22,9,21,96,132
1907,0.010995364005729827,34,22,10,22,118,172
1908,0.012627906767261898,34,19,7,22,117,298
1909,0.014447902707061717,34,20,7,21,114,262
1910,0.013839439543527631,34,22,9,21,84,114
1911,0.010431596917579927,34,19,8,23,121,238
1912,0.010532211001415687,34,22,8,20,100,156
1913,0.014099075270024984,34,20,9,23,112,180
1914,0.010515720472274587,34,20,9,23,123,180
1915,0.015353328345032169,34,19,9,24,128,224
1916,0.02733045875700646,34,23,9,20,124,166
1917,0.01332984226345435,34,23,7,18,79,148
1918,0.00679780172809244,34,17,11,28,137,224
1919,0.011045434795719351,34,24,8,18,86,126
1920,0.024720619688088953,34,20,8,22,125,230
1921,0.013198026192361649,34,23,9,20,106,130
1922,0.01817021963906315,34,21,7,20,133,274
1923,0.013003238970124904,34,18,9,25,124,264
1924,0.021930221278484062,34,22,7,19,78,140
1925,0.01604986379623572,34,21,9,22,156,264
1926,0.013314934648694363,34,21,10,23,116,170
1927,0.014772140749764136,34,24,8,18,102,134
1928,0.016961779090118305,34,22,10,22,101,128
1929,0.026727133866180617,34,19,9,24,96,184
1930,0.03283777477737107,34,23,10,21,112,124
1931,0.01032765709867775,34,21,9,22,104,160
1932,0.03813279292141029,34,20,10,24,114,186
1933,0.018272426968341582,34,23,8,19,88,140
1934,0.02863209028589151,34,23,10,21,111,144
1935,0.025690842610100587,34,23,9,20,99,120
1936,0.016205699375821156,34,22,11,23,133,142
1937,0.015245616559506216,34,21,9,22,110,176
1938,0.013973414229758473,34,22,9,21,70,100
1939,0.02405022973250813,34,20,9,23,112,194
1940,0.013654336944812814,34,17,10,27,135,258
1941,0.010992748610844386,34,20,10,24,107,170
1942,0.012427399739720152,34,20,9,23,149,294
1943,0.013587192992729688,34,19,12,27,121,172
1944,0.03258170518324041,34,17,11,28,155,258
1945,0.025309737038330258,34,20,8,22,82,178
1946,0.010896192011735344,34,23,9,20,120,174
1947,0.01354392287226857,34,24,10,20,114,114
1948,0.009552991782765627,34,20,8,22,94,176
1949,0.012767277260755272,34,24,8,18,91,118
1950,0.011257326261017192,34,23,7,18,110,214
1951,0.019263399754670577,34,20,10,24,132,228
1952,0.01240616325499519,34,20,10,24,123,176
1953,0.02081510731868333,34,21,7,20,115,340
1954,0.012660829570683398,34,24,8,18,94,118
1955,0.02081510731868333,34,22,9,21,148,198
1956,0.01784512213970412,34,22,11,23,122,134
1957,0.026359026771790896,34,20,11,25,128,158
1958,0.020418123744608017,34,21,10,23,143,240
1959,0.025721798736706804,34,23,8,19,88,140
1960,0.012183973447973867,34,21,10,23,117,168
1961,0.008124374832034181,34,20,10,24,118,186
1962,0.01991315044345895,34,20,9,23,129,234
1963,0.024302935711577323,34,21,9,22,119,190
1964,0.019791483602507345,34,23,7,18,102,176
1965,0.014698638168373926,34,20,10,24,144,228
1966,0.01172962387602891,34,22,11,23,80,92
1967,0.019947395281691125,34,23,9,20,103,142
1968,0.01262480542049138,34,24,7,17,84,120
1969,0.011018229576048998,34,24,8,18,73,94
1970,0.039175350686783045,34,21,9,22,89,134
1971,0.010510944573862199,34,23,8,19,116,170
1972,0.01388437197042696,34,22,9,21,125,158
1973,0.03171183700843437,34,20,11,25,118,176
1974,0.006074196225048879,34,22,8,20,149,268
1975,0.015999349367464177,34,19,13,28,142,184
1976,0.010759525193045526,34,20,11,25,109,150
1977,0.013734959517214828,34,21,9,22,120,202
1978,0.018432762991264028,34,24,9,19,97,106
1979,0.01722861925097935,34,18,11,27,140,226
1980,0.015632458272327156,34,19,10,25,105,170
1981,0.009186057221422489,34,20,10,24,110,170
1982,0.01296421616975552,34,22,9,21,122,176
1983,0.024636070452399357,34,22,8,20,99,144
1984,0.025794164548283482,34,23,9,20,85,106
1985,0.023925532644254247,34,23,9,20,90,114
1986,0.014304260154600637,34,21,9,22,103,166
1987,0.013330785409091203,34,20,8,22,104,194
1988,0.013073613433345798,34,21,9,22,109,180
1989,0.017418850665358213,34,23,9,20,110,152
1990,0.016623700976762856,34,21,11,24,95,116
1991,0.010146853965380183,34,22,8,20,88,160
1992,0.02761747692238503,34,20,9,23,132,216
1993,0.012778054149689109,34,22,9,21,129,174
1994,0.017293992674941895,34,24,7,17,102,202
1995,0.017819703616468802,34,22,10,22,101,128
1996,0.016644583915099043,34,21,9,22,97,148
1997,0.017281874341953114,34,19,11,26,134,206
1998,0.02661872451990635,34,20,8,22,101,224
1999,0.013314934648694363,34,22,8,20,121,230
2000,0.00946470859595197,34,20,8,22,146,396
2001,0.008725116022715383,34,24,10,20,86,86
2002,0.00724660218207903,34,20,9,23,106,174
2003,0.019986438722622485,34,23,10,21,96,108
2004,0.017646522718898966,34,24,8,18,100,132
2005,0.02070020683777425,34,22,9,21,137,188
2006,0.019368467088039854,34,26,7,15,86,98
2007,0.021201732232039045,34,24,7,17,65,98
2008,0.021881108169172173,34,24,8,18,110,150
2009,0.0065618129691194516,34,21,9,22,125,224
2010,0.009751534665902263,34,22,8,20,83,152
2011,0.022957823835258316,34,23,7,18,82,138
2012,0.014911276642949216,34,23,7,18,106,196
2013,0.008878593477448196,34,22,11,23,124,148
2014,0.01734430366454539,34,23,8,19,95,152
2015,0.009548393080002895,34,23,7,18,116,198
2016,0.013914320756797507,34,26,5,13,67,142
2017,0.009498960744219659,34,21,7,20,95,188
2018,0.009809990090686532,34,22,9,21,127,216
2019,0.014202746173260769,34,21,11,24,105,126
2020,0.011751905925985018,34,21,9,22,135,210
2021,0.005331886926062707,34,21,8,21,132,246
2022,0.010317887785526864,34,22,8,20,92,134
2023,0.03806618107985592,34,18,9,25,128,246
2024,0.018272426968341582,34,20,8,22,108,252
2025,0.01133908998698007,34,21,9,22,143,224
2026,0.005380862353188111,34,23,8,19,78,114
2027,0.011878000064199552,34,20,10,24,97,142
2028,0.02700435134068269,34,22,9,21,104,194
2029,0.009130600843608134,34,23,8,19,86,122
2030,0.013345991009197197,34,23,8,19,102,166
2031,0.00402958990863014,34,21,9,22,104,152
2032,0.028375464328315697,34,21,10,23,104,140
2033,0.02254494136992749,34,21,8,21,120,210
2034,0.014670226015861397,34,22,10,22,127,172
2035,0.022171833374597355,34,22,9,21,99,150
2036,0.023496893210726337,34,23,8,19,104,148
2037,0.015141581630255446,34,23,8,19,79,106
2038,0.0153183186254029,34,17,8,25,137,280
2039,0.02975468247221108,34,22,8,20,124,298
2040,0.025265233894830937,34,22,8,20,75,134
2041,0.010643014218017027,34,21,7,20,95,196
2042,0.016255753308848646,34,23,8,19,79,118
2043,0.025527212412967848,34,23,10,21,96,114
2044,0.016230655183180454,34,22,7,19,86,176
2045,0.009395718696978451,34,24,9,19,108,120
2046,0.0180992733035734,34,22,10,22,113,134
2047,0.012606126609091182,34,24,10,20,114,114
2048,0.03640014894148712,34,19,9,24,103,192
2049,0.017412496052887055,34,24,8,18,135,198
2050,0.014449858581101191,34,19,13,28,121,154
2051,0.021390019804512474,34,22,9,21,111,152
2052,0.024172448263588622,34,21,11,24,141,186
2053,0.013303222126390804,34,22,8,20,77,130
2054,0.03167487356101298,34,21,8,21,133,248
2055,0.030281682900042448,34,21,10,23,139,196
2056,0.014243290092080377,34,21,9,22,131,234
2057,0.017434357644564302,34,22,7,19,87,166
2058,0.013177202348258234,34,21,9,22,101,152
2059,0.008839261128257975,34,22,8,20,99,164
2060,0.010793260709493019,34,20,10,24,127,192
2061,0.015533648889727157,34,20,11,25,105,138
2062,0.014608557522041293,34,21,9,22,75,128
2063,0.018691271963278,34,22,11,23,130,142
2064,0.020911926060765168,34,20,11,25,136,172
2065,0.01291920443551682,34,22,9,21,85,134
2066,0.011411365891799207,34,22,10,22,111,132
2067,0.019131220189980234,34,22,9,21,123,180
2068,0.00937453517604682,34,23,8,19,108,144
2069,0.022112503146396817,34,21,11,24,114,138
2070,0.024549486930486933,34,22,8,20,80,176
2071,0.03062283372474451,34,19,9,24,131,264
2072,0.017373949068614423,34,23,8,19,86,122
2073,0.020176230048408367,34,19,10,25,107,172
2074,0.0102491927774431,34,22,9,21,95,134
2075,0.02061032286834512,34,21,9,22,134,214
2076,0.009190192576227156,34,21,9,22,113,204
2077,0.026097929393832316,34,19,12,27,140,194
2078,0.01020933941554204,34,25,8,17,109,124
2079,0.00652502332122569,34,20,8,22,87,206
2080,0.011391654548324123,34,21,8,21,102,184
2081,0.020246275656031543,34,21,8,21,119,218
2082,0.02448299548256397,34,24,8,18,77,104
2083,0.023352202356958333,34,24,9,19,79,88
2084,0.013795328115841245,34,20,12,26,142,172
2085,0.013180463043731994,34,21,12,25,109,118
2086,0.01488415930515874,34,22,9,21,110,146
2087,0.01192849172516608,34,24,9,19,75,90
2088,0.020256684522580372,34,20,7,21,144,392
2089,0.01727558810498489,34,22,10,22,98,116
2090,0.013247698846213185,34,21,10,23,97,130
2091,0.019985311481659367,34,23,9,20,95,116
2092,0.022026110636392676,34,23,9,20,123,150
2093,0.009883729129230794,34,21,10,23,110,170
2094,0.0084258703722212,34,20,9,23,132,226
2095,0.02442798612623405,34,21,10,23,96,126
2096,0.011404457146647645,34,25,8,17,94,124
2097,0.019335019905913926,34,23,8,19,120,198
2098,0.013158676406446239,34,22,7,19,89,172
2099,0.01378978034253979,34,22,11,23,133,148
2100,0.013180463043731994,34,19,10,25,102,198
2101,0.011380925350094585,34,20,11,25,104,140
2102,0.014931978906663743,34,23,9,20,89,116
2103,0.017054469199564364,34,21,10,23,104,146
2104,0.013211213823008328,34,21,9,22,148,310
2105,0.016982757773815717,34,24,8,18,95,116
2106,0.015353328345032169,34,25,7,16,86,128
2107,0.01794054240757134,34,22,9,21,118,154
2108,0.013321386695768388,34,20,10,24,128,200
2109,0.020977628133841464,34,22,8,20,72,122
2110,0.013155973959209262,34,22,9,21,119,164
2111,0.011837429815536607,34,21,9,22,109,172
2112,0.030481341429244982,34,21,8,21,90,172
2113,0.022153945075593623,34,25,7,16,81,108
2114,0.012504728015263169,34,19,11,26,138,198
2115,0.016480208097939833,34,22,10,22,107,140
2116,0.012645820560067786,34,25,6,15,63,104
2117,0.014305947254312754,34,22,12,24,128,128
2118,0.0152710197079804,34,22,7,19,67,136
2119,0.01581973882500464,34,20,9,23,165,316
2120,0.023085792125627152,34,24,10,20,94,94
2121,0.030970627381715188,34,23,9,20,101,146
2122,0.013014987179637193,34,20,10,24,90,132
2123,0.013303222126390804,34,23,10,21,99,108
2124,0.02349311597500757,34,19,11,26,143,212
2125,0.020334001697528505,34,21,10,23,121,172
2126,0.021314758229407656,34,18,11,27,126,210
2127,0.017901502004108893,34,23,9,20,96,126
2128,0.016205699375821156,34,19,9,24,159,288
2129,0.015002620959334554,34,25,7,16,96,120
2130,0.015517093585312294,34,21,10,23,106,142
2131,0.022153945075593623,34,26,6,14,72,114
2132,0.03219559168407327,34,18,10,26,129,294
2133,0.019249955424768567,34,22,10,22,126,174
2134,0.012924657719563887,34,17,12,29,115,166
2135,0.029104756795926792,34,21,11,24,123,150
2136,0.02641006905396532,34,21,11,24,134,170
2137,0.02672764620707309,34,21,9,22,116,188
2138,0.02007288584546401,34,22,8,20,120,216
2139,0.015210547032885543,34,22,10,22,96,114
2140,0.017056698510460166,34,21,9,22,81,126
2141,0.026199128661568212,34,25,9,18,94,94
2142,0.02326910218686116,34,22,8,20,87,146
2143,0.010785920431296545,34,18,10,26,98,170
2144,0.010751975462654065,34,21,8,21,83,150
2145,0.017724252826063422,34,20,10,24,109,176
2146,0.037923829451398744,34,20,10,24,94,142
2147,0.022351955192415847,34,20,10,24,110,152
2148,0.014601224082666286,34,22,9,21,93,138
2149,0.012820079275624178,34,22,7,19,102,186
2150,0.014604533936830158,34,22,8,20,80,128
2151,0.013327006986292161,34,21,10,23,107,152
2152,0.02395327511513278,34,21,10,23,105,138
2153,0.012499444203352788,34,21,11,24,113,140
2154,0.009655204764077916,34,24,9,19,96,108
2155,0.019785410023698477,34,20,9,23,122,224
2156,0.009309560223609875,34,18,10,26,160,256
2157,0.012429324790243855,34,22,11,23,118,136
2158,0.011853635625351445,34,21,9,22,127,236
2159,0.014173071131671731,34,20,8,22,153,308
2160,0.025860936155454026,34,21,9,22,96,160
2161,0.01562344435339889,34,20,13,27,145,154
2162,0.013600323909115801,34,22,10,22,96,132
2163,0.026876169005679146,34,24,9,19,83,92
2164,0.015065353937496917,34,18,8,24,148,326
2165,0.009005849976407493,34,20,9,23,140,256
2166,0.020961787291692048,34,23,10,21,98,110
2167,0.01253664985631947,34,22,8,20,102,162
2168,0.01340188811328874,34,19,9,24,153,362
2169,0.018081467882912705,34,24,9,19,88,100
2170,0.025925758232080428,34,22,10,22,136,178
2171,0.013461042797890541,34,22,8,20,104,160
2172,0.014716915741509403,34,22,6,18,85,190
2173,0.010942228994489833,34,22,10,22,134,176
2174,0.017044835083259893,34,20,11,25,123,156
2175,0.01215596866435234,34,21,9,22,141,242
2176,0.013136637206148882,34,26,7,15,57,66
2177,0.012097807344356153,34,23,9,20,132,212
2178,0.018524574156745154,34,21,9,22,132,222
2179,0.014403640055045464,34,26,6,14,52,76
2180,0.028720270898337105,34,22,10,22,108,132
2181,0.01427925286339743,34,23,9,20,96,120
2182,0.017405308309691135,34,20,10,24,106,162
2183,0.029000877370041117,34,23,10,21,120,132
2184,0.013247698846213185,34,18,12,28,144,194
2185,0.01240906794512213,34,22,8,20,100,212
2186,0.011833157238957615,34,20,11,25,121,172
2187,0.014439086665787013,34,22,9,21,113,146
2188,0.013238273179296066,34,22,9,21,115,172
2189,0.027977823692830344,34,24,8,18,86,110
2190,0.010317887785526864,34,21,10,23,117,150
2191,0.015090386769209284,34,22,9,21,89,130
2192,0.010954790656814511,34,24,7,17,90,152
2193,0.009694658900965505,34,22,11,23,145,154
2194,0.008733105474017205,34,22,9,21,87,114
2195,0.008983765245399882,34,20,8,22,102,214
2196,0.01784071069336351,34,20,10,24,131,200
2197,0.014247921916586262,34,23,8,19,86,122
2198,0.02024816215669082,34,19,10,25,138,216
2199,0.012416313630110587,34,20,13,27,131,146
2200,0.010089210627435032,34,22,9,21,117,168
2201,0.03198073835406537,34,20,9,23,110,178
2202,0.01817021963906315,34,20,10,24,114,156
2203,0.010178362068073665,34,22,10,22,118,142
2204,0.0099141183963392,34,20,9,23,132,242
2205,0.012172530302709858,34,22,9,21,77,116
2206,0.012532988752480795,34,20,9,23,102,210
2207,0.017237466113447654,34,23,6,17,86,170
2208,0.016927313249459855,34,22,8,20,85,146
2209,0.026312890068101294,34,23,8,19,119,216
2210,0.014680856661887388,34,18,10,26,121,222
2211,0.02693038490430088,34,22,9,21,104,146
2212,0.014346215815712483,34,23,7,18,98,210
2213,0.018360530334219055,34,25,9,18,86,86
2214,0.015082211799109409,34,24,9,19,103,112
2215,0.016214822523748958,34,21,10,23,127,172
2216,0.00877578192285522,34,20,10,24,137,244
2217,0.016436273061335493,34,24,7,17,62,98
2218,0.021602032225331844,34,21,10,23,152,248
2219,0.012333651854725711,34,24,6,16,55,100
2220,0.013198606252291259,34,19,10,25,137,196
2221,0.0084258703722212,34,19,12,27,133,184
2222,0.01211788594020033,34,18,10,26,137,244
2223,0.022625678948696853,34,23,9,20,98,122
2224,0.026269170543070087,34,24,8,18,72,96
2225,0.0225648781587154,34,21,7,20,105,204
2226,0.01602374712629924,34,22,8,20,113,178
2227,0.012002843770833743,34,24,6,16,68,118
2228,0.008894698891765696,34,21,10,23,117,156
2229,0.019543767143512455,34,21,9,22,113,176
2230,0.010615409027044845,34,24,8,18,104,146
2231,0.02272138881747346,34,24,6,16,73,124
2232,0.03171531911403399,34,20,9,23,137,242
2233,0.014198813764128071,34,23,10,21,121,136
2234,0.016176982640690424,34,25,8,17,71,86
2235,0.013261883571374151,34,19,8,23,144,456
2236,0.0227961646484583,34,24,8,18,91,118
2237,0.015179588540240208,34,21,8,21,115,212
2238,0.023215995347119482,34,21,9,22,98,154
2239,0.010039903309462243,34,22,10,22,104,146
2240,0.023916974866031268,34,20,7,21,119,306
2241,0.015597611102204378,34,20,10,24,112,200
2242,0.03116053023705613,34,21,8,21,85,150
2243,0.029036244224485433,34,20,9,23,121,226
2244,0.008532541796274485,34,23,8,19,99,132
2245,0.011372570093812713,34,20,11,25,155,194
2246,0.015487592834743318,34,19,10,25,123,236
2247,0.021697802989437395,34,23,9,20,126,168
2248,0.01652191114537052,34,22,10,22,102,120
2249,0.012676496673220933,34,22,9,21,96,132
2250,0.011034187329665823,34,19,8,23,127,306
2251,0.019415505476915375,34,24,7,17,74,118
2252,0.01590932456313212,34,22,9,21,80,110
2253,0.019801653586897727,34,19,9,24,143,244
2254,0.01896753431707448,34,21,10,23,128,176
2255,0.016355558253734845,34,24,8,18,102,120
2256,0.011604137081795002,34,19,11,26,142,250
2257,0.029226394288230227,34,22,10,22,126,158
2258,0.014333721746282214,34,20,9,23,119,240
2259,0.011959564235370618,34,20,11,25,134,206
2260,0.016120905602647007,34,20,8,22,84,174
2261,0.024777731647910525,34,23,8,19,102,150
2262,0.010627609634519669,34,21,8,21,113,248
2263,0.010245445005326231,34,22,9,21,102,144
2264,0.022853839966332015,34,21,8,21,85,136
2265,0.009076653623091291,34,20,10,24,127,196
2266,0.01627511107084586,34,23,11,22,124,124
2267,0.012878625190418276,34,24,8,18,92,132
2268,0.02465859754115863,34,23,10,21,130,160
2269,0.016409267777110145,34,23,10,21,109,118
2270,0.02587545934560305,34,20,11,25,127,178
2271,0.032940986060021604,34,17,11,28,155,302
2272,0.023478057603249496,34,21,9,22,103,154
2273,0.011257326261017192,34,21,9,22,137,212
2274,0.016205699375821156,34,22,9,21,119,184
2275,0.018097587852053728,34,22,9,21,107,148
2276,0.013802113140561803,34,20,9,23,134,220
2277,0.026156123280499096,34,19,11,26,138,216
2278,0.0205243780696776,34,22,11,23,121,130
2279,0.016351928511889893,34,23,7,18,98,170
2280,0.02182004517444734,34,22,8,20,101,202
2281,0.028105060023361342,34,16,12,30,185,366
2282,0.013608350010204467,34,20,11,25,125,158
2283,0.011653373639618159,34,21,9,22,91,160
2284,0.02550977544404756,34,24,10,20,90,90
2285,0.016644583915099043,34,24,8,18,65,86
2286,0.009322657609447248,34,19,9,24,145,256
2287,0.02121348274749478,34,22,8,20,129,312
2288,0.023213696427912663,34,25,9,18,98,98
2289,0.02571593900415689,34,19,9,24,114,210
2290,0.023037232658188952,34,24,8,18,75,102
2291,0.011391654548324123,34,24,6,16,92,174
2292,0.017335570891630007,34,22,11,23,95,104
2293,0.016809791415659817,34,21,9,22,95,158
2294,0.016964753098752634,34,23,11,22,116,116
2295,0.009839563703410915,34,21,10,23,103,154
2296,0.013914158899204936,34,20,11,25,126,180
2297,0.018302323113924015,34,22,8,20,96,144
2298,0.015282072585151085,34,19,9,24,100,180
2299,0.009754552327178811,34,22,11,23,122,134
2300,0.03151443675477657,34,21,7,20,110,200
2301,0.013518885085911161,34,19,11,26,141,212
2302,0.0002742918634278946,34,19,9,24,115,240
2303,0.016592092178371987,34,24,8,18,109,130
2304,0.021645611809464647,34,24,9,19,106,136
2305,0.00937453517604682,34,20,8,22,129,240
2306,0.012311124664409367,34,21,8,21,132,232
2307,0.01103914685337773,34,21,8,21,123,242
2308,0.01447613359970202,34,23,10,21,129,162
2309,0.017492601727902055,34,22,12,24,96,96
2310,0.022398016486671737,34,20,10,24,103,156
2311,0.03332154786506428,34,23,10,21,102,120
2312,0.017352490309512518,34,23,7,18,100,166
2313,0.011336650790889885,34,26,6,14,49,70
2314,0.010627609634519669,34,22,10,22,108,132
2315,0.021760845610203514,34,20,11,25,134,234
2316,0.011059665822091783,34,19,9,24,116,340
2317,0.01478284828477779,34,20,12,26,126,150
2318,0.01192849172516608,34,20,11,25,134,182
2319,0.017371206723552003,34,20,10,24,104,146
2320,0.018983272493012335,34,22,8,20,118,184
2321,0.01760666107911732,34,17,11,28,133,216
2322,0.021275464744041322,34,24,8,18,95,128
2323,0.023754861897737973,34,22,9,21,102,146
2324,0.013198606252291259,34,25,8,17,72,84
2325,0.01785063036639828,34,19,9,24,132,240
2326,0.017971764258478642,34,22,8,20,119,182
2327,0.014817476811713425,34,20,9,23,157,334
2328,0.015595167075259098,34,28,6,12,68,68
2329,0.018481508701293115,34,19,10,25,103,176
2330,0.01365505864987937,34,22,11,23,128,140
2331,0.01273446924608293,34,18,11,27,156,274
2332,0.028959091934994692,34,19,10,25,128,202
2333,0.015353345569154263,34,23,8,19,77,118
2334,0.034724777580326535,34,22,10,22,98,130
2335,0.01942614782348757,34,21,7,20,84,180
2336,0.014329114421592702,34,24,7,17,72,108
2337,0.019147676179562347,34,19,10,25,142,266
2338,0.02201907588580204,34,24,9,19,103,136
2339,0.022832790579192283,34,21,9,22,92,164
2340,0.016768555398689503,34,26,8,16,58,58
2341,0.014644104421138303,34,20,10,24,121,190
2342,0.014762864591108565,34,23,8,19,123,188
2343,0.02009267081996089,34,22,8,20,82,132
2344,0.021928968246337114,34,22,10,22,116,148
2345,0.01237507033987647,34,22,7,19,89,194
2346,0.009005849976407493,34,20,7,21,110,308
2347,0.012595885439440277,34,23,6,17,76,160
2348,0.016340399533302928,34,25,7,16,74,92
2349,0.013871150084271977,34,22,8,20,93,168
2350,0.015456196025249141,34,22,9,21,94,146
2351,0.008750990909122795,34,20,10,24,122,188
2352,0.02970003743295009,34,20,9,23,116,206
2353,0.018465353587048608,34,23,9,20,102,134
2354,0.016150607379397067,34,21,11,24,120,144
2355,0.01636166788214199,34,22,11,23,138,168
2356,0.010956309536742134,34,20,8,22,127,300
2357,0.01470196530243087,34,20,10,24,152,280
2358,0.015847038113001366,34,23,8,19,90,144
2359,0.02144858619811872,34,19,10,25,114,188
2360,0.011055135234701974,34,19,10,25,133,236
2361,0.021551030427508867,34,24,7,17,98,158
2362,0.006903169711109339,34,21,9,22,118,230
2363,0.0053341011477410355,34,20,8,22,92,176
2364,0.00834298512150855,34,23,7,18,94,148
2365,0.027532532193675748,34,20,11,25,139,196
2366,0.021232807007256847,34,25,7,16,77,98
2367,0.0173673656892737,34,22,10,22,86,104
2368,0.01299809424257714,34,23,9,20,88,120
2369,0.014887119863340778,34,21,7,20,106,242
2370,0.02642155174997502,34,21,7,20,76,166
2371,0.01922437423992644,34,21,10,23,122,170
2372,0.01215596866435234,34,24,6,16,110,220
2373,0.01952680991872186,34,24,6,16,95,164
2374,0.017951958768138314,34,23,7,18,86,146
2375,0.02553880973249474,34,23,8,19,113,176
2376,0.012000695587367619,34,20,13,27,147,162
2377,0.006946258592552053,34,24,7,17,100,172
2378,0.017929322475034825,34,23,11,22,124,124
2379,0.014295863612511107,34,26,6,14,72,96
2380,0.01659125104626302,34,20,11,25,133,166
2381,0.011787813998148995,34,24,9,19,88,100
2382,0.0243699230197048,34,21,8,21,86,162
2383,0.021889803768024504,34,22,11,23,103,112
2384,0.02550977544404756,34,21,11,24,122,146
2385,0.027246633346970306,34,22,9,21,112,156
2386,0.013525806564001985,34,22,11,23,105,114
2387,0.01658419279556579,34,22,9,21,86,130
2388,0.02668993863893916,34,23,9,20,104,146
2389,0.012747807183552048,34,25,8,17,114,144
2390,0.01595617176796434,34,23,8,19,118,194
2391,0.01237507033987647,34,20,8,22,78,152
2392,0.009085872278544845,34,23,10,21,101,110
2393,0.0036841424947020654,34,20,12,26,149,170
2394,0.01258988005638604,34,22,7,19,88,164
2395,0.012411373404678638,34,21,8,21,125,234
2396,0.022659719790164408,34,22,8,20,95,158
2397,0.010304592230775012,34,24,9,19,93,102
2398,0.017623950122909855,34,22,10,22,111,156
2399,0.030227483061534725,34,20,9,23,141,212
2400,0.012326047977965028,34,22,9,21,93,148
2401,0.019011434972531174,34,21,9,22,114,174
2402,0.013002945997157352,34,21,11,24,115,136
2403,0.018920165776951124,34,21,9,22,114,162
2404,0.017132045535206322,34,22,8,20,87,132
2405,0.012373886467430373,34,21,12,25,116,140
2406,0.011655375690584016,34,25,7,16,81,102
2407,0.023916974866031268,34,23,9,20,77,98
2408,0.013033851018545782,34,21,9,22,134,216
2409,0.012509276362126731,34,25,6,15,71,150
2410,0.03267627993784533,34,19,10,25,119,182
2411,0.014608557522041293,34,20,11,25,120,174
2412,0.017285634472198927,34,24,6,16,86,158
2413,0.0102932614666481,34,23,8,19,73,114
2414,0.01369221284494477,34,23,9,20,80,104
2415,0.0044574502579677044,34,19,10,25,107,212
2416,0.014614608141151567,34,23,8,19,109,142
2417,0.016156304489765877,34,21,8,21,144,264
2418,0.0259734659820548,34,22,9,21,112,166
2419,0.016773167596601038,34,21,11,24,117,138
2420,0.02136892930294519,34,24,8,18,102,144
2421,0.019337928110482072,34,24,8,18,78,102
2422,0.01551016775634443,34,24,7,17,73,114
2423,0.01000176586952009,34,21,8,21,94,186
2424,0.008414862607484572,34,21,10,23,147,210
2425,0.019415689162259005,34,22,11,23,120,132
2426,0.015049595929508774,34,21,9,22,88,136
2427,0.021911267076069656,34,24,8,18,117,156
2428,0.02263753911053848,34,20,7,21,119,242
2429,0.010690083059822487,34,21,8,21,90,166
2430,0.022722104704770603,34,25,8,17,79,88
2431,0.016129306615731157,34,24,8,18,115,160
2432,0.013362435152527979,34,22,8,20,104,208
2433,0.020951627702527315,34,22,9,21,144,216
2434,0.02493685824664142,34,20,11,25,137,212
2435,0.011440339901591493,34,28,5,11,56,80
2436,0.012519327889139314,34,23,7,18,69,114
2437,0.027053824846456777,34,24,7,17,101,148
2438,0.022112503146396817,34,23,10,21,128,158
2439,0.007338234161352045,34,22,8,20,108,168
2440,0.014690609903790688,34,21,8,21,89,146
2441,0.01227107466510545,34,22,7,19,125,256
2442,0.017132045535206322,34,23,9,20,113,134
2443,0.030161989307323122,34,21,8,21,100,178
2444,0.02886358603588824,34,23,9,20,106,130
2445,0.014019428307389385,34,24,8,18,78,102
2446,0.018008943229667243,34,20,9,23,128,224
2447,0.019155776108779055,34,22,10,22,95,116
2448,0.015546219965472112,34,22,8,20,138,298
2449,0.019047551260466002,34,22,8,20,104,170
2450,0.013365645488460767,34,26,7,15,88,112
2451,0.006293210392467691,34,23,10,21,112,136
2452,0.012866758243582424,34,24,9,19,105,120
2453,0.01811717103385182,34,21,10,23,107,140
2454,0.017881147542899045,34,24,8,18,118,160
2455,0.018272426968341582,34,21,11,24,105,126
2456,0.019785410023698477,34,19,9,24,94,166
2457,0.013108455498445915,34,24,9,19,89,98
2458,0.013934149366984672,34,21,9,22,92,142
2459,0.01353558939315518,34,21,9,22,102,152
2460,0.025343186513663685,34,22,9,21,103,160
2461,0.016492423326322992,34,20,10,24,132,186
2462,0.024439261884484788,34,22,10,22,137,182
2463,0.011481865232228078,34,22,9,21,93,138
2464,0.010854771166925493,34,24,8,18,82,106
2465,0.012892199581609226,34,22,10,22,93,114
2466,0.013590361714961127,34,22,10,22,142,196
2467,0.014554347413987086,34,23,8,19,73,106
2468,0.009102283385153849,34,24,7,17,100,160
2469,0.020904155135366895,34,25,7,16,94,142
2470,0.027511763403179297,34,22,8,20,109,180
2471,0.011284220710219572,34,21,10,23,149,200
2472,0.0167731187687169,34,22,9,21,89,128
2473,0.02183984491439868,34,23,8,19,103,152
2474,0.033531785038804024,34,22,8,20,136,226
2475,0.01700866674851049,34,24,8,18,71,92
2476,0.016805164368888688,34,21,10,23,144,198
2477,0.020257415986946744,34,20,11,25,143,184
2478,0.010710030201742486,34,20,11,25,133,184
2479,0.021957395342898575,34,20,9,23,160,262
2480,0.010668482580960703,34,21,10,23,100,136
2481,0.020606562156216972,34,19,9,24,156,326
2482,0.010310430112106101,34,25,8,17,95,110
2483,0.00658308113462211,34,23,8,19,86,116
2484,0.03452285004814849,34,23,9,20,102,144
2485,0.008549969820100839,34,23,8,19,80,110
2486,0.030264790473208784,34,21,9,22,106,172
2487,0.017854379997262013,34,22,9,21,90,132
2488,0.009494854730739799,34,21,12,25,108,120
2489,0.02205810103365439,34,20,8,22,109,202
2490,0.012872369132770824,34,23,7,18,64,106
2491,0.014822928412782668,34,22,9,21,104,140
2492,0.022517254441013407,34,20,8,22,110,208
2493,0.03008356519376265,34,23,10,21,104,122
2494,0.013904502027430633,34,20,8,22,99,186
2495,0.01998195692922342,34,19,9,24,125,250
2496,0.0242578674592302,34,23,8,19,71,104
2497,0.012623500952501907,34,23,9,20,72,96
2498,0.021809942301938508,34,24,9,19,76,88
2499,0.01719787907329668,34,18,8,24,124,412
2500,0.01294101141072472,34,22,9,21,111,150
2501,0.023391981045751978,34,22,8,20,130,234
2502,0.008835081781428736,34,19,10,25,121,234
2503,0.016834724919295815,34,18,11,27,178,416
2504,0.01594358595595951,34,22,9,21,100,142
2505,0.028612202842961468,34,20,10,24,143,228
2506,0.014028631992014214,34,19,9,24,140,236
2507,0.019245614393001213,34,26,6,14,87,132
2508,0.02288777172173588,34,24,9,19,121,130
2509,0.01931292977397435,34,24,7,17,91,148
2510,0.025134573473059342,34,20,10,24,140,212
2511,0.015770832495231833,34,22,10,22,137,194
2512,0.0213875386829327,34,22,8,20,124,236
2513,0.01617095925771707,34,23,10,21,103,112
2514,0.024280010427897514,34,21,8,21,89,170
2515,0.011833157238957615,34,23,10,21,114,144
2516,0.02081510731868333,34,22,9,21,117,168
2517,0.01910330129694137,34,19,10,25,138,240
2518,0.016626030373811898,34,22,8,20,94,152
2519,0.020305552198827626,34,19,11,26,120,162
2520,0.021795423120364504,34,22,8,20,128,212
2521,0.02626090537767828,34,23,5,16,97,296
2522,0.006152191428410017,34,21,9,22,105,144
2523,0.017760100358071525,34,20,9,23,110,226
2524,0.013426172090280925,34,24,8,18,90,122
2525,0.023566963507115492,34,21,10,23,129,170
2526,0.01759489773661558,34,22,10,22,101,128
2527,0.013198606252291259,34,20,10,24,82,136
2528,0.007245409914968151,34,21,7,20,89,182
2529,0.015590969242947006,34,20,10,24,123,186
2530,0.02778046275050798,34,21,7,20,108,250
2531,0.012532988752480795,34,20,11,25,112,142
2532,0.013644156867675616,34,23,8,19,116,188
2533,0.025832154296077693,34,25,8,17,91,124
2534,0.01188155958544173,34,25,7,16,68,92
2535,0.012682905201176577,34,23,7,18,96,184
2536,0.009373714155166687,34,23,9,20,75,96
2537,0.01751223753083682,34,22,8,20,111,168
2538,0.01536667865077214,34,20,8,22,114,250
2539,0.01401809376811769,34,23,9,20,96,120
2540,0.013018326098805488,34,21,10,23,118,172
2541,0.01602136716064894,34,22,11,23,119,128
2542,0.019031716142565686,34,19,11,26,151,284
2543,0.03828897277662024,34,21,9,22,105,180
2544,0.028133837277636905,34,21,11,24,116,164
2545,0.00922218069554779,34,21,10,23,133,206
2546,0.016206886055037686,34,22,10,22,127,166
2547,0.017806529754077295,34,22,10,22,112,144
2548,0.020126794174014216,34,21,12,25,138,168
2549,0.0159614865824122,34,19,13,28,156,192
2550,0.019425520771827583,34,22,9,21,102,138
2551,0.013871150084271977,34,23,9,20,106,148
2552,0.012532988752480795,34,23,7,18,86,134
2553,0.026411671101168502,34,21,10,23,106,150
2554,0.018082777561766374,34,25,7,16,75,108
2555,0.01043652731992295,34,22,9,21,101,150
2556,0.013342407172392191,34,24,7,17,93,182
2557,0.031817483857173604,34,22,10,22,117,144
2558,0.017750516803632828,34,24,9,19,110,122
2559,0.016592092178371987,34,21,8,21,121,256
2560,0.021513906824503697,34,19,9,24,111,212
2561,0.015859156888989284,34,25,8,17,128,152
2562,0.016205699375821156,34,24,8,18,118,160
2563,0.014565590283652105,34,20,8,22,105,300
2564,0.015145713802705092,34,21,8,21,139,316
2565,0.010383094862185471,34,19,9,24,122,222
2566,0.012202452374767095,34,24,9,19,86,116
2567,0.016305011943128046,34,19,11,26,158,218
2568,0.0135173102460018,34,21,11,24,121,142
2569,0.014744038018950092,34,21,9,22,141,222
2570,0.02000172669348404,34,20,10,24,121,166
2571,0.011424736955211665,34,22,10,22,88,112
2572,0.013173637146117766,34,21,8,21,95,194
2573,0.009520437319773308,34,23,7,18,118,268
2574,0.009005849976407493,34,24,8,18,100,132
2575,0.01980057066062957,34,18,9,25,117,264
2576,0.015273760164875423,34,22,9,21,108,162
2577,0.014298124861855475,34,20,8,22,123,276
2578,0.012211123078541275,34,23,10,21,106,118
2579,0.009981055815278063,34,25,5,14,68,124
2580,0.018487399328246223,34,22,7,19,90,174
2581,0.01480178548802663,34,23,10,21,140,170
2582,0.02409471687013461,34,25,8,17,83,92
2583,0.012827139739680277,34,23,8,19,91,124
2584,0.013437804300967804,34,24,6,16,70,124
2585,0.014349934268273159,34,22,10,22,80,98
2586,0.007049880634017111,34,22,9,21,92,128
2587,0.013229322781232442,34,21,9,22,112,274
2588,0.0183242943991763,34,23,9,20,125,170
2589,0.022112503146396817,34,23,7,18,91,192
2590,0.02073781841590814,34,18,9,25,127,256
2591,0.013447471098269381,34,21,10,23,123,180
2592,0.0174752929355769,34,17,11,28,134,248
2593,0.021490358827973885,34,20,9,23,128,252
2594,0.033553646425478166,34,19,11,26,131,182
2595,0.012215344497053991,34,19,11,26,108,156
2596,0.017767391989174576,34,24,9,19,107,122
2597,0.009809990090686532,34,20,11,25,145,196
2598,0.032408027310919726,34,18,9,25,96,192
2599,0.012785483148464089,34,24,6,16,73,136
2600,0.022635905362605402,34,23,8,19,92,122
2601,0.016959421794773277,34,23,7,18,90,172
2602,0.012509682721717635,34,22,9,21,116,188
2603,0.012713435243276564,34,22,10,22,125,152
2604,0.014410536421284838,34,24,8,18,93,114
2605,0.024969392911663682,34,21,8,21,104,190
2606,0.014299703395422757,34,22,8,20,99,156
2607,0.015532728393677322,34,22,7,19,103,310
2608,0.011038710571130393,34,22,10,22,89,110
2609,0.021002117198055843,34,22,9,21,122,176
2610,0.015158099813622282,34,20,11,25,121,154
2611,0.03592616955509902,34,21,8,21,130,304
2612,0.012309685487134021,34,23,9,20,76,100
2613,0.01665329150248895,34,24,9,19,72,84
2614,0.01103947948263128,34,23,10,21,128,140
2615,0.013352883467885532,34,21,9,22,117,180
2616,0.0302335268378363,34,21,10,23,124,178
2617,0.010056531037186026,34,20,10,24,115,222
2618,0.021264350924394493,34,22,10,22,100,124
2619,0.012171477164396899,34,22,7,19,86,152
2620,0.02511989128230383,34,25,5,14,74,138
2621,0.013837319536277103,34,22,7,19,140,312
2622,0.032408027310919726,34,17,12,29,173,230
2623,0.013277874399996455,34,21,10,23,117,168
2624,0.029604588555186037,34,21,8,21,121,292
2625,0.01654029872452039,34,22,9,21,110,202
2626,0.024991370926137152,34,20,11,25,143,246
2627,0.02595352362198358,34,21,10,23,111,168
2628,0.0266578438026676,34,20,10,24,120,180
2629,0.014608557522041293,34,19,8,23,103,206
2630,0.016152603930529138,34,22,8,20,127,242
2631,0.016758608619334273,34,24,8,18,88,112
2632,0.014888255510869947,34,22,10,22,110,142
2633,0.015517093585312294,34,24,9,19,94,106
2634,0.01043652731992295,34,23,8,19,83,116
2635,0.01441431948893128,34,25,7,16,86,122
2636,0.00568378416391957,34,20,9,23,109,202
2637,0.010751975462654065,34,21,9,22,125,210
2638,0.03215968318350822,34,19,8,23,119,236
2639,0.027845407830237687,34,23,8,19,88,124
2640,0.013265017403212474,34,20,10,24,116,166
2641,0.024475446386565403,34,17,10,27,110,210
2642,0.014117753533522466,34,23,9,20,117,162
2643,0.012803768135452694,34,21,12,25,148,160
2644,0.02617695946947468,34,19,9,24,141,280
2645,0.012019715281691028,34,21,8,21,111,230
2646,0.017689857437460602,34,16,12,30,172,286
2647,0.012118516962627102,34,21,11,24,111,144
2648,0.01605436993433316,34,22,9,21,117,168
2649,0.006975562200222621,34,25,6,15,85,148
2650,0.023182837558561264,34,19,10,25,103,214
2651,0.017623950122909855,34,23,8,19,103,142
2652,0.011882151745981298,34,21,12,25,136,166
2653,0.01302173797761031,34,22,7,19,119,218
2654,0.01609314251829662,34,20,10,24,100,148
2655,0.023122283860577193,34,21,10,23,125,174
2656,0.014497101563390586,34,22,11,23,133,142
2657,0.01886463458196435,34,20,6,20,104,332
2658,0.018837901150827622,34,22,11,23,139,172
2659,0.017017171974113704,34,23,11,22,104,104
2660,0.017691320699156386,34,21,11,24,170,250
2661,0.024172448263588622,34,19,10,25,143,280
2662,0.015507635414099455,34,21,9,22,136,226
2663,0.006758685892084438,34,21,9,22,122,260
2664,0.025690842610100587,34,25,8,17,83,92
2665,0.01249077162673565,34,25,7,16,91,130
2666,0.005564265280183861,34,18,7,23,95,224
2667,0.031452343582657624,34,23,7,18,73,118
2668,0.01923040882539649,34,21,8,21,110,198
2669,0.012674611143260801,34,20,10,24,131,212
2670,0.01728356178920262,34,18,13,29,123,150
2671,0.016563390802003367,34,20,9,23,90,152
2672,0.01613479307329607,34,17,10,27,144,252
2673,0.01181255043206371,34,23,9,20,90,130
2674,0.020186655910961776,34,22,9,21,127,184
2675,0.03412693250523868,34,20,10,24,120,192
2676,0.026884313982542315,34,25,7,16,74,98
2677,0.029088005083951735,34,25,7,16,68,92
2678,0.017988874687045225,34,21,10,23,104,140
2679,0.024925447477750717,34,22,8,20,110,192
2680,0.016587833019554618,34,22,9,21,129,168
2681,0.010377910968535471,34,24,6,16,78,144
2682,0.011714472196349749,34,22,9,21,94,136
2683,0.033792369339973385,34,24,7,17,73,112
2684,0.013027623018189001,34,20,10,24,110,166
2685,0.007225499405076566,34,22,9,21,100,130
2686,0.02544316226283498,34,22,9,21,112,172
2687,0.019842753121286125,34,21,10,23,101,152
2688,0.011551713361906912,34,21,10,23,130,184
2689,0.0032135171994935735,34,23,10,21,124,154
2690,0.03045096301866105,34,24,8,18,94,118
2691,0.029104756795926792,34,24,7,17,76,128
2692,0.010653509712441767,34,24,9,19,85,94
2693,0.013314934648694363,34,21,10,23,135,192
2694,0.01400762740500286,34,21,11,24,110,140
2695,0.010627609634519669,34,21,9,22,94,144
2696,0.007342075771705661,34,22,9,21,127,206
2697,0.010542296479259597,34,18,10,26,135,270
2698,0.011816059753044263,34,25,6,15,74,128
2699,0.010454725495087469,34,23,8,19,101,134
2700,0.01678416340281027,34,21,11,24,124,204
2701,0.021280495922263755,34,23,9,20,106,148
2702,0.011391654548324123,34,21,10,23,99,148
2703,0.03672965858146937,34,22,5,17,71,232
2704,0.013491510785202804,34,21,8,21,111,182
2705,0.01779328302704402,34,18,11,27,144,268
2706,0.00920491050031303,34,18,9,25,134,290
2707,0.031303162472512594,34,21,8,21,97,156
2708,0.018977539421852693,34,23,9,20,121,172
2709,0.029127100266698007,34,23,9,20,120,144
2710,0.008815530493545422,34,19,11,26,97,142
2711,0.01657443738783796,34,20,10,24,153,246
2712,0.00613905125373064,34,21,9,22,86,128
2713,0.016745328351206228,34,20,8,22,150,354
2714,0.014420565084565781,34,20,12,26,121,148
2715,0.02518481244996334,34,26,8,16,104,104
2716,0.01517823925407294,34,20,8,22,118,254
2717,0.026476704902202206,34,17,10,27,135,248
2718,0.018920985417205563,34,18,10,26,112,186
2719,0.016215315144252153,34,20,12,26,134,176
2720,0.025813440830330398,34,23,9,20,87,108
2721,0.012784903565012301,34,21,10,23,122,176
2722,0.01683591231770994,34,20,11,25,130,182
2723,0.010317887785526864,34,19,9,24,116,206
2724,0.011644639412988732,34,25,6,15,82,142
2725,0.015507635414099455,34,24,9,19,109,118
2726,0.02271122615318077,34,19,11,26,121,182
2727,0.00524522273898842,34,18,10,26,150,244
2728,0.017730207020513332,34,21,9,22,97,150
2729,0.011147329890424811,34,21,11,24,116,140
2730,0.011882151745981298,34,20,11,25,110,146
2731,0.022112503146396817,34,20,9,23,105,156
2732,0.01824697059442361,34,26,8,16,78,78
2733,0.01021343906048415,34,20,9,23,94,156
2734,0.011257326261017192,34,21,11,24,104,128
2735,0.02414138775986177,34,18,9,25,115,268
2736,0.014315517333784833,34,18,8,24,145,302
2737,0.0134598635347866,34,23,9,20,105,150
2738,0.013768890102658096,34,21,9,22,113,184
2739,0.007798419798812503,34,18,12,28,137,176
2740,0.014843109964651095,34,24,8,18,129,192
2741,0.028133837277636905,34,22,9,21,98,128
2742,0.018066545273610568,34,20,8,22,104,212
2743,0.01021004980823545,34,20,11,25,129,180
2744,0.015729060768350178,34,21,9,22,113,184
2745,0.013957944404230767,34,22,9,21,131,210
2746,0.02097952363285536,34,23,9,20,100,142
2747,0.013642256983868825,34,21,10,23,116,170
2748,0.02071554285781639,34,22,9,21,115,172
2749,0.029153498060757177,34,20,9,23,120,198
2750,0.013930069243188486,34,19,10,25,136,252
2751,0.012366829636155409,34,24,9,19,112,142
2752,0.015470030537540612,34,22,10,22,89,110
2753,0.016531193285579216,34,22,8,20,90,156
2754,0.010245445005326231,34,21,6,19,92,212
2755,0.02439553291884828,34,21,9,22,139,232
2756,0.009471225578972751,34,24,9,19,130,154
2757,0.010987984412865841,34,23,10,21,94,106
2758,0.021264350924394493,34,23,8,19,89,146
2759,0.003993317088624389,34,21,8,21,108,216
2760,0.022346504552133453,34,24,9,19,87,96
2761,0.01835347722014611,34,21,9,22,117,176
2762,0.012509276362126731,34,20,10,24,105,156
2763,0.012211123078541275,34,24,8,18,117,162
2764,0.023354401704657995,34,20,10,24,128,216
2765,0.01748770109025953,34,26,5,13,55,110
2766,0.010034964948202899,34,23,9,20,106,148
2767,0.005330226407589483,34,22,10,22,112,148
2768,0.016423294139578958,34,22,7,19,68,122
2769,0.01297783631725341,34,19,11,26,107,164
2770,0.008798672515857052,34,20,9,23,111,210
2771,0.013054067024053942,34,23,8,19,95,128
2772,0.00958770138706402,34,24,8,18,100,142
2773,0.011017110191212834,34,21,9,22,108,206
2774,0.015591002493327729,34,21,13,26,126,126
2775,0.016291575298557726,34,22,8,20,96,162
2776,0.012419182148100998,34,21,10,23,124,166
2777,0.021020954737974683,34,22,9,21,107,148
2778,0.016413738837114646,34,21,8,21,119,190
2779,0.03591669405092051,34,22,10,22,106,130
2780,0.029047881744063468,34,22,8,20,80,128
2781,0.01519766143171786,34,22,9,21,140,188
2782,0.027723509425050998,34,19,11,26,161,230
2783,0.014124720760594709,34,22,10,22,148,228
2784,0.01434323075623379,34,19,10,25,169,292
2785,0.014608557522041293,34,24,7,17,91,180
2786,0.020268253591716946,34,22,8,20,87,144
2787,0.010515559055960091,34,22,9,21,109,166
2788,0.016090656928972442,34,23,8,19,66,102
2789,0.009780702802974398,34,20,11,25,129,180
2790,0.008659815588932376,34,20,10,24,110,158
2791,0.017119544717145767,34,21,8,21,92,146
2792,0.015352579015230853,34,25,8,17,103,118
2793,0.00864628023273651,34,23,10,21,92,104
2794,0.017805844396751133,34,19,11,26,129,198
2795,0.025758079188066767,34,23,7,18,73,132
2796,0.009273637762957924,34,21,8,21,90,150
2797,0.011833157238957615,34,22,7,19,104,278
2798,0.01725647241898931,34,22,10,22,103,130
2799,0.019583526174445375,34,22,9,21,117,190
2800,0.008322964525091622,34,21,11,24,109,136
2801,0.016335552771324216,34,20,8,22,103,196
2802,0.0305760146204289,34,19,11,26,155,242
2803,0.018851717364423343,34,22,10,22,92,124
2804,0.010498710233990155,34,18,10,26,151,284
2805,0.011760275400049716,34,23,10,21,94,118
2806,0.012949669112553578,34,26,7,15,77,86
2807,0.014535085680118437,34,21,11,24,107,128
2808,0.023752173972147378,34,23,8,19,86,130
2809,0.0014427649384453414,34,20,11,25,128,170
2810,0.02726921190107015,34,22,8,20,112,178
2811,0.015379182568630162,34,25,7,16,85,124
2812,0.010030616762105649,34,22,9,21,79,112
2813,0.01642097725151995,34,20,10,24,108,182
2814,0.011184946014613735,34,23,7,18,95,154
2815,0.011643430016760048,34,21,9,22,116,176
2816,0.017024713858878965,34,22,12,24,124,124
2817,0.008893329870953148,34,21,8,21,99,198
2818,0.014065164506173476,34,20,10,24,135,210
2819,0.011521642543016276,34,25,8,17,96,126
2820,0.025738108753649215,34,23,8,19,100,144
2821,0.026198676880588564,34,20,8,22,109,242
2822,0.01069098608039484,34,22,11,23,128,140
2823,0.014167446474497587,34,23,10,21,123,138
2824,0.014146464278456436,34,19,9,24,122,252
2825,0.016284200181524888,34,24,9,19,100,112
2826,0.007824641252878198,34,23,8,19,79,112
2827,0.023014739006214036,34,23,9,20,119,176
2828,0.010264253448599776,34,20,11,25,124,166
2829,0.029156863234092126,34,23,8,19,86,134
2830,0.00935166104047401,34,20,7,21,139,330
2831,0.018347763998309775,34,24,7,17,55,82
2832,0.010930247360207701,34,21,7,20,88,166
2833,0.009611235535093805,34,21,8,21,102,226
2834,0.009296600210580926,34,23,8,19,107,152
2835,0.013239477527794884,34,24,8,18,102,126
2836,0.020421208250108135,34,19,8,23,109,240
2837,0.023184899055979945,34,20,12,26,140,172
2838,0.01147374348488392,34,22,9,21,95,146
2839,0.011545695138807884,34,24,9,19,75,84
2840,0.0066245384699896714,34,22,9,21,116,152
2841,0.01609019330787808,34,24,8,18,66,84
2842,0.014907329982362605,34,21,7,20,113,252
2843,0.006889423242318782,34,21,8,21,103,172
2844,0.01941317817343173,34,20,11,25,100,130
2845,0.01379460899303156,34,21,10,23,115,160
2846,0.023013016522232137,34,19,12,27,136,172
2847,0.016895639318630525,34,23,10,21,86,98
2848,0.0131391858484265,34,22,11,23,109,118
2849,0.014850516304431013,34,21,9,22,99,186
2850,0.01303188891892152,34,23,9,20,88,106
2851,0.013262375622060847,34,24,6,16,73,124
2852,0.016971225437036302,34,22,8,20,89,140
2853,0.019924967338831267,34,22,9,21,109,154
2854,0.014141881873067225,34,21,7,20,123,272
2855,0.012918760991026495,34,24,8,18,84,114
2856,0.01566072471239539,34,21,8,21,103,172
2857,0.01993970571762021,34,20,10,24,113,196
2858,0.011258233038658153,34,23,9,20,88,106
2859,0.01634038726810405,34,23,6,17,56,122
2860,0.01557534634563193,34,23,9,20,100,132
2861,0.037427878959319844,34,18,10,26,144,312
2862,0.015687037156577696,34,23,7,18,133,322
2863,0.019808398788816545,34,25,6,15,77,134
2864,0.027855476466381188,34,21,12,25,112,124
2865,0.01424804010256953,34,21,11,24,102,120
2866,0.022153945075593623,34,22,9,21,137,200
2867,0.015501597809739143,34,24,8,18,70,102
2868,0.012324414155772866,34,22,11,23,118,130
2869,0.013014260215887478,34,24,8,18,98,122
2870,0.021834821318392067,34,24,7,17,67,100
2871,0.020530773437377126,34,23,9,20,83,104
2872,0.017313992611038213,34,19,9,24,78,156
2873,0.017331610718860177,34,22,10,22,143,182
2874,0.011405658259918409,34,19,11,26,130,196
2875,0.01427903669300527,34,19,12,27,126,168
2876,0.018691732648438167,34,23,8,19,102,144
2877,0.01287529904081285,34,24,6,16,54,102
2878,0.020067799740458248,34,21,10,23,122,214
2879,0.015219182819398519,34,23,10,21,122,152
2880,0.024904007882207223,34,18,9,25,119,254
2881,0.00970779958249092,34,20,10,24,143,268
2882,0.01019878327259792,34,21,8,21,80,164
2883,0.016248482631590903,34,21,11,24,143,200
2884,0.018896523783894816,34,22,8,20,92,156
2885,0.01530848601997413,34,22,9,21,85,112
2886,0.01109420192473752,34,21,10,23,105,146
2887,0.009905877980103311,34,24,8,18,113,152
2888,0.021760845610203514,34,18,11,27,128,196
2889,0.021137531695805553,34,19,9,24,107,184
2890,0.024846605634054972,34,23,8,19,107,158
2891,0.012748499824972954,34,21,10,23,103,152
2892,0.014967125940622189,34,22,11,23,127,136
2893,0.022316263150027715,34,23,8,19,103,176
2894,0.018187561620439364,34,21,9,22,81,126
2895,0.005682106949942856,34,21,9,22,113,172
2896,0.01580359748142996,34,23,10,21,107,122
2897,0.010462631448695844,34,23,8,19,77,132
2898,0.013637643847334908,34,21,9,22,103,172
2899,0.018945865274045418,34,24,7,17,83,134
2900,0.02651387975867925,34,22,8,20,104,186
2901,0.01797699391600644,34,19,11,26,137,218
2902,0.011989126832724496,34,21,11,24,105,132
2903,0.008903861124631995,34,21,8,21,91,166
2904,0.028776818300179474,34,21,10,23,118,160
2905,0.015278238022968706,34,23,9,20,110,128
2906,0.010525333778059018,34,18,9,25,138,286
2907,0.018698729105359007,34,22,9,21,135,216
2908,0.01757406808437776,34,20,10,24,107,174
2909,0.014625844255644532,34,19,12,27,149,206
2910,0.01824295928976579,34,18,10,26,128,262
2911,0.01612674751697271,34,20,9,23,111,182
2912,0.008093777639302885,34,18,10,26,135,260
2913,0.01275576451170908,34,21,10,23,102,138
2914,0.013417622143522032,34,24,8,18,96,138
2915,0.02502857047783442,34,20,8,22,96,190
2916,0.008441352586014791,34,23,9,20,102,126
2917,0.020754813612710844,34,22,8,20,112,168
2918,0.02466267073260331,34,21,10,23,120,164
2919,0.004114756774541813,34,22,11,23,122,134
2920,0.013915508412035944,34,22,10,22,124,148
2921,0.020014509418147156,34,26,6,14,63,90
2922,0.01141540364917823,34,20,8,22,100,198
2923,0.02404514532918784,34,22,8,20,115,192
2924,0.012509276362126731,34,19,8,23,95,194
2925,0.014539909355686536,34,23,9,20,84,108
2926,0.006404497943589146,34,19,10,25,133,230
2927,0.02163874443669346,34,23,10,21,112,124
2928,0.015009726188434866,34,20,8,22,102,204
2929,0.009883950027442648,34,24,9,19,108,132
2930,0.03153569368248381,34,21,10,23,137,212
2931,0.012172530302709858,34,21,8,21,100,172
2932,0.03821781383396538,34,20,9,23,104,186
2933,0.012345982601878996,34,20,10,24,114,156
2934,0.01359304236648317,34,21,12,25,145,154
2935,0.009244971514472646,34,25,7,16,78,96
2936,0.017434357644564302,34,24,8,18,79,100
2937,0.02145502155225474,34,24,9,19,96,108
2938,0.01470071246579593,34,23,8,19,110,140
2939,0.01895491604152353,34,21,8,21,109,230
2940,0.012509276362126731,34,21,12,25,142,172
2941,0.010523284046323356,34,22,9,21,93,120
2942,0.01638850351935038,34,20,10,24,115,166
2943,0.012630613547838163,34,23,9,20,109,136
2944,0.016623700976762856,34,23,6,17,77,142
2945,0.02116877310720132,34,23,8,19,98,134
2946,0.029345745905800302,34,19,10,25,137,270
2947,0.012376180837237218,34,22,9,21,100,154
2948,0.02658300921864376,34,20,10,24,91,136
2949,0.01698528904859444,34,24,6,16,97,178
2950,0.01354392287226857,34,24,8,18,80,104
2951,0.016692932934365346,34,22,8,20,97,168
2952,0.012987514237585315,34,23,11,22,114,114
2953,0.005719365431658293,34,21,9,22,131,206
2954,0.01763310215380441,34,24,8,18,71,98
2955,0.013198606252291259,34,21,9,22,101,170
2956,0.02357211194815674,34,23,7,18,115,202
2957,0.014004715143961195,34,26,7,15,69,84
2958,0.026759076825202045,34,24,6,16,61,120
2959,0.0032135171994935735,34,22,10,22,138,218
2960,0.02985658051435571,34,26,5,13,62,152
2961,0.012580316030618755,34,20,10,24,94,142
2962,0.009319097412539099,34,21,10,23,120,156
2963,0.01817021963906315,34,18,9,25,128,260
2964,0.010462631448695844,34,22,10,22,98,130
2965,0.013693865041691913,34,21,11,24,142,166
2966,0.01691671670874441,34,23,9,20,115,136
2967,0.007351794048692656,34,19,8,23,121,240
2968,0.01765477706130237,34,22,11,23,110,122
2969,0.023312010663571435,34,26,8,16,78,78
2970,0.021761276776654324,34,22,10,22,94,118
2971,0.006774057567486669,34,19,9,24,103,212
2972,0.011288853648943702,34,20,11,25,134,190
2973,0.020942759787493978,34,23,10,21,105,114
2974,0.025955586741974138,34,22,9,21,113,170
2975,0.032770482848469576,34,22,8,20,121,236
2976,0.01331785457235106,34,22,10,22,83,104
2977,0.022484752042426767,34,22,8,20,81,148
2978,0.027574594624178706,34,22,7,19,75,156
2979,0.009847593954208797,34,22,10,22,126,168
2980,0.01670150796938668,34,21,9,22,110,176
2981,0.02001561941045208,34,21,7,20,89,174
2982,0.015091770264648276,34,24,8,18,81,102
2983,0.015595380830618559,34,23,11,22,118,118
2984,0.015022507370072928,34,24,6,16,80,134
2985,0.010477232375455656,34,22,8,20,92,152
2986,0.012007542392067874,34,23,10,21,128,158
2987,0.019961190677627662,34,24,9,19,113,146
2988,0.02800771921394435,34,20,9,23,111,192
2989,0.024302935711577323,34,20,10,24,140,206
2990,0.01867648317577926,34,22,10,22,88,112
2991,0.012532988752480795,34,21,7,20,74,140
2992,0.017341976158077997,34,24,8,18,115,160
2993,0.020061887146337866,34,23,8,19,86,116
2994,0.01969691162009178,34,23,8,19,83,130
2995,0.016787352286752863,34,21,8,21,123,252
2996,0.022890625031305414,34,21,7,20,74,148
2997,0.011484946939635206,34,21,11,24,111,132
2998,0.014515630508560497,34,24,7,17,75,108
2999,0.021497727768633894,34,23,6,17,59,124
3000,0.029345745905800302,34,21,10,23,142,248
3001,0.013129908460703131,34,23,9,20,98,140
3002,0.007702554022180761,34,21,9,22,109,166
3003,0.02615629888038952,34,23,9,20,89,116
3004,0.0121093971440022,34,22,8,20,97,166
3005,0.01392956073791304,34,23,7,18,94,176
3006,0.017854379997262013,34,20,9,23,89,146
3007,0.012857953003019212,34,21,9,22,122,176
3008,0.015507635414099455,34,19,11,26,163,296
3009,0.026503075135600157,34,22,9,21,123,180
3010,0.009272564692292255,34,22,9,21,105,144
3011,0.019163981713077663,34,22,7,19,86,186
3012,0.01735433580685872,34,18,12,28,123,168
3013,0.01890790497772451,34,26,6,14,73,100
3014,0.02096542905148835,34,21,10,23,101,134
3015,0.010673132233612,34,18,12,28,162,274
3016,0.02705907155270603,34,21,8,21,72,126
3017,0.015034928153675617,34,23,9,20,95,116
3018,0.026827981724634256,34,20,9,23,82,148
3019,0.015507635414099455,34,20,10,24,137,212
3020,0.01414417307576183,34,23,10,21,106,118
3021,0.009263659649031378,34,21,8,21,91,150
3022,0.007129577320376723,34,21,10,23,130,250
3023,0.03292615415516968,34,22,9,21,98,158
3024,0.01721486627471927,34,22,9,21,101,134
3025,0.007789507215192868,34,21,8,21,125,230
3026,0.02223964069427302,34,20,10,24,99,158
3027,0.019970031683194504,34,21,10,23,110,146
3028,0.006603139276265144,34,19,11,26,138,186
3029,0.01337139201005113,34,22,8,20,112,216
3030,0.014395217560887338,34,19,8,23,151,522
3031,0.01642836613850275,34,23,9,20,104,128
3032,0.0076796860093974705,34,19,10,25,128,272
3033,0.010790144476232513,34,22,7,19,91,166
3034,0.015254790991060155,34,20,10,24,113,180
3035,0.015517093585312294,34,20,10,24,104,152
3036,0.02463621468128316,34,20,8,22,122,274
3037,0.013557164843872604,34,23,8,19,80,110
3038,0.015354043159987674,34,21,9,22,107,158
3039,0.012474265573833482,34,23,11,22,112,112
3040,0.01877126467358076,34,21,8,21,106,216
3041,0.014280246090869239,34,26,8,16,86,86
3042,0.017600319693477307,34,22,9,21,126,192
3043,0.012416313630110587,34,23,8,19,81,114
3044,0.017228987068102934,34,19,9,24,106,184
3045,0.01750422875376112,34,21,10,23,106,148
3046,0.007420096926284939,34,20,11,25,110,146
3047,0.0214876299199869,34,21,9,22,100,154
3048,0.020718935626281153,34,19,8,23,99,186
3049,0.014858363632938291,34,21,9,22,95,160
3050,0.019466885227187786,34,18,10,26,135,246
3051,0.02524490662556085,34,20,10,24,129,198
3052,0.03494782522981187,34,21,10,23,111,144
3053,0.025129449662258222,34,25,9,18,82,82
3054,0.011864825464077716,34,24,9,19,110,140
3055,0.02275402176930108,34,21,9,22,99,138
3056,0.018165352352694057,34,21,9,22,82,130
3057,0.015247425530517417,34,21,8,21,99,206
3058,0.012288254467045262,34,26,7,15,88,100
3059,0.02857139574127068,34,22,8,20,80,128
3060,0.01638850351935038,34,21,9,22,102,144
3061,0.020350721496212587,34,19,9,24,129,222
3062,0.017112816817728388,34,23,8,19,74,110
3063,0.013335472926122003,34,21,11,24,103,142
3064,0.013110222431814304,34,21,10,23,146,246
3065,0.016354651234699126,34,22,8,20,85,130
3066,0.016644583915099043,34,25,8,17,83,92
3067,0.01359734007009875,34,20,10,24,119,190
3068,0.019031017477619892,34,20,10,24,111,156
3069,0.02476183242095409,34,23,7,18,73,134
3070,0.019088540191940145,34,24,9,19,91,100
3071,0.017361008224959694,34,22,10,22,105,132
3072,0.022484752042426767,34,20,11,25,102,138
3073,0.023580771919774805,34,24,7,17,82,134
3074,0.019757188457282276,34,25,7,16,74,106
3075,0.011240968661513057,34,20,11,25,135,186
3076,0.014385322873450596,34,24,9,19,108,126
3077,0.0342616880461538,34,21,8,21,88,172
3078,0.016381724932795293,34,24,9,19,63,72
3079,0.027248081892792424,34,24,7,17,70,100
3080,0.02382688951549801,34,21,10,23,117,174
3081,0.009914302060661167,34,21,8,21,101,164
3082,0.014079293365276205,34,23,9,20,102,134
3083,0.013198606252291259,34,22,8,20,108,206
3084,0.011444866934402009,34,22,9,21,106,168
3085,0.011833157238957615,34,24,7,17,102,168
3086,0.013083020193847342,34,22,9,21,94,130
3087,0.012636688716571115,34,21,7,20,146,322
3088,0.008615043508485735,34,23,8,19,97,130
3089,0.015507635414099455,34,20,10,24,127,208
3090,0.025365520623119725,34,20,7,21,87,186
3091,0.021770782505705823,34,20,7,21,76,160
3092,0.017234098689233507,34,21,8,21,100,184
3093,0.02587545934560305,34,23,8,19,88,124
3094,0.020508536288359705,34,20,9,23,102,162
3095,0.01720727867210807,34,20,11,25,145,202
3096,0.008806221953558471,34,23,8,19,101,146
3097,0.01259708012802127,34,22,9,21,79,126
3098,0.011666478322286095,34,24,7,17,77,116
3099,0.0135173102460018,34,21,8,21,98,168
3100,0.012019501332886814,34,23,10,21,101,116
3101,0.01916020683778211,34,23,9,20,96,138
3102,0.021056595276827683,34,21,8,21,86,170
3103,0.016015109672670683,34,20,8,22,144,276
3104,0.015275289448503565,34,21,7,20,106,214
3105,0.01992013654354985,34,22,10,22,100,136
3106,0.011831308717175571,34,23,10,21,98,110
3107,0.022774596724453727,34,21,9,22,107,164
3108,0.014812235381505952,34,23,7,18,64,136
3109,0.015698719970136138,34,22,9,21,93,126
3110,0.00937453517604682,34,21,9,22,166,250
3111,0.027981247742940404,34,22,9,21,97,148
3112,0.03185257556840816,34,19,8,23,125,238
3113,0.01364023993972071,34,20,10,24,122,196
3114,0.02234527835362502,34,23,9,20,88,112
3115,0.022399751417778918,34,22,9,21,124,216
3116,0.014595623142191878,34,24,9,19,93,108
3117,0.016888651167083865,34,23,10,21,118,130
3118,0.013590664780875658,34,22,9,21,100,136
3119,0.022959119010326073,34,26,5,13,60,104
3120,0.030069985884832978,34,20,9,23,144,258
3121,0.01758647691377606,34,23,10,21,114,126
3122,0.018779798307036143,34,23,11,22,108,108
3123,0.013122519363387791,34,22,10,22,97,118
3124,0.011406960041468885,34,21,10,23,119,170
3125,0.011545212438745851,34,21,10,23,122,164
3126,0.014358864691876898,34,21,8,21,114,216
3127,0.017302054746666677,34,22,6,18,92,210
3128,0.015769696847702668,34,20,9,23,117,200
3129,0.013564843403485134,34,20,9,23,137,276
3130,0.015668379701135653,34,24,7,17,97,166
3131,0.00909541048197298,34,20,7,21,115,322
3132,0.01261872789309533,34,20,10,24,155,264
3133,0.01153083926968352,34,21,8,21,93,158
3134,0.012816233534040808,34,23,8,19,87,136
3135,0.02372017210120772,34,21,9,22,88,136
3136,0.012873172087598549,34,20,11,25,130,172
3137,0.032351334999946406,34,22,8,20,83,136
3138,0.014323444520114845,34,20,11,25,127,166
3139,0.014154482257830503,34,19,9,24,121,214
3140,0.030818958237833288,34,21,7,20,85,192
3141,0.014082043066821232,34,24,8,18,112,172
3142,0.01862574794333898,34,21,10,23,134,216
3143,0.016150607379397067,34,20,8,22,110,200
3144,0.026920512495608222,34,21,9,22,121,178
3145,0.011314290558063829,34,19,9,24,140,246
3146,0.009212104344163918,34,22,10,22,124,166
3147,0.01990242775906001,34,25,8,17,113,146
3148,0.006632823681796185,34,20,9,23,133,258
3149,0.01209100424161506,34,20,10,24,128,222
3150,0.009930892160790045,34,20,9,23,117,224
3151,0.007768336086924871,34,21,10,23,126,156
3152,0.013844082091183776,34,21,9,22,115,184
3153,0.022960565199437302,34,22,9,21,134,188
3154,0.015353328345032169,34,25,8,17,64,76
3155,0.013537925884930621,34,25,7,16,94,134
3156,0.01956782434527575,34,23,8,19,101,148
3157,0.020908141803435486,34,22,9,21,123,156
3158,0.014473163993708411,34,20,9,23,131,258
3159,0.0219180366217058,34,21,8,21,93,164
3160,0.017434357644564302,34,23,9,20,114,194
3161,0.012575183309981634,34,22,10,22,112,130
3162,0.026643334373149613,34,21,10,23,121,170
3163,0.01699335844026035,34,23,8,19,77,110
3164,0.0117364145149251,34,19,11,26,130,202
3165,0.015263985014189983,34,21,9,22,109,178
3166,0.021760845610203514,34,23,8,19,124,224
3167,0.022459548531736095,34,22,8,20,129,198
3168,0.006092700986542826,34,23,7,18,72,126
3169,0.010523319453095648,34,19,11,26,120,194
3170,0.01273446924608293,34,21,10,23,117,168
3171,0.013427772060762531,34,23,10,21,104,116
3172,0.011833157238957615,34,25,8,17,75,84
3173,0.014142615911927309,34,23,7,18,70,126
3174,0.03207995204691151,34,19,11,26,145,254
3175,0.013507360388518241,34,23,9,20,83,110
3176,0.018760551061506123,34,23,9,20,87,108
3177,0.015022486253959882,34,20,8,22,127,280
3178,0.023195399891319406,34,22,9,21,140,258
3179,0.015379182568630162,34,20,10,24,158,254
3180,0.013184122242903992,34,21,11,24,139,184
3181,0.015213038381048354,34,22,10,22,120,162
3182,0.016026878739802075,34,20,11,25,136,190
3183,0.020590667161188188,34,20,12,26,95,116
3184,0.019817246217966072,34,21,10,23,117,156
3185,0.013654336944812814,34,22,10,22,99,132
3186,0.012819250720269616,34,19,11,26,142,220
3187,0.034115682053166216,34,21,7,20,84,180
3188,0.012431825592690751,34,20,11,25,145,202
3189,0.023976929518492635,34,21,8,21,92,160
3190,0.011836295556041126,34,23,9,20,108,132
3191,0.011463784774232145,34,24,7,17,102,194
3192,0.021382694992659892,34,18,12,28,104,154
3193,0.014984738316387768,34,22,9,21,107,158
3194,0.017345510187106304,34,22,9,21,114,158
3195,0.013081284957902083,34,18,9,25,157,370
3196,0.03909345621744839,34,20,8,22,127,250
3197,0.016150607379397067,34,20,10,24,134,240
3198,0.013241782337611321,34,23,8,19,122,194
3199,0.01985003103002636,34,23,11,22,96,96
3200,0.01984652473398746,34,21,11,24,128,170
3201,0.012387036956488053,34,23,9,20,105,126
3202,0.017580138457127734,34,19,11,26,153,260
3203,0.01538990621156109,34,22,9,21,96,156
3204,0.011621769623951686,34,20,11,25,101,134
3205,0.018479933443084205,34,24,7,17,64,100
3206,0.016916203319282487,34,22,8,20,84,126
3207,0.018165352352694057,34,21,8,21,95,158
3208,0.014109844147924811,34,21,11,24,95,122
3209,0.017310660453700583,34,22,8,20,90,146
3210,0.014269104237658453,34,24,10,20,104,104
3211,0.011792184550650633,34,18,10,26,109,200
3212,0.0259734659820548,34,20,9,23,133,244
3213,0.008644092380760166,34,22,9,21,113,164
3214,0.014201197082742544,34,28,6,12,68,68
3215,0.01591916685599559,34,23,8,19,100,142
3216,0.013138119884881234,34,23,9,20,103,124
3217,0.02439079333269086,34,20,9,23,93,166
3218,0.01461447407908923,34,22,8,20,114,198
3219,0.013290607522216613,34,20,10,24,103,166
3220,0.00937453517604682,34,23,8,19,93,126
3221,0.013882193588781573,34,22,9,21,139,208
3222,0.013110103640707638,34,22,6,18,84,156
3223,0.0075741404526239245,34,21,7,20,79,154
3224,0.014154482257830503,34,24,7,17,117,214
3225,0.01687787325598459,34,23,8,19,105,152
3226,0.028072080842760055,34,26,7,15,65,80
3227,0.00961216996133956,34,24,7,17,94,148
3228,0.01722861925097935,34,21,8,21,115,196
3229,0.012177725306185383,34,21,9,22,105,150
3230,0.014136795309431033,34,22,8,20,106,166
3231,0.022156302640862588,34,24,10,20,104,104
3232,0.01043652731992295,34,21,10,23,127,172
3233,0.011324490404670658,34,25,6,15,66,110
3234,0.022256728849167087,34,22,8,20,125,206
3235,0.014871648259504315,34,22,8,20,115,190
3236,0.017641924781775738,34,21,9,22,87,140
3237,0.01400293996395198,34,21,11,24,93,114
3238,0.014171652909892349,34,21,11,24,140,164
3239,0.022501571274675787,34,25,7,16,88,112
3240,0.01955854017531894,34,19,8,23,162,346
3241,0.012481001403313496,34,22,11,23,114,126
3242,0.010995364005729827,34,21,9,22,104,188
3243,0.00937453517604682,34,22,9,21,104,140
3244,0.01012513671595916,34,20,8,22,110,216
3245,0.017014451201907935,34,24,7,17,78,108
3246,0.010245445005326231,34,24,6,16,116,266
3247,0.01580274674376419,34,24,7,17,65,110
3248,0.015179588540240208,34,21,9,22,126,182
3249,0.011574828523463372,34,24,8,18,109,136
3250,0.028743951368415684,34,20,11,25,126,192
3251,0.012370946416322942,34,19,11,26,123,176
3252,0.00859693505389822,34,21,6,19,69,164
3253,0.016682407540670522,34,26,7,15,80,98
3254,0.010723314203132828,34,22,8,20,117,174
3255,0.013920268384833998,34,24,6,16,79,132
3256,0.01476031701225776,34,21,11,24,139,178
3257,0.012136029701362301,34,22,9,21,117,168
3258,0.021371883297549556,34,24,8,18,110,134
3259,0.01063401504763161,34,20,10,24,116,182
3260,0.01174053008166838,34,19,11,26,113,166
3261,0.015119397516584088,34,23,7,18,98,164
3262,0.013902336070847544,34,22,9,21,120,156
3263,0.012491554202016308,34,20,11,25,129,180
3264,0.02594603083203778,34,22,9,21,108,144
3265,0.018016602202178413,34,23,8,19,107,154
3266,0.008155304354548781,34,18,9,25,117,248
3267,0.016420423681931633,34,24,8,18,76,106
3268,0.01165770720467751,34,18,10,26,171,336
3269,0.01181255043206371,34,21,11,24,128,152
3270,0.020687682578662367,34,22,10,22,95,128
3271,0.006363760370750447,34,22,7,19,99,204
3272,0.017548391416034065,34,21,9,22,126,186
3273,0.011337862009189723,34,22,8,20,95,160
3274,0.020337607278321842,34,22,10,22,99,120
3275,0.01878659676304518,34,20,11,25,134,178
3276,0.006948847711431991,34,20,8,22,109,242
3277,0.026359128911992557,34,21,9,22,92,156
3278,0.010267113119658347,34,19,8,23,95,218
3279,0.014146464278456436,34,22,11,23,124,154
3280,0.02155571440172116,34,22,9,21,131,206
3281,0.00741447793924041,34,23,9,20,80,98
3282,0.0227492320077056,34,20,7,21,89,222
3283,0.013871150084271977,34,20,9,23,101,176
3284,0.01980057066062957,34,22,10,22,83,104
3285,0.016832228348955577,34,19,9,24,138,300
3286,0.0223303851379722,34,22,8,20,101,186
3287,0.022317144893299876,34,19,10,25,116,200
3288,0.013787696222852423,34,25,6,15,100,148
3289,0.01638541145220547,34,23,9,20,72,90
3290,0.018808331746752394,34,21,10,23,95,128
3291,0.018691732648438167,34,22,8,20,126,208
3292,0.009543566316679838,34,23,9,20,86,104
3293,0.03218002042708751,34,18,13,29,144,198
3294,0.022153945075593623,34,24,9,19,92,104
3295,0.01054365984253259,34,21,8,21,136,304
3296,0.015128056168259851,34,25,6,15,89,154
3297,0.013608350010204467,34,24,8,18,80,98
3298,0.024921623982637205,34,18,8,24,117,230
3299,0.022892653089056553,34,22,9,21,101,158
3300,0.01261373546905395,34,21,8,21,94,188
3301,0.014620658760261841,34,22,8,20,73,142
3302,0.009186782182241122,34,22,9,21,100,136
3303,0.01573767206732058,34,22,7,19,110,214
3304,0.012037974271309496,34,22,6,18,113,280
3305,0.012556107711585843,34,20,9,23,111,188
3306,0.01585809676793515,34,19,9,24,126,246
3307,0.012532988752480795,34,21,10,23,123,212
3308,0.023901689000361874,34,21,11,24,113,134
3309,0.014175711293804655,34,21,9,22,95,164
3310,0.019361895653640895,34,21,11,24,107,134
3311,0.02764175846561836,34,23,8,19,119,170
3312,0.027160019213180675,34,25,8,17,74,86
3313,0.011883301311571962,34,23,9,20,103,136
3314,0.0239083663391902,34,22,8,20,140,302
3315,0.021800520501398954,34,22,9,21,109,142
3316,0.02523076437078415,34,25,6,15,97,186
3317,0.016943470157734206,34,22,9,21,146,246
3318,0.01361930757937517,34,21,9,22,147,268
3319,0.01831832349960475,34,20,9,23,83,142
3320,0.009595218669781455,34,22,9,21,138,210
3321,0.015201120129980955,34,21,11,24,113,134
3322,0.01273446924608293,34,22,8,20,130,248
3323,0.022517254441013407,34,24,8,18,107,134
3324,0.013985111846926537,34,19,11,26,138,222
3325,0.030150115917273165,34,23,7,18,106,218
3326,0.011519963563394266,34,24,9,19,117,132
3327,0.028753129815109205,34,21,9,22,143,212
3328,0.014608557522041293,34,21,10,23,130,182
3329,0.028678472050472907,34,22,8,20,91,166
3330,0.010058725076284133,34,20,9,23,95,176
3331,0.01659397779397226,34,24,8,18,85,112
3332,0.00494411697797862,34,20,11,25,137,200
3333,0.019278644078338042,34,20,10,24,120,226
3334,0.013440289425914659,34,22,9,21,148,266
3335,0.014323444520114845,34,22,11,23,104,116
3336,0.013012524062077313,34,23,7,18,74,130
3337,0.012335601592138673,34,18,13,29,149,194
3338,0.012001812443120465,34,21,10,23,103,154
3339,0.034196472515309155,34,17,10,27,134,244
3340,0.012953355051379192,34,22,9,21,72,102
3341,0.02070020683777425,34,24,9,19,90,102
3342,0.01852496272901755,34,26,8,16,98,98
3343,0.009022594048722937,34,19,11,26,148,226
3344,0.02268143878518878,34,21,10,23,112,148
3345,0.02254494136992749,34,20,11,25,141,210
3346,0.020942759787493978,34,22,9,21,113,152
3347,0.028528207717819547,34,23,9,20,98,122
3348,0.015204816114149228,34,20,11,25,135,192
3349,0.01518936039495157,34,22,10,22,107,128
3350,0.015348677865439468,34,23,7,18,103,184
3351,0.014141537841169512,34,25,8,17,85,94
3352,0.01784281566074219,34,22,6,18,105,236
3353,0.020116721955963028,34,20,12,26,134,166
3354,0.019383319216571993,34,23,8,19,82,112
3355,0.01181210189904169,34,22,6,18,106,282
3356,0.015767257076950758,34,22,10,22,128,170
3357,0.013608350010204467,34,24,8,18,81,114
3358,0.01985003103002636,34,20,10,24,92,134
3359,0.021424516874485384,34,20,11,25,140,200
3360,0.008558252527171434,34,20,9,23,158,292
3361,0.013929166164350783,34,23,7,18,96,152
3362,0.013608350010204467,34,25,6,15,75,102
3363,0.02273888902564332,34,25,7,16,74,98
3364,0.027983173140112755,34,22,11,23,123,132
3365,0.019589727772703396,34,23,8,19,113,188
3366,0.025043760606307044,34,18,8,24,89,206
3367,0.018983272493012335,34,21,11,24,151,214
3368,0.020214963904777034,34,26,6,14,66,98
3369,0.016473960500349678,34,22,10,22,108,132
3370,0.007974702087072308,34,21,9,22,120,168
3371,0.009809990090686532,34,20,8,22,103,212
3372,0.01871585293846805,34,22,10,22,88,106
3373,0.021633167796873194,34,22,8,20,87,140
3374,0.017100240268019012,34,20,10,24,90,146
3375,0.01485298534922843,34,22,8,20,100,184
3376,0.014322039063194417,34,21,12,25,115,124
3377,0.008338381509780099,34,21,11,24,128,146
3378,0.013461319472904888,34,23,7,18,112,240
3379,0.025468315473679372,34,24,8,18,91,112
3380,0.016425586339754977,34,21,8,21,94,166
3381,0.016745328351206228,34,23,8,19,110,208
3382,0.02476183242095409,34,21,8,21,89,156
3383,0.011374273817330211,34,19,13,28,131,164
3384,0.010490490151215975,34,22,8,20,95,148
3385,-0.0008369443409354943,34,22,7,19,77,140
3386,0.019180819847187447,34,25,8,17,114,126
3387,0.01408474700320492,34,24,7,17,87,120
3388,0.012447450700098589,34,18,8,24,112,264
3389,0.014054247731873026,34,20,8,22,103,192
3390,0.01072261595312585,34,22,10,22,138,168
3391,0.013303222126390804,34,22,8,20,93,144
3392,0.010744342825034038,34,25,9,18,102,102
3393,0.00957270859097539,34,20,9,23,115,190
3394,0.00303600710917443,34,21,10,23,105,156
3395,0.02778046275050798,34,20,10,24,122,176
3396,0.01876091495762723,34,21,9,22,114,198
3397,0.016530607437449954,34,24,10,20,110,110
3398,0.012481893020308485,34,22,9,21,91,124
3399,0.016557752654661965,34,18,11,27,118,178
3400,0.016592092178371987,34,21,11,24,132,174
3401,0.022986900030734364,34,20,9,23,87,138
3402,0.008297442795640396,34,22,8,20,90,156
3403,0.019180819847187447,34,20,6,20,104,254
3404,0.012384287990871878,34,20,9,23,119,222
3405,0.030464730425239266,34,21,9,22,88,130
3406,0.015353328345032169,34,21,9,22,114,168
3407,0.010316384107352486,34,24,7,17,88,124
3408,0.029053563839463184,34,17,8,25,98,246
3409,0.030259829205980117,34,22,9,21,109,148
3410,0.009327491589602045,34,22,9,21,119,182
3411,0.010281666395426547,34,23,9,20,91,112
3412,0.01896475116086874,34,24,7,17,77,110
3413,0.019586011756662546,34,23,9,20,96,126
3414,0.023024797215740404,34,22,8,20,114,174
3415,0.012854367009784842,34,22,9,21,111,156
3416,0.012037974271309496,34,21,9,22,162,282
3417,0.007199711568105074,34,23,7,18,84,138
3418,0.01342806985671871,34,20,12,26,114,132
3419,0.016988312771451103,34,24,7,17,80,116
3420,0.02906771624265453,34,22,7,19,69,134
3421,0.03867160361213717,34,19,10,25,128,206
3422,0.015779985192897285,34,20,12,26,90,108
3423,0.02309249821314701,34,20,11,25,118,166
3424,0.019143572784378563,34,18,11,27,135,210
3425,0.015022486253959882,34,24,8,18,74,104
3426,0.011556503466411763,34,20,10,24,114,170
3427,0.015717890182867233,34,20,10,24,131,202
3428,0.015517093585312294,34,21,10,23,122,158
3429,0.015042040461515818,34,22,10,22,123,168
3430,0.013657167732674037,34,22,11,23,140,170
3431,0.017156612238537504,34,21,9,22,105,158
3432,0.01720577324499284,34,24,8,18,89,110
3433,0.009281969170531944,34,23,8,19,100,154
3434,0.01974805655663117,34,19,10,25,124,198
3435,0.023446655683213108,34,20,11,25,112,172
3436,0.02724216878535997,34,22,10,22,138,180
3437,0.020422838862015895,34,21,8,21,123,212
3438,0.026761619231840998,34,23,8,19,92,146
3439,0.017573785753654203,34,24,10,20,112,112
3440,0.01767083790439458,34,19,12,27,132,162
3441,0.01671708841134579,34,21,10,23,126,180
3442,0.015340878820788321,34,21,9,22,106,190
3443,0.020822644266126372,34,19,11,26,131,190
3444,0.01993816815893365,34,22,9,21,117,182
3445,0.010420543460511817,34,23,6,17,74,152
3446,0.02370701828072795,34,20,10,24,130,202
3447,0.013989519664110706,34,20,10,24,107,160
3448,0.017185414822106344,34,19,10,25,145,266
3449,0.027586927260939642,34,24,6,16,68,122
3450,0.015457732450018524,34,21,8,21,82,158
3451,0.029346463520696725,34,20,9,23,111,162
3452,0.019118752519997374,34,23,9,20,98,116
3453,0.016961779090118305,34,25,8,17,87,102
3454,0.005544671473752545,34,22,9,21,124,178
3455,0.029031164808787875,34,23,10,21,94,106
3456,0.016504985072595478,34,21,7,20,85,208
3457,0.01389283469230447,34,23,8,19,89,140
3458,0.023433339452065056,34,20,10,24,101,166
3459,0.019801653586897727,34,18,9,25,136,274
3460,0.013068551453232841,34,20,11,25,141,192
3461,0.024683688863299063,34,21,10,23,105,144
3462,0.009773052750068636,34,23,10,21,100,112
3463,0.015549866596026661,34,22,10,22,125,152
3464,0.028869206423266326,34,24,8,18,96,128
3465,0.013062531981462261,34,20,11,25,155,244
3466,0.01837820047193047,34,23,11,22,90,90
3467,0.008887596759689451,34,20,8,22,129,328
3468,0.020596755390603377,34,22,7,19,79,144
3469,0.016822849868761213,34,22,8,20,119,200
3470,0.02273888902564332,34,22,10,22,127,160
3471,0.016142257117544013,34,21,8,21,83,154
3472,0.014358081208582209,34,20,11,25,121,194
3473,0.017130620086193996,34,21,8,21,131,252
3474,0.020337401203453943,34,22,9,21,107,146
3475,0.015541114186079792,34,23,9,20,110,146
3476,0.018914925208541128,34,18,8,24,104,248
3477,0.00788674248038039,34,19,11,26,143,218
3478,0.010627609634519669,34,22,9,21,88,124
3479,0.015100221094288227,34,24,7,17,73,106
3480,0.014897585494073037,34,19,8,23,150,348
3481,0.009206526972773042,34,19,10,25,129,306
3482,0.014039032231512663,34,22,9,21,83,122
3483,0.012580671442578545,34,24,8,18,79,106
3484,0.012839540226024307,34,23,9,20,109,130
3485,0.013018326098805488,34,23,9,20,98,122
3486,0.025794164548283482,34,22,10,22,124,166
3487,0.012142851704902966,34,22,11,23,109,118
3488,0.010859978854856518,34,19,11,26,139,202
3489,0.012125544291077296,34,23,9,20,95,116
3490,0.010087782323136812,34,22,7,19,92,158
3491,0.015379182568630162,34,21,8,21,148,300
3492,0.008184922217597805,34,23,9,20,106,186
3493,0.013712236915843612,34,25,6,15,76,120
3494,0.011995903739224767,34,21,10,23,111,152
3495,0.033813930414410054,34,23,9,20,114,156
3496,0.017143854816986822,34,20,9,23,89,154
3497,0.016879241641821544,34,23,8,19,88,136
3498,0.010471871391878624,34,22,10,22,134,176
3499,0.01500774664716048,34,23,9,20,106,154
3500,0.009016487624696003,34,19,11,26,130,196
3501,0.020415265479473293,34,22,10,22,108,132
3502,0.013608350010204467,34,23,9,20,122,140
3503,0.02743565318887701,34,27,6,13,82,94
3504,0.0076673018354850575,34,22,7,19,94,172
3505,0.0084258703722212,34,22,8,20,78,138
3506,0.012827139739680277,34,22,8,20,111,190
3507,0.016026878739802075,34,23,8,19,84,114
3508,0.027330488415508707,34,23,8,19,96,156
3509,0.024831612091407485,34,25,7,16,109,154
3510,0.01721486627471927,34,21,11,24,130,162
3511,0.01649250716891583,34,23,9,20,90,114
3512,0.02001651657061046,34,24,6,16,76,134
3513,0.007895017701058358,34,23,8,19,88,136
3514,0.020822644266126372,34,23,10,21,95,128
3515,0.011760275400049716,34,23,8,19,103,166
3516,0.022667184966578026,34,18,12,28,152,258
3517,0.013294757835657672,34,23,7,18,93,194
3518,0.015453168475268071,34,23,9,20,88,112
3519,0.007996150613183067,34,21,6,19,73,182
3520,0.014890768302144593,34,18,8,24,128,256
3521,0.021053541559611866,34,24,9,19,77,86
3522,0.016270846983232008,34,20,10,24,136,190
3523,0.02203241727154589,34,21,8,21,87,150
3524,0.010629999454089128,34,23,9,20,97,124
3525,0.009989494581150591,34,24,8,18,96,132
3526,0.005185491147188796,34,22,8,20,109,172
3527,0.026292321633327995,34,20,9,23,109,180
3528,0.011131780487517881,34,21,11,24,108,126
3529,0.02758227033487967,34,22,9,21,123,180
3530,0.025163006562058526,34,19,10,25,133,226
3531,0.012663277966110931,34,22,6,18,81,170
3532,0.016678093844642014,34,20,9,23,110,204
3533,0.025728179401120745,34,22,9,21,81,122
3534,0.009904316153805048,34,23,10,21,119,134
3535,0.023916974866031268,34,21,9,22,117,232
3536,0.022857937946092352,34,22,10,22,87,108
3537,0.012202673980277686,34,20,8,22,79,164
3538,0.013918373479349263,34,22,9,21,105,162
3539,0.012827139739680277,34,19,11,26,121,166
3540,0.016377930016495186,34,21,9,22,87,132
3541,0.015255345488823315,34,23,7,18,120,204
3542,0.02118984155170935,34,25,9,18,72,72
3543,0.016977434077160493,34,21,10,23,105,138
3544,0.01356863005039145,34,24,9,19,89,98
3545,0.016243669999668336,34,22,11,23,155,188
3546,0.015411146557845968,34,22,7,19,99,228
3547,0.018381790810056822,34,24,8,18,100,142
3548,0.01817021963906315,34,23,7,18,75,120
3549,0.013202069418376386,34,22,8,20,80,128
3550,0.02240010738504398,34,24,7,17,84,138
3551,0.015481575207773962,34,21,9,22,109,210
3552,0.02987186636125946,34,20,11,25,139,236
3553,0.01268514741119768,34,22,9,21,103,178
3554,0.012844272347792132,34,20,11,25,131,170
3555,0.024595238970344137,34,21,10,23,124,166
3556,0.009813796741529351,34,22,9,21,110,152
3557,0.030183506548839924,34,21,7,20,77,166
3558,0.018272426968341582,34,20,11,25,155,212
3559,0.0066880706942581275,34,20,10,24,143,206
3560,0.014202746173260769,34,22,12,24,102,102
3561,0.018639600058107074,34,24,8,18,66,84
3562,0.013023356946232384,34,24,9,19,115,130
3563,0.01021108710689532,34,21,7,20,92,196
3564,0.025211140195806198,34,22,9,21,104,140
3565,0.014237842010551068,34,23,9,20,79,106
3566,0.011864825464077716,34,20,12,26,121,148
3567,0.010905146623271147,34,18,12,28,142,216
3568,0.01847292529767631,34,20,9,23,85,142
3569,0.018166786775303704,34,27,7,14,48,48
3570,0.011135539771098706,34,21,9,22,145,232
3571,0.0121484626281846,34,22,8,20,85,146
3572,0.012847212383517194,34,20,9,23,102,174
3573,0.019677561708279306,34,21,10,23,114,174
3574,0.01401809376811769,34,22,10,22,103,142
3575,0.0182314054563172,34,24,7,17,114,214
3576,0.022484752042426767,34,24,8,18,76,106
3577,0.020328930219984727,34,24,8,18,108,138
3578,0.0299525467685482,34,25,7,16,91,136
3579,0.02164779248721503,34,26,7,15,79,112
3580,0.014604533936830158,34,21,9,22,103,176
3581,0.014438378748220768,34,25,8,17,77,86
3582,0.027439951046602934,34,21,8,21,140,260
3583,0.016390551614203375,34,23,9,20,88,106
3584,0.016150607379397067,34,19,10,25,119,194
3585,0.01294108846584242,34,23,9,20,107,134
3586,0.013826686826018925,34,23,10,21,121,136
3587,0.016396438213417484,34,23,9,20,85,112
3588,0.015722585488216728,34,24,10,20,108,108
3589,0.023616375183307295,34,21,9,22,109,166
3590,0.012709129150498235,34,27,6,13,54,66
3591,0.008051848897979753,34,20,10,24,130,192
3592,0.025571959112379965,34,20,10,24,107,168
3593,0.011698325743235802,34,20,10,24,119,170
3594,0.021854014852538635,34,21,8,21,102,178
3595,0.012689912760740121,34,19,9,24,117,238
3596,0.014588280774340611,34,23,10,21,96,108
3597,0.01343455930347439,34,19,11,26,134,188
3598,0.009809990090686532,34,24,8,18,108,188
3599,0.01907815018773032,34,19,11,26,124,190
3600,0.024613669654377272,34,20,10,24,141,198
3601,0.012154369872208071,34,23,10,21,99,108
3602,0.009494854730739799,34,22,8,20,84,156
3603,0.013198606252291259,34,24,7,17,67,106
3604,0.01218046978767812,34,23,9,20,79,100
3605,0.013323491421745583,34,26,6,14,82,124
3606,0.026148322598391803,34,22,7,19,101,198
3607,0.01896775423833679,34,19,8,23,155,368
3608,0.016406770106597232,34,23,10,21,130,160
3609,0.0077374398840375155,34,23,7,18,86,134
3610,0.012906924427288684,34,21,8,21,105,188
3611,0.006211161233624168,34,19,10,25,133,198
3612,0.02111137717363672,34,21,11,24,127,166
3613,0.01660642269318361,34,22,7,19,69,126
3614,0.023384886888861423,34,20,11,25,139,190
3615,0.018165352352694057,34,22,9,21,116,186
3616,0.022533463628456138,34,20,12,26,124,156
3617,0.012203506923189847,34,20,10,24,127,180
3618,0.014441513161682885,34,23,9,20,104,146
3619,0.015162580368723665,34,25,9,18,100,100
3620,0.013314934648694363,34,22,7,19,87,176
3621,0.026365597066322848,34,20,10,24,105,166
3622,0.026949175694936794,34,23,8,19,108,200
3623,0.016176982640690424,34,22,11,23,117,150
3624,0.022892653089056553,34,17,11,28,117,206
3625,0.021380831997660735,34,18,10,26,95,172
3626,0.017905524315951746,34,23,10,21,92,104
3627,0.016971225437036302,34,24,9,19,108,120
3628,0.014214037988438157,34,21,10,23,104,140
3629,0.01236508326564386,34,21,10,23,102,132
3630,0.012595975838888974,34,24,5,15,59,124
3631,0.02164640618802907,34,23,8,19,98,140
3632,0.010237948808368078,34,21,10,23,139,190
3633,0.017668096788800245,34,20,11,25,163,276
3634,0.012625971277080442,34,21,12,25,106,118
3635,0.018097980701099643,34,21,11,24,109,130
3636,0.01646763807800198,34,18,9,25,133,252
3637,0.011200773402681448,34,19,9,24,118,206
3638,0.01956782434527575,34,22,10,22,82,106
3639,0.015906639618366858,34,22,9,21,87,128
3640,0.014965754394771349,34,20,8,22,129,278
3641,0.019600153475490614,34,26,7,15,80,92
3642,0.009852375672356566,34,21,10,23,103,136
3643,0.02629225246974548,34,24,8,18,97,118
3644,0.024443012873258462,34,20,10,24,147,222
3645,0.027719359188033275,34,25,7,16,83,128
3646,0.0221743498730681,34,23,9,20,117,144
3647,0.0179348159305441,34,22,7,19,90,190
3648,0.014114840992678915,34,19,11,26,127,196
3649,0.02658911657040741,34,22,10,22,124,160
3650,0.024170942662429973,34,21,8,21,95,182
3651,0.01228512195174905,34,19,11,26,109,162
3652,0.01823773815647565,34,22,7,19,74,170
3653,0.012934942668472983,34,23,9,20,124,178
3654,0.01000176586952009,34,20,10,24,109,194
3655,0.03014396770106801,34,22,10,22,120,152
3656,0.013802113140561803,34,20,10,24,144,216
3657,0.02254494136992749,34,22,7,19,114,234
3658,0.010490490151215975,34,19,10,25,122,182
3659,0.02096542905148835,34,20,10,24,126,230
3660,0.009595218669781455,34,23,7,18,114,202
3661,0.021331732527077665,34,19,9,24,123,332
3662,0.016879106919793677,34,23,11,22,132,132
3663,0.021760845610203514,34,23,9,20,123,168
3664,0.01569256757309706,34,24,8,18,79,100
3665,0.013311227281237188,34,20,8,22,118,246
3666,0.013344642736734406,34,22,8,20,105,168
3667,0.012269494796627027,34,22,8,20,113,170
3668,0.015090101022872653,34,23,8,19,125,200
3669,0.03403648392647192,34,20,8,22,106,202
3670,0.011582324720421526,34,17,9,26,113,242
3671,0.01728530916480686,34,22,7,19,104,206
3672,0.015263541612117536,34,20,10,24,128,192
3673,0.02001651657061046,34,24,7,17,76,112
3674,0.024155121977991564,34,21,8,21,124,226
3675,0.025744735181416487,34,20,9,23,122,208
3676,0.010596890171539808,34,21,12,25,115,124
3677,0.030181401859142615,34,20,11,25,112,148
3678,0.01238398569946748,34,23,8,19,100,156
3679,0.03417035703735612,34,20,8,22,112,216
3680,0.03066903600454543,34,21,8,21,102,188
3681,0.021270146103381342,34,22,10,22,103,124
3682,0.019131596896272647,34,19,9,24,132,326
3683,0.010088168583058138,34,24,9,19,80,92
3684,0.01659014707233718,34,22,10,22,121,148
3685,0.013743652934703962,34,21,11,24,130,166
3686,0.011391654548324123,34,19,9,24,107,192
3687,0.022412189748980356,34,19,9,24,166,332
3688,0.01503075154091309,34,21,11,24,118,142
3689,0.011115510116442177,34,25,8,17,76,88
3690,0.010649041394582795,34,21,9,22,124,184
3691,0.011009632091421896,34,24,6,16,80,154
3692,0.01483615698766555,34,21,9,22,112,186
3693,0.01737990226254766,34,23,9,20,109,166
3694,0.02940088846611595,34,23,9,20,91,112
3695,0.013180463043731994,34,24,7,17,60,90
3696,0.008818966822057513,34,20,10,24,117,182
3697,0.02311900380099441,34,19,8,23,146,366
3698,0.012916481946916442,34,22,10,22,111,132
3699,0.01990636399321853,34,21,6,19,68,164
3700,0.03314606449645542,34,22,9,21,121,160
3701,0.013467756228561258,34,19,9,24,161,440
3702,0.02280751320114696,34,14,10,30,172,388
3703,0.007410278528148823,34,24,8,18,79,106
3704,0.012963312164341427,34,26,6,14,83,122
3705,0.014660735206653716,34,23,10,21,104,128
3706,0.020235736715298526,34,21,9,22,103,178
3707,0.029124776686437454,34,22,8,20,94,160
3708,0.01757304439312061,34,19,10,25,93,158
3709,0.016391083166607683,34,22,8,20,100,156
3710,0.013259472930429554,34,20,10,24,127,190
3711,0.012329242813853142,34,20,11,25,110,146
3712,0.008733105474017205,34,22,9,21,94,158
3713,0.01985003103002636,34,22,8,20,102,162
3714,0.019269734202289293,34,24,9,19,89,104
3715,0.022892653089056553,34,22,9,21,117,192
3716,0.011521179862115285,34,25,7,16,68,92
3717,0.02522538633981164,34,21,10,23,125,174
3718,0.012676496673220933,34,21,10,23,123,162
3719,0.012966086756547243,34,22,9,21,104,140
3720,0.012952579853287939,34,22,9,21,100,130
3721,0.010913799330144469,34,25,6,15,73,124
3722,0.017196747111228303,34,19,11,26,111,196
3723,0.024797335202210502,34,19,10,25,117,200
3724,0.013018061299222079,34,20,10,24,121,166
3725,0.015434156203890922,34,21,9,22,103,164
3726,0.0240470793265921,34,20,9,23,136,250
3727,0.017495149714675348,34,24,9,19,99,114
3728,0.025168709908529957,34,20,9,23,112,192
3729,0.017583280876362586,34,26,6,14,78,108
3730,0.027564191438407715,34,22,8,20,103,178
3731,0.015417854963848222,34,20,8,22,100,214
3732,0.022574276350666823,34,21,11,24,136,200
3733,0.010275018618050621,34,23,9,20,95,122
3734,0.011114329730810224,34,22,9,21,101,152
3735,0.025168709908529957,34,18,10,26,137,236
3736,0.004222909320025024,34,23,8,19,119,176
3737,0.026648877819399494,34,21,9,22,127,208
3738,0.016150607379397067,34,20,10,24,141,244
3739,0.025161687019820883,34,22,9,21,115,178
3740,0.011725119655455335,34,20,8,22,139,290
3741,0.011266029580115418,34,23,10,21,120,150
3742,0.0178922819204936,34,24,7,17,95,136
3743,0.012064050290893504,34,23,7,18,93,138
3744,0.009416699079281693,34,24,8,18,80,122
3745,0.007798419798812503,34,22,11,23,116,128
3746,0.013337545604404422,34,18,11,27,132,200
3747,0.010798723783432215,34,21,9,22,124,228
3748,0.01557232373634157,34,22,8,20,92,188
3749,0.015501597809739143,34,22,9,21,84,120
3750,0.01274148782532225,34,21,11,24,91,112
3751,0.026146383649139876,34,23,8,19,115,172
3752,0.021909826282096638,34,23,10,21,108,138
3753,0.01664554303857172,34,19,8,23,126,256
3754,0.011760275400049716,34,23,9,20,120,168
3755,0.018973576426944826,34,21,10,23,124,184
3756,0.00930027869203251,34,20,9,23,132,252
3757,0.016248977251172338,34,22,8,20,87,162
3758,0.017681240939647257,34,22,10,22,102,142
3759,0.021760845610203514,34,21,10,23,111,144
3760,0.02882857982786361,34,17,9,26,143,390
3761,0.014793306545997614,34,21,9,22,96,138
3762,0.01429743543282716,34,21,10,23,142,202
3763,0.008323787594495875,34,18,12,28,138,220
3764,0.004852366631857376,34,21,10,23,112,154
3765,0.022112503146396817,34,21,10,23,128,228
3766,0.010629999454089128,34,22,10,22,116,152
3767,0.023607028610615907,34,23,9,20,80,104
3768,0.013774500609308373,34,24,9,19,140,170
3769,0.016933619703339307,34,22,9,21,84,120
3770,0.014099075135691308,34,22,8,20,119,194
3771,0.01667918980755813,34,23,9,20,98,138
3772,0.035566663622187335,34,23,7,18,93,162
3773,0.011882151745981298,34,22,11,23,87,96
3774,0.02096967754964605,34,22,8,20,71,116
3775,0.014667373433227597,34,22,9,21,88,132
3776,0.012827139739680277,34,21,9,22,124,190
3777,0.01557534634563193,34,21,9,22,113,176
3778,0.009809990090686532,34,25,8,17,81,90
3779,0.025309737038330258,34,20,8,22,101,192
3780,0.02146420213533935,34,24,9,19,107,116
3781,0.01792654280322065,34,25,5,14,93,188
3782,0.006053613827859669,34,21,9,22,119,210
3783,0.022512936533510868,34,18,11,27,151,288
3784,0.021527631466945397,34,24,9,19,115,130
3785,0.01342971198952439,34,20,10,24,110,152
3786,0.015615662180591364,34,21,8,21,92,176
3787,0.022792529814284784,34,23,8,19,110,164
3788,0.016601716116911844,34,22,9,21,102,144
3789,0.01638850351935038,34,21,8,21,78,146
3790,0.01538413579818938,34,24,8,18,115,160
3791,0.020822644266126372,34,24,8,18,87,132
3792,0.00937453517604682,34,20,10,24,151,218
3793,0.01448635871251859,34,21,11,24,110,128
3794,0.010245445005326231,34,23,6,17,74,146
3795,0.014396903517993217,34,22,10,22,121,166
3796,0.012932941891529243,34,25,8,17,84,108
3797,0.013871150084271977,34,22,10,22,111,132
3798,0.026552539603012498,34,21,10,23,124,190
3799,0.015561509795259998,34,23,8,19,121,196
3800,0.021008556486420426,34,25,8,17,119,134
3801,0.01284716661178776,34,23,8,19,104,168
3802,0.007444668397166544,34,23,9,20,89,116
3803,0.0151031568471303,34,22,9,21,105,138
3804,0.022917253852705176,34,20,12,26,134,166
3805,0.02194269677145414,34,20,8,22,113,236
3806,0.01400229810118947,34,23,8,19,115,172
3807,0.02811483988267325,34,18,10,26,161,288
3808,0.016205699375821156,34,21,9,22,162,278
3809,0.02303983878413013,34,25,9,18,112,112
3810,0.012194879653613322,34,21,7,20,70,142
3811,0.02348336404303126,34,21,12,25,130,160
3812,0.02273888902564332,34,22,7,19,119,258
3813,0.009323092820492433,34,21,11,24,121,142
3814,0.013375028932068316,34,23,9,20,88,128
3815,0.011701316587824598,34,19,10,25,141,216
3816,0.009478083236052405,34,21,10,23,80,110
3817,0.018060256919840336,34,26,6,14,74,98
3818,0.023293971728146727,34,23,7,18,106,212
3819,0.014517837934558915,34,21,11,24,123,144
3820,0.022499456557751388,34,20,11,25,163,214
3821,0.015619633687515871,34,25,8,17,106,124
3822,0.016444841371505075,34,23,6,17,107,240
3823,0.029516863658701695,34,23,9,20,107,128
3824,0.02139048382863322,34,20,9,23,112,196
3825,0.021646627123202103,34,23,9,20,109,130
3826,0.028107088001805856,34,21,11,24,102,132
3827,0.008074354627385337,34,21,8,21,95,158
3828,0.013613398799579061,34,21,10,23,155,218
3829,0.012580671442578545,34,23,7,18,84,148
3830,0.02795491493037164,34,20,8,22,118,256
3831,0.03725871953176165,34,21,9,22,120,210
3832,0.0060599160156088044,34,26,8,16,82,82
3833,0.0316012756909369,34,20,8,22,121,234
3834,0.01706390163046027,34,22,10,22,122,146
3835,0.011155045662831587,34,23,10,21,91,100
3836,0.023384412992456284,34,23,9,20,96,126
3837,0.015610795422656271,34,23,10,21,94,106
3838,0.03761862202208109,34,19,10,25,96,156
3839,0.01671674619621133,34,22,8,20,100,154
3840,0.02391734252952336,34,21,7,20,85,154
3841,0.015754176405490983,34,20,11,25,144,236
3842,0.025373245186633885,34,22,9,21,100,144
3843,0.01829869355587062,34,25,8,17,83,98
3844,0.01094518239115714,34,24,7,17,86,138
3845,0.009263659649031378,34,22,9,21,110,162
3846,0.007420096926284939,34,19,10,25,125,238
3847,0.023996770138891198,34,23,8,19,110,164
3848,0.012475527077317257,34,20,9,23,107,186
3849,0.020896286047688457,34,21,8,21,141,292
3850,0.026562921554348952,34,19,9,24,144,364
3851,0.013268284719351021,34,21,11,24,114,146
3852,0.009263659649031378,34,19,11,26,129,214
3853,0.02698814700959759,34,20,10,24,134,218
3854,0.014751301987006825,34,21,10,23,99,146
3855,0.010614385208599295,34,23,9,20,102,126
3856,0.009263659649031378,34,25,7,16,78,118
3857,0.02374812319425023,34,19,9,24,106,202
3858,0.020463713863234388,34,23,7,18,83,144
3859,0.01648116041896773,34,21,9,22,105,150
3860,0.025600029743348282,34,22,8,20,88,138
3861,0.020981046338022107,34,23,8,19,91,138
3862,0.013871150084271977,34,22,10,22,100,118
3863,0.013371727796373672,34,20,9,23,110,180
3864,0.012366829636155409,34,24,9,19,92,104
3865,0.010844968531849162,34,24,9,19,110,128
3866,0.02036576939432861,34,25,9,18,66,66
3867,0.012509276362126731,34,25,5,14,50,108
3868,0.019958655069708946,34,23,9,20,110,152
3869,0.01752088719862551,34,23,9,20,92,116
3870,0.01692048518246593,34,25,7,16,70,118
3871,0.011643430016760048,34,24,6,16,61,106
3872,0.02102807823818624,34,23,10,21,89,98
3873,0.026954175798082427,34,21,9,22,132,206
3874,0.022859874082551617,34,24,10,20,88,88
3875,0.015951519344914056,34,20,8,22,99,184
3876,0.010236226546462203,34,23,8,19,98,146
3877,0.009537738299793555,34,21,8,21,106,192
3878,0.013699561831891006,34,23,9,20,97,118
3879,0.0072278557959603446,34,22,10,22,107,140
3880,0.01034905742683389,34,22,7,19,117,300
3881,0.03052403390893949,34,19,11,26,162,234
3882,0.012532988752480795,34,21,9,22,94,142
3883,0.021709147999994058,34,24,6,16,84,156
3884,0.01401809376811769,34,26,8,16,70,70
3885,0.018344153786358446,34,24,9,19,108,120
3886,0.019817204920030036,34,21,11,24,118,142
3887,0.019669907045936713,34,21,9,22,119,182
3888,0.015517093585312294,34,23,8,19,102,156
3889,0.012681306025111846,34,23,8,19,112,232
3890,0.011185827995913708,34,24,9,19,101,116
3891,0.00946470859595197,34,22,8,20,91,160
3892,0.011864825464077716,34,18,13,29,130,172
3893,0.020684666678588308,34,20,11,25,102,138
3894,0.015043049679538942,34,20,10,24,146,206
3895,0.02168379281802693,34,24,8,18,88,130
3896,0.007322077369394067,34,20,9,23,106,206
3897,0.014914599758041935,34,20,10,24,88,130
3898,0.017474854761415862,34,23,9,20,93,138
3899,0.008894698891765696,34,23,8,19,106,172
3900,0.014801951479578343,34,22,10,22,101,122
3901,0.013180463043731994,34,22,12,24,120,120
3902,0.02220693372919424,34,22,9,21,88,124
3903,0.007692493853563354,34,24,8,18,79,100
3904,0.013767575616491251,34,24,9,19,87,96
3905,0.01757915804610724,34,23,8,19,105,156
3906,0.008569265930049648,34,20,12,26,136,160
3907,0.02202155267786061,34,23,9,20,90,114
3908,0.0197932944497968,34,20,10,24,139,232
3909,0.012481893020308485,34,23,9,20,85,106
3910,0.011541975790504491,34,23,8,19,106,168
3911,0.02476183242095409,34,22,8,20,97,158
3912,0.016638541828214445,34,23,8,19,80,116
3913,0.014488324032932792,34,21,9,22,131,230
3914,0.013560610442928368,34,23,9,20,119,146
3915,0.013359762410212077,34,23,7,18,76,124
3916,0.013445993074960388,34,21,12,25,131,140
3917,0.03011329850180018,34,24,7,17,85,136
3918,0.012592426972163957,34,20,9,23,148,340
3919,0.008844719483053827,34,22,9,21,132,210
3920,0.020822644266126372,34,21,8,21,119,248
3921,0.015397419175816378,34,21,10,23,88,124
3922,0.013931731010301415,34,20,9,23,118,270
3923,0.0118514097364842,34,23,7,18,105,192
3924,0.012827139739680277,34,22,10,22,109,154
3925,0.01281120242728074,34,22,10,22,94,118
3926,0.011545241749987403,34,24,7,17,85,130
3927,0.011849215115171442,34,20,12,26,136,160
3928,0.011093974483339118,34,24,6,16,82,136
3929,0.01109736378996197,34,21,10,23,118,194
3930,0.02223964069427302,34,24,9,19,101,116
3931,0.014694634989741457,34,22,9,21,135,230
3932,0.015507635414099455,34,18,11,27,189,326
3933,0.026499936587916294,34,23,9,20,92,122
3934,0.022575493380981117,34,23,7,18,75,120
3935,0.010496641762530144,34,23,7,18,75,126
3936,0.016502709521341898,34,24,9,19,117,126
3937,0.013207070401142003,34,24,9,19,90,102
3938,0.018689525506061754,34,25,9,18,104,104
3939,0.025409071416830048,34,24,7,17,81,128
3940,0.015203856460881265,34,20,10,24,103,162
3941,0.018489064470358814,34,19,8,23,137,284
3942,0.026739351275256423,34,24,6,16,60,124
3943,0.017622622477840626,34,24,7,17,73,114
3944,0.015461762299012242,34,21,11,24,127,166
3945,0.011497278384736617,34,20,9,23,111,194
3946,0.01273446924608293,34,22,10,22,114,138
3947,0.017132045535206322,34,20,10,24,106,148
3948,0.017035457608534164,34,24,9,19,95,104
3949,0.029860131493381063,34,22,9,21,139,228
3950,0.018835182613112955,34,25,7,16,102,138
3951,0.008731989390887422,34,23,9,20,88,112
3952,0.024402364860770104,34,24,7,17,117,186
3953,0.014521009590849718,34,22,8,20,72,122
3954,0.012183973447973867,34,23,7,18,92,198
3955,0.010751975462654065,34,21,9,22,128,194
3956,0.013479252908683195,34,22,9,21,100,142
3957,0.013476887243237659,34,22,8,20,109,172
3958,0.009809990090686532,34,24,7,17,81,132
3959,0.015400394750599688,34,24,9,19,101,116
3960,0.00953484307200779,34,23,7,18,83,144
3961,0.009595218669781455,34,21,10,23,134,194
3962,0.013018326098805488,34,24,9,19,102,114
3963,0.02214484199770772,34,24,8,18,85,112
3964,0.007272846589083965,34,19,11,26,128,194
3965,0.02466267073260331,34,25,8,17,89,98
3966,0.011652329009803352,34,22,10,22,128,164
3967,0.013985671845096723,34,24,9,19,111,126
3968,0.023273038025807928,34,21,8,21,112,220
3969,0.01649377180755022,34,22,9,21,110,166
3970,0.011258233038658153,34,20,11,25,116,236
3971,0.021628993445742158,34,21,10,23,105,144
3972,0.012115214319541906,34,24,8,18,79,100
3973,0.014237842010551068,34,20,9,23,98,158
3974,0.012140001683983964,34,19,13,28,154,186
3975,0.028934255342502907,34,22,9,21,115,162
3976,0.032803569024806425,34,21,10,23,132,174
3977,0.01815985014963572,34,23,8,19,82,138
3978,0.014436115467583548,34,23,10,21,109,124
3979,0.011703033032031625,34,20,10,24,151,264
3980,0.0338063073132205,34,22,8,20,73,124
3981,0.013611396639507861,34,21,8,21,103,200
3982,0.02109201831081426,34,22,8,20,134,256
3983,0.019847377191922186,34,25,7,16,88,112
3984,0.009712597457312858,34,23,9,20,102,126
3985,0.007295030453416413,34,20,9,23,99,172
3986,0.017144985530524848,34,23,7,18,72,120
3987,0.011263041919263916,34,20,13,27,124,154
3988,0.010474273791560594,34,19,10,25,113,186
3989,0.017310660453700583,34,19,10,25,116,176
3990,0.01342806985671871,34,24,7,17,71,104
3991,0.03357162983317408,34,21,9,22,117,182
3992,0.027643329474137696,34,24,9,19,105,138
3993,0.007597641717635606,34,23,9,20,113,146
3994,0.0323831310270511,34,22,10,22,108,132
3995,0.027718754169435103,34,23,6,17,80,156
3996,0.01193383461745573,34,25,7,16,77,104
3997,0.021957395342898575,34,23,8,19,115,172
3998,0.0135669853488949,34,22,10,22,112,154
3999,0.014662230455353722,34,23,10,21,88,100
4000,0.018072481341552885,34,22,10,22,90,120
4001,0.025177949219523363,34,23,9,20,92,124
4002,0.015382079701414378,34,23,8,19,120,192
4003,0.011335745593394734,34,22,11,23,148,178
4004,0.015757956281011305,34,22,7,19,106,184
4005,0.014624947629449193,34,25,7,16,88,120
4006,0.011019435860736431,34,23,7,18,76,132
4007,0.009101000146979357,34,20,8,22,96,216
4008,0.011114329730810224,34,23,9,20,102,120
4009,0.012680064246080536,34,23,9,20,79,100
4010,0.0035190234010547827,34,20,7,21,106,246
4011,0.02416429820924931,34,23,10,21,106,118
4012,0.02374035163472081,34,23,9,20,127,172
4013,0.011464794651181089,34,23,9,20,121,160
4014,0.020141361392729984,34,22,11,23,109,124
4015,0.012999810705408607,34,21,9,22,125,254
4016,0.012171216800542173,34,21,9,22,96,146
4017,0.016176982640690424,34,20,12,26,117,138
4018,0.015572387985402978,34,22,10,22,104,146
4019,0.03331281470515288,34,22,11,23,123,132
4020,0.02413440101339317,34,22,10,22,97,118
4021,0.012104189567600447,34,22,8,20,139,216
4022,0.017132045535206322,34,20,7,21,99,210
4023,0.012174687082282594,34,22,9,21,100,144
4024,0.022811763217315064,34,23,8,19,88,124
4025,0.016633885225073745,34,23,9,20,99,126
4026,0.012509276362126731,34,22,11,23,126,150
4027,0.022612676093040844,34,20,10,24,140,214
4028,0.015357745431584913,34,24,9,19,73,82
4029,0.01386513622403042,34,21,6,19,113,242
4030,0.021957395342898575,34,21,9,22,121,178
4031,0.019179822225707396,34,22,10,22,127,154
4032,0.03147804724448762,34,22,11,23,108,120
4033,0.009809990090686532,34,23,9,20,96,136
4034,0.021418794388329034,34,19,10,25,141,234
4035,0.032120630077423835,34,22,8,20,106,196
4036,0.02615629888038952,34,20,11,25,149,206
4037,0.0038375303910404904,34,18,13,29,154,190
4038,0.010047747894940888,34,21,8,21,79,136
4039,0.026708526103637796,34,21,8,21,129,256
4040,0.024161045704910955,34,22,9,21,121,196
4041,0.02647474853718393,34,23,8,19,125,222
4042,0.009320173034931475,34,22,8,20,92,152
4043,0.023290341686052013,34,23,9,20,107,134
4044,0.031518895838900926,34,23,6,17,80,158
4045,0.030968261597743983,34,21,11,24,125,152
4046,0.020298135040266216,34,21,9,22,143,230
4047,0.01181255043206371,34,25,8,17,104,134
4048,0.028824292231695973,34,23,7,18,112,224
4049,0.012532988752480795,34,22,10,22,111,156
4050,0.019886621922680058,34,20,9,23,115,196
4051,0.023607028610615907,34,20,10,24,131,218
4052,0.021564177364022948,34,22,9,21,113,210
4053,0.017905242783161177,34,22,9,21,107,156
4054,0.012417708544052088,34,21,9,22,91,144
4055,0.015590887376441175,34,23,7,18,70,124
4056,0.005904381991446904,34,22,8,20,109,188
4057,0.030547371758637927,34,21,10,23,144,206
4058,0.014242234491928404,34,20,9,23,109,174
4059,0.01815837862469072,34,20,11,25,111,138
4060,0.008093777639302885,34,21,9,22,116,174
4061,0.027460551200258268,34,24,8,18,90,120
4062,0.012397024982612019,34,25,8,17,86,98
4063,0.015112098267873617,34,21,8,21,125,206
4064,0.011485953905411288,34,23,8,19,106,168
4065,0.021391585367670295,34,19,13,28,142,160
4066,0.023020091415171,34,23,9,20,102,134
4067,0.014137162809107574,34,22,10,22,78,102
4068,0.01049458414471078,34,21,9,22,103,154
4069,0.01827509980977384,34,23,8,19,93,144
4070,0.01683693623570337,34,19,10,25,114,174
4071,0.014353120833195357,34,19,10,25,105,174
4072,0.025690842610100587,34,22,11,23,115,148
4073,0.02426761000501453,34,18,8,24,122,308
4074,0.02956639390360706,34,22,10,22,96,120
4075,0.012902980792912896,34,21,9,22,109,178
4076,0.016705081520269994,34,23,8,19,119,192
4077,0.010846070918333915,34,20,9,23,101,158
4078,0.011495502863265922,34,23,9,20,97,118
4079,0.025479136356469846,34,23,10,21,110,134
4080,0.021274357506306033,34,23,9,20,82,106
4081,0.006009640153237544,34,21,12,25,144,168
4082,0.01223974230503206,34,24,9,19,114,126
4083,0.028948287491358773,34,22,10,22,95,116
4084,0.014643240662980221,34,20,10,24,121,184
4085,0.02651387975867925,34,21,10,23,121,178
4086,0.015119397516584088,34,26,8,16,98,98
4087,0.007309878957517613,34,21,10,23,129,180
4088,0.027591549858351494,34,22,8,20,84,126
4089,0.0207241815739223,34,24,8,18,87,108
4090,0.011322863284264822,34,20,9,23,118,194
4091,0.0173895858545045,34,24,8,18,95,134
4092,0.011892711457134962,34,23,8,19,113,158
4093,0.020354245727508526,34,20,10,24,117,186
4094,0.01982858084996325,34,22,7,19,85,150
4095,0.007078007455419741,34,21,8,21,98,176
4096,0.01760958985957467,34,20,9,23,102,186
4097,0.0075545325678412,34,20,9,23,97,168
4098,0.018209978032178997,34,22,10,22,124,188
4099,0.019361895653640895,34,21,9,22,110,158
4100,0.02096542905148835,34,21,10,23,97,130
4101,0.03154932910458512,34,21,9,22,102,198
4102,0.026162683022684013,34,20,11,25,160,220
4103,0.030487115064808286,34,20,11,25,117,164
4104,0.014315096771136772,34,21,9,22,96,152
4105,0.00822627131573328,34,20,9,23,94,178
4106,0.012878599982396235,34,21,8,21,132,216
4107,0.01253144581164578,34,24,9,19,110,134
4108,0.021678571643779544,34,22,10,22,134,176
4109,0.042457084861510175,34,20,10,24,113,158
4110,0.01581540748990822,34,23,8,19,98,152
4111,0.03217780833730822,34,20,10,24,134,224
4112,0.012532988752480795,34,25,8,17,85,94
4113,0.011958122032201028,34,22,10,22,110,152
4114,0.021390019804512474,34,21,8,21,114,216
4115,0.01282004861578722,34,22,11,23,127,160
4116,0.015763188132271976,34,21,12,25,138,150
4117,0.006283859267715762,34,22,8,20,86,136
4118,0.029947168920284012,34,21,11,24,138,180
4119,0.011899479794958097,34,19,10,25,131,236
4120,0.020110973724488123,34,20,9,23,177,422
4121,0.011274596891562547,34,20,11,25,121,172
4122,0.012833189114150455,34,23,7,18,89,152
4123,0.0240470793265921,34,20,7,21,94,218
4124,0.020151684641806673,34,21,9,22,137,232
4125,0.013153460735724903,34,22,10,22,84,108
4126,0.015785301877303447,34,19,11,26,129,180
4127,0.021957395342898575,34,21,9,22,135,212
4128,0.02052927111344775,34,23,8,19,105,156
4129,0.012216130375944476,34,19,10,25,122,200
4130,0.006566260473276769,34,21,8,21,123,222
4131,0.010689159025208218,34,25,8,17,85,94
4132,0.018544642989628463,34,19,8,23,93,210
4133,0.01835399590325406,34,22,9,21,123,174
4134,0.02637091236170655,34,23,10,21,105,114
4135,0.02940088846611595,34,21,9,22,146,258
4136,0.014851020844989522,34,22,9,21,97,130
4137,0.009067592065306461,34,22,11,23,111,120
4138,0.007798419798812503,34,24,7,17,63,90
4139,0.012592744801290842,34,23,9,20,90,130
4140,0.023046216582847768,34,21,10,23,110,140
4141,0.029032157356829808,34,25,8,17,91,100
4142,0.025125329030360417,34,22,10,22,111,138
4143,0.026783270396750034,34,22,10,22,97,124
4144,0.012361744159914367,34,22,9,21,124,216
4145,0.02254494136992749,34,22,8,20,121,184
4146,0.01662682553015156,34,23,9,20,98,130
4147,0.02535414219018483,34,22,9,21,112,172
4148,0.015140919739475657,34,23,9,20,79,106
4149,0.02254494136992749,34,20,9,23,127,230
4150,0.004933470326721749,34,21,9,22,108,212
4151,0.006987913264846549,34,22,10,22,110,128
4152,0.014340661114501288,34,25,6,15,65,98
4153,0.013739548459402156,34,23,10,21,93,108
4154,0.016752132183651146,34,22,9,21,94,148
4155,0.011509254219353934,34,23,7,18,81,132
4156,0.022471351958736015,34,20,10,24,137,296
4157,0.023249856613501516,34,22,9,21,75,108
4158,0.014390079888856974,34,20,9,23,101,174
4159,0.014466783347484045,34,21,10,23,121,172
4160,0.010330216168666313,34,20,10,24,136,214
4161,0.01993934639718096,34,21,8,21,104,192
4162,0.012675618494268414,34,25,8,17,110,140
4163,0.0218173092302954,34,21,9,22,110,176
4164,0.013225290748420437,34,22,8,20,75,120
4165,0.008733105474017205,34,21,8,21,106,178
4166,0.013053809501115687,34,23,8,19,96,144
4167,0.011336650790889885,34,20,11,25,152,200
4168,0.011688646304150056,34,24,9,19,85,94
4169,0.012021227532659003,34,20,8,22,125,264
4170,0.01984670586850462,34,19,10,25,107,182
4171,0.013641848046635752,34,25,8,17,94,106
4172,0.009526221180653147,34,23,8,19,102,156
4173,0.022150297543580773,34,21,9,22,123,180
4174,0.024095283818216563,34,25,7,16,116,158
4175,0.011853617887067871,34,20,10,24,107,164
4176,0.0042702789267844155,34,22,8,20,114,204
4177,0.007404364357135106,34,25,7,16,84,108
4178,0.028235854374241524,34,22,10,22,109,154
4179,0.032416775161159976,34,19,9,24,139,326
4180,0.02132054643892497,34,23,6,17,63,120
4181,0.018691732648438167,34,21,9,22,146,242
4182,0.025889274371094867,34,20,10,24,125,188
4183,0.023555339419963378,34,23,8,19,92,134
4184,0.01904840523190141,34,22,8,20,105,168
4185,0.025676096456444218,34,21,9,22,117,198
4186,0.013483529770688625,34,24,9,19,111,144
4187,0.010462631448695844,34,22,10,22,92,116
4188,0.005917647469388103,34,21,9,22,96,178
4189,0.005217347138500403,34,22,10,22,102,138
4190,0.016945397066960792,34,22,11,23,104,116
4191,0.029192910386173564,34,19,8,23,148,376
4192,0.03048451264295418,34,22,8,20,100,166
4193,0.01516532589374879,34,24,8,18,109,154
4194,0.012329359461445238,34,21,11,24,114,138
4195,0.011811803046468478,34,21,10,23,124,196
4196,0.011257779649837672,34,22,8,20,80,138
4197,0.015507635414099455,34,21,8,21,131,258
4198,0.015028361545665725,34,19,11,26,128,194
4199,0.012827139739680277,34,22,9,21,82,134
4200,0.01679070844978079,34,20,9,23,83,140
4201,0.014686598225218277,34,23,9,20,105,126
4202,0.046341332964265396,34,21,9,22,95,140
4203,0.01051067673281162,34,25,8,17,92,122
4204,0.014614608141151567,34,23,9,20,92,116
4205,0.014910570256553117,34,24,8,18,72,104
4206,0.012002843770833743,34,23,8,19,87,134
4207,0.02175823614687572,34,22,9,21,120,174
4208,0.01652801437416289,34,23,8,19,93,132
4209,0.011680438576525246,34,19,10,25,116,182
4210,0.01888666383809851,34,22,7,19,109,202
4211,0.018138653350828753,34,18,12,28,165,216
4212,0.022534069730548882,34,23,9,20,85,106
4213,0.018542334336959482,34,23,10,21,74,86
4214,0.024838079774015143,34,21,11,24,105,144
4215,0.01809418529009363,34,22,9,21,105,144
4216,0.01680342470378736,34,22,9,21,76,120
4217,0.015086671509129256,34,22,9,21,132,188
4218,0.018700445177053437,34,23,7,18,86,142
4219,0.019366035523619908,34,19,7,22,113,248
4220,0.008404575714597833,34,23,7,18,105,174
4221,0.012147667382471819,34,24,8,18,98,140
4222,0.01256354898872867,34,22,8,20,121,228
4223,0.02096542905148835,34,22,10,22,93,120
4224,0.015595304611794474,34,23,8,19,130,186
4225,0.04109737712621368,34,17,9,26,134,292
4226,0.017035457608534164,34,25,7,16,100,142
4227,0.016176982640690424,34,19,12,27,142,178
4228,0.013883236779433317,34,18,7,23,137,394
4229,0.0053341011477410355,34,22,10,22,92,110
4230,0.02909884221048243,34,20,9,23,114,176
4231,0.011833157238957615,34,21,12,25,125,134
4232,0.015404155008675806,34,19,10,25,138,238
4233,0.014005437085932937,34,22,9,21,124,178
4234,0.015395324737378771,34,23,10,21,109,124
4235,0.016540004916475455,34,20,11,25,119,152
4236,0.014577599442505085,34,22,8,20,80,122
4237,0.0164251416454601,34,23,7,18,94,168
4238,0.015604036137378069,34,22,10,22,86,104
4239,0.015569507523949824,34,19,11,26,164,266
4240,0.015757956281011305,34,23,9,20,101,128
4241,0.02855918072353434,34,20,11,25,114,150
4242,0.010608174405146251,34,19,11,26,141,204
4243,0.0259734659820548,34,22,7,19,106,208
4244,0.014576548953561055,34,24,9,19,90,120
4245,0.025493636722312606,34,21,9,22,88,136
4246,0.02265966998553342,34,23,9,20,106,148
4247,0.010672890979432255,34,22,8,20,121,228
4248,0.013578018093326927,34,21,10,23,155,250
4249,0.010056958565266439,34,23,9,20,119,158
4250,0.01717468468807653,34,23,8,19,106,150
4251,0.010603604672870078,34,24,7,17,76,106
4252,0.014364267555086418,34,23,8,19,124,184
4253,0.013454854542739085,34,21,10,23,98,142
4254,0.008565671594948407,34,22,8,20,123,232
4255,0.013011098393323595,34,23,9,20,106,148
4256,0.02305939746185221,34,24,8,18,89,110
4257,0.020977628133841464,34,25,9,18,90,90
4258,0.01297783631725341,34,24,7,17,75,114
4259,0.013198606252291259,34,22,10,22,112,136
4260,0.024940656578344614,34,20,9,23,114,192
4261,0.013307304275708476,34,21,8,21,118,280
4262,0.00937453517604682,34,24,10,20,90,90
4263,0.027300222160667065,34,22,8,20,97,154
4264,0.03011329850180018,34,20,10,24,134,222
4265,0.02271798761701309,34,21,9,22,107,160
4266,0.01957825263531384,34,21,10,23,108,144
4267,0.031594755344133696,34,18,13,29,179,220
4268,0.024551790694493876,34,21,10,23,121,154
4269,0.015357745431584913,34,21,11,24,135,156
4270,0.011269069805176807,34,22,8,20,100,160
4271,0.016960948516682867,34,21,8,21,82,158
4272,0.013051087648688543,34,21,9,22,120,186
4273,0.0118514097364842,34,22,7,19,75,140
4274,0.010524702453631955,34,22,10,22,102,126
4275,0.01048645478232247,34,23,9,20,126,168
4276,0.012340903332418302,34,23,8,19,114,184
4277,0.01163727292553873,34,20,10,24,140,214
4278,0.013608350010204467,34,23,10,21,109,118
4279,0.029827510372226737,34,23,9,20,92,116
4280,0.009437670071858098,34,21,9,22,105,162
4281,0.030006252502093572,34,22,9,21,107,140
4282,0.01896606777251443,34,22,9,21,146,218
4283,0.012210166659212186,34,23,8,19,97,130
4284,0.03435414624420589,34,22,9,21,101,152
4285,0.025396349430396148,34,22,8,20,99,150
4286,0.012873172087598549,34,25,8,17,65,74
4287,0.029439958761811255,34,21,8,21,101,206
4288,0.027459802072507686,34,23,8,19,105,144
4289,0.012282970357307112,34,21,8,21,88,150
4290,0.014029653757247056,34,22,9,21,120,214
4291,0.021834821318392067,34,23,9,20,99,120
4292,0.010200991278160074,34,22,10,22,97,118
4293,0.017617296122941196,34,23,9,20,110,128
4294,0.03295231154005745,34,21,10,23,112,160
4295,0.014042444056167364,34,20,10,24,139,208
4296,0.017132045535206322,34,20,10,24,92,134
4297,0.03654830583112953,34,22,9,21,101,164
4298,0.011833157238957615,34,21,11,24,112,154
4299,0.031010103162718995,34,24,8,18,78,96
4300,0.011918998851797868,34,21,8,21,92,164
4301,0.012595885439440277,34,24,8,18,82,106
4302,0.0195551407500386,34,18,12,28,164,222
4303,0.01956487895436673,34,24,8,18,88,112
4304,0.012113283122716017,34,22,9,21,105,150
4305,0.012659644489199082,34,22,9,21,125,228
4306,0.006190878324751466,34,23,9,20,116,170
4307,0.014194641120602064,34,22,9,21,86,122
4308,0.008934802561022824,34,23,10,21,103,118
4309,0.010227008087598174,34,21,10,23,156,206
4310,0.015084185310376585,34,20,11,25,139,186
4311,0.01676863960764813,34,22,8,20,96,154
4312,0.017305237749860883,34,23,10,21,109,124
4313,0.03412693250523868,34,21,8,21,88,142
4314,0.03383226961010997,34,21,9,22,126,200
4315,0.009263659649031378,34,21,11,24,126,158
4316,0.017652257710149184,34,23,9,20,120,156
4317,0.031888590278223425,34,24,8,18,95,122
4318,0.02254494136992749,34,19,9,24,143,246
4319,0.010376090495878496,34,24,7,17,88,124
4320,0.016623700976762856,34,18,8,24,111,234
4321,0.013545526049188926,34,24,7,17,71,118
4322,0.015379182568630162,34,22,10,22,128,170
4323,0.00937453517604682,34,22,9,21,106,150
4324,0.016306274881689377,34,26,5,13,83,172
4325,0.01020453579702068,34,21,10,23,145,192
4326,0.024018617055897855,34,22,11,23,121,130
4327,0.011391654548324123,34,21,10,23,97,130
4328,0.01911208806444324,34,21,11,24,115,136
4329,0.025911397400697422,34,24,8,18,87,126
4330,0.010585755634987665,34,20,8,22,110,204
4331,0.012016312812419307,34,22,7,19,88,176
4332,0.023959824399013854,34,20,9,23,105,168
4333,0.004669602087504384,34,21,9,22,97,136
4334,0.012407072851231521,34,23,11,22,122,122
4335,0.01724064658511249,34,23,9,20,86,118
4336,0.013846718125262308,34,22,8,20,86,136
4337,0.00937453517604682,34,25,7,16,80,120
4338,0.011526817322735288,34,23,9,20,102,120
4339,0.01808974451176908,34,22,11,23,116,128
4340,0.008414862607484572,34,23,9,20,91,112
4341,0.020977257868111596,34,22,10,22,121,148
4342,0.007155440494727772,34,22,11,23,113,122
4343,0.01930829769562588,34,20,9,23,108,192
4344,0.01217854591636568,34,19,12,27,137,176
4345,0.012716219993664415,34,19,9,24,130,258
4346,0.021402284635321168,34,22,8,20,117,186
4347,0.016418335077730946,34,22,9,21,105,144
4348,0.02223733303449126,34,23,10,21,97,130
4349,0.009993392539538279,34,21,11,24,98,122
4350,0.026764147374079707,34,23,8,19,86,122
4351,0.02914169984270957,34,23,8,19,89,128
4352,0.010363596668718618,34,20,9,23,100,154
4353,0.03326747990807921,34,20,9,23,93,156
4354,0.02124252833612661,34,22,9,21,137,194
4355,0.030176353963238697,34,22,10,22,108,132
4356,0.024821381263311584,34,21,9,22,162,292
4357,0.014913718510267755,34,23,10,21,78,90
4358,0.02364542036671774,34,21,9,22,122,194
4359,0.014473860060341376,34,22,9,21,102,146
4360,0.013534878168281618,34,20,9,23,100,170
4361,0.014189742159848445,34,21,9,22,103,172
4362,0.012688148222461497,34,24,8,18,98,122
4363,0.008673698130147775,34,20,8,22,110,246
4364,0.030314956181766495,34,21,9,22,106,188
4365,0.02394945481684939,34,22,10,22,122,146
4366,0.013700638105968957,34,22,10,22,84,102
4367,0.012729695418293604,34,19,10,25,132,204
4368,0.027393807300343215,34,22,9,21,98,146
4369,0.019330867341558595,34,21,11,24,103,124
4370,0.013010825629413535,34,22,8,20,106,212
4371,0.013057544211101956,34,18,8,24,105,246
4372,0.023911820062569353,34,23,9,20,114,202
4373,0.01933124320240924,34,21,9,22,119,188
4374,0.01798443870274491,34,20,10,24,103,162
4375,0.02829575175012981,34,22,7,19,85,162
4376,0.014701051036594345,34,21,9,22,80,136
4377,0.025786417403707615,34,20,7,21,146,328
4378,0.02081510731868333,34,21,9,22,130,212
4379,0.006774057567486669,34,21,8,21,98,250
4380,0.023737559526069922,34,23,9,20,102,132
4381,0.03714674925399128,34,21,9,22,111,180
4382,0.022153945075593623,34,22,6,18,107,240
4383,0.017132045535206322,34,22,10,22,109,130
4384,0.016013363284629996,34,26,6,14,70,102
4385,0.013156275602882662,34,23,9,20,94,118
4386,0.022973477154884722,34,21,7,20,102,214
4387,0.025281797235094328,34,21,10,23,138,210
4388,0.016418494034146747,34,21,11,24,125,146
4389,0.012404573265394146,34,24,10,20,104,104
4390,0.017594457733461112,34,21,10,23,131,188
4391,0.012838045945319732,34,25,7,16,79,118
4392,0.006833943286638146,34,22,7,19,91,232
4393,0.012340903332418302,34,24,9,19,109,118
4394,0.02574455520913643,34,18,10,26,106,214
4395,0.031076953258317684,34,22,9,21,80,116
4396,0.019399651518750977,34,21,8,21,121,204
4397,0.016185144540549787,34,20,10,24,161,338
4398,0.020709694061388104,34,22,8,20,92,170
4399,0.013354779977002143,34,22,8,20,115,222
4400,0.013380905372964685,34,25,8,17,80,92
4401,0.020754056604353605,34,25,7,16,70,94
4402,0.014269104237658453,34,21,9,22,99,144
4403,0.015031330810192933,34,22,10,22,116,158
4404,0.017251269807948992,34,19,9,24,123,256
4405,0.009755086412077556,34,23,9,20,99,126
4406,0.027855907316720517,34,21,8,21,86,146
4407,0.028469510027444564,34,23,10,21,101,116
4408,0.011091375088345956,34,21,8,21,90,144
4409,0.027777611452318773,34,23,9,20,106,138
4410,0.009358517713143794,34,20,9,23,107,196
4411,0.01878056014295459,34,24,7,17,97,154
4412,0.029293645304057515,34,19,10,25,95,176
4413,0.0059797270079956985,34,20,10,24,128,216
4414,0.02367671795904251,34,22,11,23,109,118
4415,0.011304532849627312,34,23,9,20,113,146
4416,0.016393909312850126,34,23,8,19,84,140
4417,0.020822420974033664,34,22,7,19,95,186
4418,0.018678563008203086,34,20,10,24,99,152
4419,0.0343420763560192,34,21,10,23,99,132
4420,0.00911967599168003,34,23,9,20,102,126
4421,0.011777516005250399,34,20,8,22,90,162
4422,0.035598204791344235,34,22,8,20,92,146
4423,0.008409722228362913,34,22,9,21,112,178
4424,0.019518290155760717,34,24,7,17,112,166
4425,0.01304016580317214,34,23,9,20,78,110
4426,0.006922472518721027,34,21,9,22,98,166
4427,0.02186218890618878,34,19,9,24,126,230
4428,0.011626666227157155,34,23,8,19,87,120
4429,0.025645295050038232,34,22,9,21,99,138
4430,0.01175760516932214,34,22,9,21,114,156
4431,0.02576213132198165,34,20,8,22,79,172
4432,0.014447770915167704,34,21,8,21,131,250
4433,0.030405043112608266,34,21,10,23,106,150
4434,0.011059133825874465,34,23,8,19,75,116
4435,0.015535563275463841,34,21,11,24,102,126
4436,0.00970146463062651,34,19,10,25,156,258
4437,0.011972124424011792,34,23,7,18,80,138
4438,0.01213357337037796,34,19,11,26,155,242
4439,0.012678082024738243,34,24,9,19,83,92
4440,0.015742983269119347,34,22,8,20,110,176
4441,0.014868197531493963,34,23,8,19,83,124
4442,0.023342896825713597,34,22,8,20,90,132
4443,0.013696622147009327,34,26,6,14,80,144
4444,0.011342100585925094,34,21,8,21,95,216
4445,0.023014739006214036,34,23,11,22,94,94
4446,0.03812154318793493,34,21,9,22,97,156
4447,0.01215596866435234,34,22,7,19,117,256
4448,0.014455251927669097,34,21,10,23,102,138
4449,0.01907815018773032,34,23,10,21,92,116
4450,0.006047873928048543,34,22,6,18,96,222
4451,0.014233368165069211,34,22,8,20,128,202
4452,0.01101083213457038,34,21,10,23,105,138
4453,0.015502196619699666,34,21,12,25,134,152
4454,0.014343283078912115,34,23,10,21,108,120
4455,0.019310455100782636,34,21,10,23,124,194
4456,0.016429553544378826,34,23,9,20,101,134
4457,0.014202746173260769,34,22,9,21,122,170
4458,0.015320122013566487,34,19,9,24,113,224
4459,0.011533462242951542,34,21,10,23,154,226
4460,0.006092700986542826,34,23,9,20,83,110
4461,0.021231739336788038,34,24,9,19,95,104
4462,0.01855545933617268,34,22,8,20,99,168
4463,0.02135408941671118,34,21,10,23,122,174
4464,0.017652903327639673,34,22,9,21,107,158
4465,0.02522538633981164,34,21,10,23,122,176
4466,0.019734551782653445,34,20,8,22,124,270
4467,0.012171216800542173,34,23,7,18,133,248
4468,0.025690842610100587,34,22,9,21,119,216
4469,0.01401809376811769,34,20,11,25,126,156
4470,0.018272326651285805,34,26,7,15,75,90
4471,0.019415866436322503,34,19,10,25,116,196
4472,0.020911926060765168,34,23,9,20,102,134
4473,0.029345745905800302,34,18,12,28,149,218
4474,0.010890568733549946,34,21,10,23,97,144
4475,0.017225269786511767,34,21,9,22,131,202
4476,0.013198606252291259,34,21,11,24,122,140
4477,0.013226609856566915,34,25,7,16,80,104
4478,0.017132045535206322,34,25,8,17,57,66
4479,0.00937453517604682,34,19,13,28,145,172
4480,0.014856594437699183,34,22,9,21,82,118
4481,0.011473427558133693,34,24,9,19,122,152
4482,0.019703674307357442,34,18,8,24,120,256
4483,0.01585238172898297,34,23,7,18,126,214
4484,0.015624079095240703,34,22,11,23,103,112
4485,0.026645518654563362,34,23,8,19,83,116
4486,0.014756676803685243,34,25,8,17,63,78
4487,0.028706122670832182,34,21,9,22,115,200
4488,0.01908304607983363,34,23,8,19,105,162
4489,0.014762864591108565,34,21,9,22,119,196
4490,0.010432199661425265,34,20,11,25,120,156
4491,0.02436076681716525,34,23,11,22,124,124
4492,0.021958758977387804,34,18,10,26,148,274
4493,0.009494854730739799,34,19,12,27,156,210
4494,0.011389912189047249,34,20,11,25,117,144
4495,0.01867653353573761,34,20,8,22,154,324
4496,0.031385199192382564,34,19,7,22,80,206
4497,0.022190088435730074,34,23,8,19,74,118
4498,0.011260279381485133,34,22,10,22,102,126
4499,0.01610569766329195,34,22,10,22,107,134
4500,0.019035338834791107,34,22,11,23,104,116
4501,0.027288827996165547,34,21,7,20,92,182
4502,0.019964367089899675,34,24,8,18,117,156
4503,0.02254494136992749,34,20,9,23,123,212
4504,0.017169426310959152,34,23,9,20,92,128
4505,0.013007419893166033,34,22,8,20,72,120
4506,0.01802422624855364,34,24,7,17,64,100
4507,0.013883236779433317,34,21,7,20,115,298
4508,0.026962434115348072,34,23,9,20,108,132
4509,0.0088856194642212,34,23,8,19,130,208
4510,0.011715161461111453,34,21,10,23,126,162
4511,0.013695457079367278,34,22,9,21,131,220
4512,0.013268291193322367,34,21,8,21,110,196
4513,0.015952834583452022,34,25,8,17,89,98
4514,0.01520224508143319,34,19,11,26,158,264
4515,0.015179588540240208,34,23,6,17,78,148
4516,0.01259708012802127,34,23,7,18,72,144
4517,0.015019643884615078,34,24,8,18,112,192
4518,0.016121416841426074,34,24,8,18,110,146
4519,0.01599887834761137,34,22,9,21,109,174
4520,0.038485663473406845,34,16,10,28,116,220
4521,0.028911987047550897,34,22,7,19,119,234
4522,0.012843572990642895,34,21,11,24,134,176
4523,0.015767257076950758,34,25,8,17,79,88
4524,0.0165465708236185,34,22,10,22,122,162
4525,0.01545809208417434,34,20,10,24,159,266
4526,0.011833004776264311,34,22,8,20,104,188
4527,0.024302935711577323,34,21,10,23,153,216
4528,0.008560956746382749,34,24,10,20,118,118
4529,0.012202371110315656,34,22,9,21,81,108
4530,0.009627173719255762,34,19,9,24,167,356
4531,0.01753039757924002,34,23,7,18,81,126
4532,0.010825764268746783,34,24,9,19,108,120
4533,0.014034981924200024,34,22,10,22,129,162
4534,0.008655365256452614,34,21,10,23,138,174
4535,0.0182623338033576,34,22,9,21,80,124
4536,0.012380826133318017,34,20,8,22,131,276
4537,0.026347448467603576,34,20,10,24,114,180
4538,0.01291989973301904,34,24,10,20,96,96
4539,0.012838045945319732,34,24,8,18,93,126
4540,0.032270579540284824,34,20,9,23,137,242
4541,0.011617024477484597,34,20,10,24,110,216
4542,0.02100628206719138,34,20,9,23,116,232
4543,0.016774701103846656,34,22,6,18,66,180
4544,0.01378144997550099,34,20,10,24,144,216
4545,0.01215596866435234,34,22,10,22,109,136
4546,0.012060215707082114,34,23,9,20,141,198
4547,0.014608557522041293,34,20,10,24,137,258
4548,0.02368966570770263,34,26,6,14,76,124
4549,0.005123499495909855,34,20,7,21,124,272
4550,0.013318412133221408,34,22,10,22,82,100
4551,0.02737170582831805,34,18,10,26,108,188
4552,0.009422456592245526,34,19,8,23,92,196
4553,0.009319097412539099,34,23,8,19,98,134
4554,0.01401809376811769,34,21,10,23,93,126
4555,0.020256684522580372,34,24,7,17,85,136
4556,0.01505306587328465,34,23,7,18,74,122
4557,0.021440918362961126,34,20,9,23,112,190
4558,0.02099879675422709,34,20,9,23,102,162
4559,0.01485054381858891,34,22,7,19,117,396
4560,0.01097676965333063,34,23,9,20,121,166
4561,0.007174686799641037,34,19,11,26,127,190
4562,0.01054761763079521,34,20,12,26,141,168
4563,0.019977660814049884,34,22,10,22,91,112
4564,0.016555616404169304,34,22,9,21,104,134
4565,0.018282225653469306,34,24,9,19,75,84
4566,0.023354192486804808,34,24,7,17,101,158
4567,0.014968007760878744,34,23,7,18,84,132
4568,0.013874272858729109,34,21,10,23,91,118
4569,0.016528819035095284,34,22,8,20,106,178
4570,0.03412693250523868,34,19,6,21,74,214
4571,0.01362113357734624,34,20,10,24,120,232
4572,0.01955816815984165,34,23,10,21,138,162
4573,0.03324122509567974,34,21,11,24,111,132
4574,0.022625678948696853,34,24,9,19,84,96
4575,0.029273291566553283,34,22,8,20,78,132
4576,0.012701559777717447,34,25,7,16,102,126
4577,0.014336340040139645,34,24,8,18,109,130
4578,0.0052416518607146835,34,23,5,16,118,308
4579,0.015396205861687377,34,23,9,20,98,116
4580,0.01138410928369104,34,22,8,20,123,242
4581,0.02669564833989721,34,20,11,25,114,144
4582,0.012530402436629989,34,21,12,25,139,148
4583,0.009699046444143159,34,17,10,27,123,234
4584,0.0122605650090198,34,18,9,25,119,216
4585,0.017966247222125364,34,22,10,22,112,154
4586,0.004905802945372989,34,18,10,26,100,214
4587,0.013228504117612106,34,21,8,21,87,144
4588,0.026644817500890594,34,22,9,21,142,214
4589,0.02551807894247103,34,21,10,23,111,144
4590,0.02008662333510381,34,23,9,20,108,132
4591,0.011947397229424193,34,23,9,20,124,204
4592,0.016632263353345885,34,21,11,24,122,154
4593,0.010138658834900602,34,21,8,21,128,252
4594,0.022090891447991784,34,22,8,20,107,172
4595,0.024862133147131316,34,21,9,22,85,130
4596,0.020937545676614735,34,26,8,16,84,84
4597,0.018294279030908692,34,24,7,17,67,100
4598,0.023014739006214036,34,20,8,22,125,236
4599,0.021493210401676587,34,24,7,17,117,174
4600,0.004884147592871868,34,22,8,20,120,224
4601,0.0146700101655544,34,23,10,21,90,102
4602,0.015361353874536354,34,21,10,23,121,160
4603,0.01683693623570337,34,20,12,26,133,154
4604,0.010041080363322519,34,20,9,23,146,268
4605,0.01393633558419715,34,22,8,20,99,168
4606,0.02399290625074192,34,23,9,20,122,164
4607,0.020115335158322832,34,17,13,30,199,336
4608,0.030227483061534725,34,21,11,24,153,198
4609,0.014660735206653716,34,22,10,22,94,112
4610,0.012595139550311135,34,20,9,23,110,182
4611,0.02124818231613211,34,22,9,21,122,166
4612,0.01874742036105538,34,22,9,21,78,114
4613,0.005913408072962603,34,20,7,21,121,286
4614,0.02450104928254041,34,24,8,18,95,140
4615,0.01090752765683737,34,17,11,28,170,310
4616,0.021866152976903537,34,22,8,20,116,198
4617,0.020822644266126372,34,20,11,25,142,190
4618,0.009851376668365969,34,23,8,19,112,174
4619,0.0219092750777962,34,23,8,19,98,134
4620,0.01157615200105986,34,22,8,20,97,160
4621,0.01436993740375924,34,24,6,16,110,216
4622,0.03169592089311579,34,19,8,23,153,316
4623,0.013924852644986968,34,22,9,21,105,138
4624,0.012102864398248009,34,24,9,19,85,94
4625,0.019181747719077748,34,23,9,20,114,162
4626,0.016901751895908083,34,22,11,23,109,118
4627,0.013553535904199793,34,25,7,16,56,80
4628,0.017211728664443898,34,22,10,22,119,158
4629,0.013636332692934624,34,19,10,25,122,206
4630,0.01985957834788611,34,26,6,14,57,78
4631,0.025716612809885638,34,24,8,18,82,106
4632,0.011357200575180824,34,21,10,23,137,194
4633,0.013097018625714569,34,19,12,27,127,206
4634,0.019260993428069313,34,22,10,22,104,128
4635,0.024774720602135647,34,22,7,19,108,192
4636,0.012838045945319732,34,23,10,21,117,126
4637,0.018135471520016856,34,23,8,19,102,164
4638,0.012277668555217086,34,22,10,22,113,134
4639,0.010751975462654065,34,24,9,19,85,100
4640,0.01077590846029701,34,21,10,23,116,172
4641,0.020942759787493978,34,22,10,22,127,148
4642,0.010379224581520338,34,22,7,19,66,126
4643,0.02181649583105881,34,19,9,24,164,294
4644,0.022225425986714446,34,23,9,20,95,134
4645,0.02807120998594904,34,22,10,22,125,170
4646,0.01581570577167691,34,24,7,17,87,138
4647,0.01679455318883516,34,19,10,25,122,206
4648,0.008682519395152966,34,20,9,23,132,244
4649,0.011833157238957615,34,20,9,23,98,176
4650,0.015199021275964897,34,23,10,21,99,108
4651,0.012375983769006053,34,22,9,21,103,178
4652,0.016519304238921066,34,23,8,19,121,172
4653,0.027222449061261565,34,19,10,25,145,220
4654,0.01950795629299009,34,21,8,21,149,350
4655,0.017483106730056163,34,21,10,23,112,148
4656,0.024789049063121175,34,20,10,24,137,190
4657,0.013714097243035996,34,24,7,17,64,108
4658,0.023607028610615907,34,23,6,17,99,276
4659,0.02254494136992749,34,20,11,25,133,166
4660,0.026641660385029714,34,19,9,24,118,238
4661,0.014298890966013666,34,23,8,19,89,134
4662,0.01509755081108434,34,22,9,21,127,206
4663,0.02042375857135874,34,22,10,22,117,162
4664,0.008291317484993985,34,19,10,25,102,164
4665,0.008812032209408498,34,21,8,21,102,182
4666,0.026184877158939694,34,26,5,13,50,110
4667,0.011940696774071852,34,25,6,15,78,120
4668,0.032758463938837634,34,17,10,27,118,210
4669,0.03202429655421634,34,20,10,24,115,166
4670,0.012324178050314001,34,21,10,23,112,160
4671,0.017308888189958502,34,21,10,23,139,228
4672,0.02522538633981164,34,20,10,24,132,216
4673,0.016705077673968394,34,24,7,17,79,130
4674,0.013198606252291259,34,24,8,18,100,118
4675,0.01331205093038668,34,24,8,18,107,140
4676,0.013978212202308118,34,23,8,19,79,118
4677,0.011706647462684766,34,19,11,26,130,186
4678,0.019266186639545865,34,20,10,24,156,258
4679,0.014135588838060723,34,20,10,24,110,182
4680,0.013871150084271977,34,20,10,24,103,148
4681,0.015138432418290965,34,24,9,19,93,108
4682,0.014638751549011442,34,20,8,22,95,212
4683,0.009406976071639449,34,23,8,19,83,128
4684,0.012090759139267871,34,23,9,20,133,196
4685,0.005836509817987667,34,21,9,22,132,200
4686,0.009826122133223592,34,24,9,19,83,92
4687,0.02958861566663991,34,20,10,24,126,192
4688,0.011185827995913708,34,21,9,22,129,194
4689,0.023133263104083875,34,25,9,18,114,114
4690,0.010472501151973995,34,22,8,20,121,228
4691,0.012440793935450205,34,20,10,24,135,264
4692,0.009712597457312858,34,22,10,22,100,130
4693,0.015697593547778693,34,21,7,20,114,262
4694,0.026239608499949933,34,21,9,22,120,230
4695,0.012724695066969879,34,22,11,23,133,142
4696,0.010275867319150894,34,23,7,18,111,192
4697,0.01671674619621133,34,20,11,25,92,122
4698,0.0289006097480507,34,21,10,23,116,176
4699,0.02605276061861708,34,19,10,25,151,248
4700,0.023294070344235206,34,22,10,22,128,216
4701,0.013883236779433317,34,19,10,25,136,226
4702,0.024155121977991564,34,23,7,18,105,282
4703,0.01206561090818633,34,22,10,22,124,166
4704,0.016237356207652535,34,21,8,21,105,252
4705,0.01620315987918579,34,23,6,17,68,152
4706,0.012290031949587034,34,23,10,21,87,96
4707,0.014315525446355993,34,23,10,21,89,98
4708,0.01712351218337065,34,23,9,20,105,132
4709,0.008894698891765696,34,22,7,19,93,162
4710,0.01800594372298817,34,22,6,18,64,130
4711,0.026784025460051965,34,19,10,25,124,214
4712,0.01311578688051554,34,24,10,20,108,108
4713,0.027310680929186527,34,24,8,18,82,106
4714,0.015353328345032169,34,23,9,20,123,144
4715,0.015517093585312294,34,21,11,24,128,158
4716,0.029260923386736717,34,19,10,25,124,192
4717,0.028695816434414143,34,21,9,22,121,196
4718,0.01827038769856014,34,22,10,22,124,148
4719,0.03755801755181036,34,18,10,26,120,194
4720,0.011114329730810224,34,23,7,18,80,140
4721,0.018194871622856507,34,22,9,21,102,138
4722,0.019842753121286125,34,22,8,20,140,230
4723,0.017760704737336236,34,23,10,21,117,150
4724,0.017643951009382285,34,24,10,20,94,94
4725,0.02263753911053848,34,21,8,21,115,218
4726,0.0168115416699392,34,24,8,18,99,132
4727,0.010660290790183817,34,21,9,22,97,150
4728,0.01861709592670714,34,25,7,16,64,88
4729,0.013688673208429543,34,23,8,19,110,166
4730,0.013018326098805488,34,23,8,19,85,158
4731,0.014434844849138252,34,20,11,25,153,210
4732,0.014321663843879454,34,19,7,22,130,332
4733,0.009868983983374904,34,22,10,22,99,120
4734,0.022072844416431724,34,21,9,22,132,254
4735,0.029986077202973194,34,22,7,19,93,180
4736,0.009632470465846546,34,23,8,19,84,140
4737,0.011828044678352214,34,19,9,24,102,168
4738,0.008326500242002093,34,21,9,22,146,270
4739,0.019564512104637354,34,25,8,17,78,90
4740,0.011946297124525225,34,24,8,18,106,186
4741,0.010778013916011436,34,23,9,20,104,128
4742,0.0062079853876788466,34,22,8,20,90,154
4743,0.012172530302709858,34,25,9,18,92,92
4744,0.009494854730739799,34,21,10,23,87,120
4745,0.020390142429957618,34,19,10,25,101,176
4746,0.013406467545918524,34,21,10,23,100,144
4747,0.012532988752480795,34,22,8,20,102,174
4748,0.01300401049271966,34,27,5,12,50,74
4749,0.027051483276951525,34,22,10,22,130,172
4750,0.019479668217904256,34,23,8,19,103,142
4751,0.022460538590164877,34,19,10,25,126,204
4752,0.015271219188422738,34,23,7,18,88,148
4753,0.01683693623570337,34,17,11,28,160,304
4754,0.018703599748527658,34,22,10,22,110,152
4755,0.023690844490337114,34,22,9,21,130,190
4756,0.015767257076950758,34,23,10,21,120,144
4757,0.009337219342508335,34,19,10,25,167,276
4758,0.024016205604153136,34,25,9,18,90,90
4759,0.027518653065398656,34,25,6,15,59,100
4760,0.012549323527703781,34,25,6,15,59,98
4761,0.018478755123981325,34,22,8,20,78,134
4762,0.01081458402698587,34,21,12,25,125,140
4763,0.02295420104404048,34,20,7,21,83,186
4764,0.015281615002614058,34,24,8,18,114,156
4765,0.016176982640690424,34,21,9,22,82,130
4766,0.006349143619637454,34,21,10,23,118,172
4767,0.022759166018876703,34,20,8,22,109,196
4768,0.011997049126185207,34,20,12,26,128,168
4769,0.030384511013218242,34,21,7,20,128,290
4770,0.018977429728891514,34,21,9,22,127,190
4771,0.01686123045439706,34,19,12,27,138,214
4772,0.012845106429728154,34,22,7,19,85,154
4773,0.012867718984778814,34,24,10,20,98,98
4774,0.017856540225673585,34,19,8,23,109,254
4775,0.018209978032178997,34,19,10,25,114,210
4776,0.030579249790483008,34,22,9,21,103,136
4777,0.023680856244440662,34,22,9,21,102,146
4778,0.012331173773902578,34,22,7,19,87,156
4779,0.013877138384417169,34,22,8,20,81,134
4780,0.01206694012923969,34,24,9,19,94,106
4781,0.017319257706098344,34,23,9,20,87,108
4782,0.013075223468216983,34,24,9,19,76,88
4783,0.022919817986849396,34,23,7,18,105,212
4784,0.029385783544557294,34,21,10,23,102,146
4785,0.011318401520384515,34,23,7,18,67,118
4786,0.023137223854358766,34,20,10,24,138,226
4787,0.015399208658825235,34,23,9,20,115,136
4788,0.011881155304007133,34,21,11,24,134,176
4789,0.009856798216447804,34,23,8,19,96,132
4790,0.014223253099148021,34,19,9,24,138,258
4791,0.013750954720744536,34,21,10,23,93,126
4792,0.031208550180007635,34,19,11,26,117,174
4793,0.036871712117949956,34,22,7,19,69,138
4794,0.012827139739680277,34,23,8,19,82,118
4795,0.01387728677382339,34,21,10,23,83,116
4796,0.007129577320376723,34,22,10,22,104,128
4797,0.007554373361964448,34,22,8,20,130,224
4798,0.01050253048636425,34,22,7,19,66,138
4799,0.012178677764035493,34,21,8,21,131,252
4800,0.02254494136992749,34,20,10,24,151,276
4801,0.012092799541448256,34,20,10,24,137,262
4802,0.012712109933850774,34,23,9,20,107,128
4803,0.021222098038016998,34,21,9,22,121,230
4804,0.012580671442578545,34,20,11,25,135,168
4805,0.011833157238957615,34,23,10,21,107,116
4806,0.013202069418376386,34,23,8,19,83,116
4807,0.015106839552770271,34,21,9,22,112,188
4808,0.016026878739802075,34,22,9,21,128,194
4809,0.014750664675030518,34,21,9,22,143,218
4810,0.0098860409199499,34,20,12,26,114,146
4811,0.013883236779433317,34,25,7,16,79,106
4812,0.016340717723648007,34,21,8,21,92,158
4813,0.018213674875653823,34,22,9,21,107,146
4814,0.01762325057382247,34,18,8,24,131,364
4815,0.011950705474294623,34,19,9,24,143,288
4816,0.012764812045289578,34,25,8,17,99,108
4817,0.014369207545471469,34,22,9,21,95,128
4818,0.01181255043206371,34,21,9,22,112,186
4819,0.018535248097802545,34,24,9,19,99,108
4820,0.01857056292010349,34,23,9,20,95,140
4821,0.012402845599838747,34,22,9,21,122,182
4822,0.03201079669535813,34,21,10,23,122,176
4823,0.020980689439162564,34,22,8,20,90,132
4824,0.036403303599082754,34,20,8,22,87,196
4825,0.014832517143843565,34,21,11,24,120,160
4826,0.019773127911479033,34,22,9,21,124,222
4827,0.012559757446290346,34,24,7,17,75,122
4828,0.02164779248721503,34,20,9,23,124,248
4829,0.014847151042566467,34,19,10,25,128,206
4830,0.012945275928618594,34,19,12,27,111,144
4831,0.02406370552882421,34,19,8,23,114,248
4832,0.032691293789842285,34,18,10,26,99,192
4833,0.021772483592426922,34,21,10,23,133,182
4834,0.012910817982391663,34,26,7,15,91,100
4835,0.01453580530756646,34,22,8,20,110,158
4836,0.014604533936830158,34,21,10,23,123,162
4837,0.011842283487720907,34,24,7,17,62,92
4838,0.021732550858755216,34,21,10,23,97,138
4839,0.015353328345032169,34,21,7,20,148,314
4840,0.018777778957109758,34,23,10,21,121,136
4841,0.02012445753168923,34,21,8,21,115,244
4842,0.023575115515245187,34,20,11,25,112,156
4843,0.013323667128862356,34,18,9,25,102,210
4844,0.016971225437036302,34,20,12,26,148,178
4845,0.011668668992649782,34,20,12,26,126,168
4846,0.020977257868111596,34,24,8,18,91,130
4847,0.012643073579444972,34,25,7,16,83,116
4848,0.014186536067943359,34,19,9,24,91,168
4849,0.014142615911927309,34,25,7,16,90,114
4850,0.022153945075593623,34,23,8,19,114,214
4851,0.028240340774775965,34,21,10,23,119,170
4852,0.017348713545925598,34,21,7,20,90,182
4853,0.030413614469347393,34,22,11,23,130,154
4854,0.027545704295685855,34,22,9,21,100,144
4855,0.014058632603368981,34,22,8,20,93,156
4856,0.022853839966332015,34,19,8,23,79,154
4857,0.011695100976112809,34,21,10,23,113,152
4858,0.023033037718919243,34,21,9,22,84,140
4859,0.01143730256542997,34,22,10,22,105,126
4860,0.012775657425643142,34,23,8,19,98,152
4861,0.012992874402755261,34,21,9,22,128,188
4862,0.01427617709538389,34,22,7,19,64,112
4863,0.016750228286425913,34,23,7,18,97,162
4864,0.011239429815568958,34,22,8,20,94,174
4865,0.013882409141408217,34,25,8,17,80,92
4866,0.013518949908928546,34,19,10,25,133,208
4867,0.011114329730810224,34,19,11,26,136,178
4868,0.02164779248721503,34,21,10,23,135,238
4869,0.015507635414099455,34,20,10,24,125,200
4870,0.016509664052363395,34,23,9,20,100,124
4871,0.013921997331025837,34,20,9,23,100,162
4872,0.024958680499242623,34,23,9,20,84,102
4873,0.02240651911151048,34,21,9,22,84,138
4874,0.015766290438078947,34,24,7,17,66,102
4875,0.016686363767181345,34,23,8,19,75,108
4876,0.020007069570178344,34,21,9,22,98,140
4877,0.024551391315384967,34,21,11,24,116,164
4878,0.015721613489491294,34,22,10,22,106,130
4879,0.009441006036664042,34,23,8,19,112,166
4880,0.026003961960783112,34,24,7,17,93,144
4881,0.01605752513441598,34,21,12,25,132,144
4882,0.01470196530243087,34,19,8,23,138,310
4883,0.011300270276385613,34,22,9,21,105,138
4884,0.007352032249651433,34,23,8,19,94,130
4885,0.012914802431001848,34,21,9,22,125,226
4886,0.01401809376811769,34,23,7,18,97,198
4887,0.026559275305997693,34,21,10,23,97,130
4888,0.013799270301680905,34,21,11,24,126,168
4889,0.01287313137600404,34,21,8,21,93,160
4890,0.01808057932375061,34,25,8,17,123,138
4891,0.020762548600606542,34,22,9,21,116,152
4892,0.022497414811003584,34,21,8,21,96,162
4893,0.006430231304938604,34,21,9,22,121,202
4894,0.02431250555581691,34,24,10,20,118,118
4895,0.01743614453326282,34,21,10,23,99,144
4896,0.022158685462164762,34,22,9,21,92,128
4897,0.009384689682612711,34,21,9,22,144,228
4898,0.012154647572209396,34,20,10,24,134,190
4899,0.02508115316968535,34,19,9,24,127,234
4900,0.015513983181171084,34,23,9,20,86,110
4901,0.017001553654929183,34,23,6,17,76,164
4902,0.012758890140820819,34,23,7,18,117,210
4903,0.0147203288041109,34,24,10,20,114,114
4904,0.012509276362126731,34,23,10,21,93,102
4905,0.011595682549876148,34,21,10,23,86,122
4906,0.013486683148548693,34,24,9,19,85,100
4907,0.011510418488810528,34,21,8,21,132,212
4908,0.021463805232540073,34,22,8,20,118,190
4909,0.009992645574853392,34,21,12,25,113,122
4910,0.011789289305905004,34,22,12,24,120,120
4911,0.015392770081365859,34,24,8,18,70,94
4912,0.02246810459021569,34,23,10,21,111,120
4913,0.007037627166624649,34,20,8,22,139,282
4914,0.012284413043323627,34,22,9,21,99,132
4915,0.024774720602135647,34,23,7,18,96,178
4916,0.022288473344506052,34,18,11,27,135,218
4917,0.016737223298547522,34,25,9,18,102,102
4918,0.01888253400961651,34,22,8,20,120,186
4919,0.017191820732032473,34,20,8,22,96,190
4920,0.013177315002240581,34,19,11,26,143,208
4921,0.01567416949225001,34,22,10,22,110,158
4922,0.015507618178244795,34,20,9,23,135,272
4923,0.02291248359445828,34,24,9,19,72,84
4924,0.02223964069427302,34,17,10,27,135,262
4925,0.010068281995035643,34,23,8,19,88,142
4926,0.011256501071738884,34,22,9,21,118,172
4927,0.011168711755672293,34,20,9,23,109,178
4928,0.017295071503214174,34,23,8,19,86,130
4929,0.024028543380473992,34,22,8,20,121,206
4930,0.013363366740009493,34,23,8,19,113,146
4931,0.011715451488499382,34,23,8,19,105,156
4932,0.01958171218566542,34,23,9,20,79,100
4933,0.014156526391855051,34,23,10,21,124,154
4934,0.011827667598670127,34,22,9,21,100,170
4935,0.010245445005326231,34,21,11,24,114,138
4936,0.01617361374100129,34,24,9,19,83,92
4937,0.011391654548324123,34,21,10,23,145,240
4938,0.018708285022676303,34,20,11,25,149,200
4939,0.013768865353607294,34,20,9,23,135,266
4940,0.022509302433335508,34,20,10,24,101,146
4941,0.01229244528642565,34,20,14,28,128,128
4942,0.009792850015131978,34,22,9,21,116,164
4943,0.010279938454053287,34,21,8,21,165,324
4944,0.01240616325499519,34,18,9,25,143,278
4945,0.008791496296915547,34,21,9,22,104,158
4946,0.012809492676487726,34,21,9,22,117,180
4947,0.019467622764455267,34,21,8,21,116,250
4948,0.011257326261017192,34,22,8,20,100,166
4949,0.02453184857583357,34,22,7,19,112,216
4950,0.023985259881602744,34,22,8,20,94,154
4951,0.012503513218909943,34,23,9,20,93,114
4952,0.009319097412539099,34,23,9,20,101,122
4953,0.017931493472540153,34,24,8,18,102,144
4954,0.01025106748790056,34,23,8,19,85,118
4955,0.010713864468169167,34,22,8,20,80,128
4956,0.009083474897768049,34,24,7,17,93,144
4957,0.01077223735747182,34,24,9,19,115,130
4958,0.01896060107627219,34,23,6,17,118,238
4959,0.012521132557303763,34,21,9,22,107,158
4960,0.015958383449682437,34,22,10,22,124,148
4961,0.002995183062556101,34,21,9,22,121,184
4962,0.01235281661042302,34,23,10,21,94,106
4963,0.01758212686942042,34,22,9,21,112,156
4964,0.019592903079687998,34,26,5,13,60,102
4965,0.01197073473524525,34,21,10,23,126,180
4966,0.024611005328046248,34,23,9,20,79,106
4967,0.012438458833850096,34,22,10,22,154,234
4968,0.016684988889712968,34,21,11,24,144,186
4969,0.013724430010273417,34,24,8,18,108,144
4970,0.02778046275050798,34,21,9,22,113,158
4971,0.01833372991011076,34,23,10,21,115,148
4972,0.020692766698858472,34,21,10,23,128,200
4973,0.023862239218393963,34,23,10,21,93,102
4974,0.010056088408212698,34,21,8,21,88,148
4975,0.024505680597964236,34,25,8,17,65,74
4976,0.013341344989236559,34,21,9,22,117,186
4977,0.01310503377341421,34,23,8,19,77,116
4978,0.019669907045936713,34,22,8,20,80,128
4979,0.017546196487126787,34,25,8,17,98,110
4980,0.012462595144936906,34,22,10,22,119,164
4981,0.01274373247570211,34,20,10,24,104,146
4982,0.00568378416391957,34,20,9,23,101,158
4983,0.013517939222289985,34,25,8,17,84,96
4984,0.024208359112051464,34,20,10,24,152,224
4985,0.016941417555967755,34,20,11,25,124,178
4986,0.013081309920304145,34,22,11,23,137,170
4987,0.01683693623570337,34,20,11,25,127,178
4988,0.012078602151369848,34,18,11,27,151,288
4989,0.01625519775724442,34,24,9,19,78,96
4990,0.012853918039168515,34,22,8,20,128,232
4991,0.016773435736960995,34,21,10,23,88,124
4992,0.011672235302785636,34,21,8,21,105,174
4993,0.034749596925756084,34,19,9,24,116,212
4994,0.01520608403314613,34,21,10,23,97,130
4995,0.02239574209306605,34,21,9,22,111,168
4996,0.033513465256491806,34,20,8,22,84,162
4997,0.019373241256377075,34,22,10,22,114,162
4998,0.017191105953729986,34,23,8,19,92,146
4999,0.012391371249192394,34,24,7,17,98,146
