permutation_index,null_statistic
1,-0.005650449254976736
2,-0.0027187481353736984
3,-0.003021953845592614
4,0.0016840464782403378
5,0.0015260671779807576
6,-0.005715130805951318
7,-0.0008679296195805049
8,-0.004636559319459176
9,-0.004590654956514839
10,-0.0017441229575684974
11,0.00011403042094457194
12,0.0002572245731869982
13,-0.008302869517337125
14,-0.004563231256489688
15,-0.0013608096545472022
16,-0.007209569727908677
17,0.00037441567972094913
18,-0.0032811986708949255
19,-0.0035627784570805947
20,-0.0005056421241920878
21,-0.00531494912364441
22,0.0016028470796202454
23,-0.0030983836167615304
24,-0.004198696903587623
25,-0.005054544848455713
26,0.00023353799194547262
27,-0.002564541362232331
28,-0.003846423294047406
29,-0.0036257204844958417
30,0.0012097682579759322
31,-0.0027583637971031576
32,-0.002954660062774811
33,-0.0012936772382559428
34,-0.008456073754503315
35,0.0030126118469252228
36,0.0009195622272101071
37,-0.002716317582242136
38,-0.003559353242609826
39,-0.0022457798618426977
40,-0.005615253048823633
41,-0.0051361186595167765
42,-0.010523349220327827
43,-0.0035111459146818375
44,0.0018593449182085914
45,-0.00440182915752137
46,-0.003971519271999263
47,-0.003550831571644795
48,-0.0016465411840274544
49,-0.003805902392348664
50,-0.00503443894288446
51,-0.0018366454244577689
52,-0.007043489491318524
53,-0.003909091652920943
54,-0.002925161039002429
55,-0.002177372917559404
56,-0.0015414536243733776
57,-0.005140190419894393
58,-0.004529020847083752
59,-0.00463999385997127
60,-0.0023424702746952034
61,-0.009319182270361385
62,0.001202817084481611
63,-0.005079596149298066
64,-0.006361685495649309
65,-0.0033094157266206035
66,0.002670166284212013
67,-0.00354807774989677
68,-0.00757606109642903
69,-0.004641526085220379
70,-0.002967406959331762
71,-0.003949211658508468
72,-0.0020793913773109463
73,-0.006542098622708211
74,-0.007683510448343027
75,-0.00406912737748805
76,0.0007424972513384344
77,-8.055759971897433e-05
78,-0.0030269298930466343
79,0.00019017261480623604
80,-0.004144876974798841
81,0.002826611861857859
82,-0.001719745891914204
83,-0.0023771218042921358
84,-0.0031811179493821395
85,0.0003074498160250787
86,-0.005937237763227795
87,-0.0035794748463754966
88,-0.0003362040141932955
89,-0.002799235065167851
90,-0.0037148079809499815
91,-0.0025037998536979085
92,-0.005530195718004831
93,-0.008751133128753186
94,-0.0016789471805200643
95,0.0002119361338712919
96,-0.0015642058012530907
97,-0.0039946238021515874
98,0.0008841570988755675
99,-0.009713617514848363
100,-0.0005083301678600188
101,-0.0036380207326497695
102,-0.0006493883482089451
103,-0.005118790810876128
104,-0.0006725930372845842
105,-0.00289275943073955
106,-0.00525255533976042
107,-0.0022867574994271597
108,0.0022480862931503268
109,0.0009127118519658695
110,-0.0008182959995036571
111,-0.004145070206536868
112,-0.00773590382600298
113,-0.010832866838102521
114,-0.0022702746583286304
115,0.0004576217906965413
116,-0.0070621460101049915
117,-0.004134731465389903
118,0.0031914276234373644
119,-0.005491995117434232
120,-0.003317490529895911
121,-0.005537035731575421
122,-0.00736331111020528
123,-0.005707026255743052
124,-0.002013077652301319
125,0.0008735909811474173
126,-0.005388780251892825
127,-0.000658170187247311
128,-0.004529568058454
129,-0.0008843478760106535
130,-0.006616943007046138
131,-3.8192367076372163e-05
132,-0.005634150063122859
133,-0.002676934959935127
134,-0.006633858876749662
135,-0.002453201171790362
136,-0.0031682956568462144
137,-0.0010210332777275816
138,0.0006783827544100153
139,0.003352237744307266
140,-0.002684849827556051
141,-0.005890294694759452
142,-0.008261210653348807
143,-0.005644744714580634
144,-0.008167134084919255
145,-0.0007536063435192135
146,-0.00233464882620138
147,-0.0007137901820969857
148,-0.0015705695154524697
149,0.0003517122843705797
150,-0.0033603476699258575
151,-0.0021858843754915813
152,-0.002712623893385342
153,-0.002145097720565023
154,-0.0034848220167616635
155,0.0007501431017313126
156,-0.004035448995676351
157,-0.0029474335121323116
158,-0.003914496035738225
159,-0.0062383373053098296
160,-0.00749648283809037
161,0.0012590173719394873
162,-0.002545714009406702
163,-0.004721773986435789
164,-0.008789536854665398
165,-0.00887000624307661
166,-0.0048229848312383305
167,-0.0010140652081087609
168,-0.0065017589823725686
169,-0.005549367621418444
170,-0.004841643234989392
171,-0.0029086601139913654
172,-0.0012611365146693657
173,-0.002538338654001212
174,-0.004748657775028874
175,-0.005615679554660292
176,-0.0013834047575544094
177,-0.0023189210886331024
178,-0.0058244087727441635
179,-0.004295146163214407
180,-0.0020664447557230473
181,-0.0026110699186469542
182,-0.004506942690051651
183,-0.004945838501197699
184,-0.00232447145195578
185,-0.004136748209560542
186,-0.002174796734736407
187,-0.004819127328100418
188,-0.0021650085506704185
189,-0.006236053433285364
190,-0.00027777267373282205
191,-0.00021250388058953462
192,-0.003595995744505684
193,-0.002331589653434968
194,-0.0024407299604599295
195,-0.004660075227824613
196,0.0004885322491167826
197,-0.003759538033263954
198,-0.004183775445808564
199,-0.0041139015498320095
200,-0.004716200906804344
201,-0.007127583553206647
202,-0.0020548986356665883
203,-0.0008030945633069053
204,-0.003031134673687961
205,0.002412255513718136
206,-0.0001653253220446592
207,-0.003048663851180574
208,-0.0024135217574742067
209,-0.0022163307320253248
210,0.001215823635971336
211,-0.0010777442476187366
212,-0.0025050261277467546
213,-0.003710670043713546
214,-0.0038417396011376607
215,-0.00019804906550787219
216,-0.005163462639317891
217,-0.007067170537511314
218,-0.004350895173986406
219,-0.002452940855877307
220,-0.0023660246165292734
221,0.0003459609052468629
222,-0.0029868472591047454
223,-0.0053512060566843975
224,-0.0008688822243421469
225,-0.0038862403045396045
226,-0.007659053976973959
227,0.00013944255222713905
228,-0.0012028141039709117
229,-0.00010301669145395403
230,0.00012398270654532736
231,-0.0032053828561727053
232,-0.003787758389575773
233,-0.003660194451379547
234,-0.003927552509751239
235,-0.004490652266745585
236,0.00012493144953575064
237,-0.006123841199100533
238,-0.002091008479393513
239,-0.0047855202040239
240,-0.00030886798628856557
241,0.0005966020699202344
242,-0.003172628363975045
243,-0.00035970927637372224
244,-0.0015383784316525435
245,0.0002858932707750575
246,-0.0025528713807080883
247,-7.049538530220362e-05
248,-0.003788462712074555
249,-0.0030220927755709587
250,-0.00032163668388857786
251,-0.0010918236213474306
252,-0.006194533554621143
253,-0.003566393677009446
254,-0.00411904785632336
255,-0.002184189813165857
256,-0.005323367619933066
257,-0.0020630023525622307
258,-0.0035463819599345046
259,-0.0003631468660876165
260,-0.0007082136955264551
261,-0.0013652045135263864
262,0.002384883479318218
263,-0.006746007275397228
264,-0.00032342441569574443
265,-0.00042254216850961743
266,-0.004425721176329982
267,-0.0043315364435032415
268,-0.0015004579859903416
269,-0.0018529954058087716
270,-0.005637431739227757
271,-0.006413024195432059
272,-0.00047784039918849844
273,-0.004103047483413138
274,-0.0065183577914391805
275,-0.006344210896107261
276,-0.0037641940522893103
277,-0.0005508918359275125
278,-0.004125413776606263
279,-0.005648752707931949
280,-0.005420327395202526
281,0.0018183540407731708
282,-0.005333572213115548
283,-0.002714232791515954
284,0.0021085342464200463
285,-0.0023656878543124905
286,-0.004569327962221027
287,-0.005387904353591735
288,-0.0029273490216697833
289,0.0027832355749737685
290,-0.0047191154826247625
291,0.0003818457903338769
292,-0.005289241592195147
293,-0.00865277431939071
294,-0.00371691513019028
295,-0.0033926924994657805
296,-0.002496604789344145
297,-0.0016872012674111446
298,-0.0038639925194509026
299,-0.0038139818393700467
300,-0.008503057377879916
301,-0.003871517449801465
302,0.0006975474047502123
303,-0.0020479855417605275
304,-0.003717264779363634
305,-0.005395252424230189
306,0.0010707200936859833
307,-0.0015886019966785542
308,-0.0037416114320032237
309,-0.0037071688026896615
310,-0.002453963876757361
311,-0.007286192283729429
312,-0.0032110107616371945
313,-0.004209383182961733
314,7.881080596344042e-05
315,-0.0026846005472675044
316,-0.006112723711376052
317,0.0021721435301093536
318,-0.0009234238202648036
319,0.0052455195107517505
320,-0.00487516847073606
321,-0.0028816925831680745
322,-0.0031383982770536653
323,-0.006184241232646083
324,-0.002726407716633756
325,-0.0041169048553279484
326,-0.0020374752815246616
327,-2.9402501647256274e-05
328,-0.003295942925038226
329,-0.0030226074009283878
330,0.002570937027716831
331,-0.003148624606903176
332,-0.0008033396613037896
333,0.0004399948453948019
334,-0.001076969258197065
335,0.0008141810811783876
336,-0.00019935759686542584
337,-0.0008178540182000246
338,-0.004871743236246992
339,-0.0012518417233373033
340,0.00160353947794541
341,0.0016710575876878221
342,-0.007271245509188794
343,-0.006181036760411221
344,-0.0025700617540722996
345,-0.004925341624155796
346,-0.0005053434568985452
347,-0.004625494353001389
348,-0.00011919131263186597
349,-0.004272428880347692
350,-0.004681045049540387
351,-0.0019826145178845275
352,-0.005483433283380499
353,-0.006046867567610085
354,-0.006101452513162502
355,-0.0026981610101245966
356,-0.004847781919796894
357,-0.0024502780868366457
358,-0.002649894597325498
359,-0.005013265722916532
360,-0.008463126834713584
361,-0.004803390192896443
362,0.0001702797636051051
363,0.0014900187756560872
364,-0.006111282668967832
365,-0.004879597959737313
366,-0.002366027356576112
367,-0.0030859278501021506
368,-0.0029096033720740905
369,-0.006685314802632746
370,0.0009380849150619243
371,9.30986455648583e-05
372,0.002324285501801672
373,-0.006727527923079051
374,-0.004336291062747966
375,9.99684925759095e-05
376,-0.0018691155423831915
377,-0.0022669481629144506
378,-0.005018058344155557
379,-0.006078559568280323
380,-0.0032216880194957907
381,0.0004007934518528815
382,0.0025788848352691907
383,-0.0074424646990504315
384,0.0017889010780182818
385,-0.002674547766750298
386,-0.007747369314235877
387,-0.004491394790999685
388,-0.005544876723703261
389,-0.0037267564492861095
390,0.0009727545963269801
391,-0.005109321260601665
392,-0.005154343388609449
393,-0.0029652488517046514
394,-0.0044071104001707564
395,-0.002037458438664805
396,-0.002447933483353811
397,-0.0035271232003755565
398,0.0011550213504489468
399,-0.003775000946407321
400,-0.002162881110283725
401,-0.0007829572560894317
402,-0.0024937692684447663
403,-0.002565112180873505
404,-0.00034317956433216334
405,-0.004159488962460232
406,-0.006307958319937874
407,-0.0033935725880736532
408,0.003776101928696346
409,-0.0017592404868912344
410,-0.003217100519687082
411,-0.003555555784388001
412,-0.00258077946450656
413,9.008124333366105e-05
414,0.001087929681112574
415,0.0008944326878076968
416,-0.0036495563400607695
417,0.00014408274602738247
418,-0.0012489761755461494
419,-0.00024855301185776335
420,-0.0018516618306242127
421,-0.004744199412724463
422,-0.006074479463897043
423,-0.002650821285934791
424,-0.0021104169582274006
425,-0.0021561225136575712
426,0.0011945654837873104
427,0.00032064535454963405
428,-0.003783343026741298
429,-0.005024769425118054
430,-0.0048132781409164355
431,0.00193710897510211
432,-0.003392153920489714
433,0.002136251332587713
434,0.0008093856036033159
435,-0.007926794435175896
436,0.0011464188300240978
437,-0.0008435327746484783
438,-0.004656066719627219
439,-0.002530190736617269
440,-0.004743343356734556
441,-0.00314821419063141
442,0.0011694820503370049
443,-0.0015087718856036485
444,-0.0047050484111429355
445,-0.0056441453099872925
446,-0.000423142126150286
447,-0.0018303153657220766
448,0.0005558154421112689
449,-0.005818431084324234
450,-0.0034742505646941646
451,-0.00099815259090065
452,-0.003676715016928865
453,0.0011428799353479166
454,-0.0039002989767832827
455,-0.0029198665386716074
456,0.00010147929494368907
457,-0.000833683377275643
458,0.005809513733653432
459,-0.007959199136008926
460,-0.0028974356916154353
461,-0.00488704485791951
462,0.0025119523122960584
463,0.0007629461299049935
464,-0.00402173979046043
465,-0.004426938281400308
466,-0.0017114493701248304
467,-0.0030971228714565813
468,-0.0034188517481942154
469,-0.0014262152507028177
470,-0.000812283817498094
471,-0.0006675170658213166
472,0.00022425475739432793
473,-0.006374316241163483
474,-0.005890888857654264
475,-0.0014053319919789496
476,-0.00553186693929044
477,-0.006161424427781243
478,-0.00812458338057533
479,-0.003445395012195481
480,-0.0032497922917703106
481,-0.002758317260034688
482,-0.0035947069710885876
483,-0.001543398236024257
484,-0.0012796716392074123
485,-0.003938682513812207
486,-0.003684500730270178
487,-0.0008899078213074792
488,-0.0041366129989910475
489,-0.00300313095452176
490,-0.003249227828192213
491,-0.006719075180087613
492,-0.006522085596035936
493,-0.004384727235378864
494,-0.003880014911506812
495,0.002123014500890235
496,-0.0037268543728907443
497,-0.009981179241009525
498,-0.004764263439129723
499,-0.002025123878262182
500,0.0007041751166001406
501,-0.004210597098919418
502,-0.007157605933027375
503,-0.006209149391722478
504,-0.002490127300999869
505,-0.0015229969071582118
506,-0.002729728050384208
507,-0.00486428270212276
508,-0.005541191693737704
509,0.0001145546536999581
510,-0.003696410836098011
511,-0.0032712514751699028
512,-0.006757176670570554
513,-0.00037727489716474563
514,-0.001973580225554862
515,0.00295709250271195
516,0.0032868634114161105
517,-0.007739565082235764
518,-0.003936967048017791
519,-0.0031484417663242316
520,0.0035577914113382805
521,-0.0022253987190017505
522,9.332165128009273e-06
523,-0.005329353040722136
524,-0.002008155780316514
525,-0.0023436750714528783
526,0.0004920262266856108
527,-0.0017034215852178118
528,-0.006836831935482464
529,-0.002550312681874122
530,-0.0005294298511305633
531,-0.0021764682661223785
532,-0.0014501231893031923
533,0.0003975671923844501
534,0.0013100002054453296
535,-0.00271149787707229
536,-0.003992107782374868
537,-0.002938180198476619
538,-0.0037351661026513647
539,-0.007367269096008631
540,-0.0012022272425854519
541,-0.007829642104164782
542,0.00033506993472167887
543,0.00209944841885637
544,-0.0013614185971866817
545,-0.004399866523788654
546,-0.0006415889135558094
547,-0.0032894236172616026
548,-0.005967632148278012
549,-0.005728741767782045
550,-0.0010516710124689674
551,-1.3507749027228538e-05
552,-0.0037256998132843243
553,-0.0033456406020577686
554,-0.002704551336469043
555,0.002581822954602058
556,-0.002876727832969033
557,0.000574347816894083
558,-0.0031231123238241315
559,-0.005561247226475469
560,0.0025501574707735633
561,-0.0014751873113343222
562,-0.0037091566854159964
563,-0.002535769159018368
564,-0.002363145414857635
565,-0.002954133709181843
566,-0.0028466261794726083
567,-0.0004863514670641368
568,-0.0017159234092234063
569,-0.0016510793183600221
570,-0.005572115536777583
571,-0.007382087597300385
572,-0.0013895042312530373
573,-0.004146215116459968
574,-0.004763721176516245
575,-0.001474254662538095
576,0.006928012119094017
577,-0.0029230280248713388
578,-0.0012322941605436843
579,-0.00406445486439222
580,-0.0023288216241031494
581,-0.0005116765714893862
582,0.002231264826511283
583,0.0012786176990848101
584,-0.005251975917968114
585,-0.0031975265245518768
586,-0.003745153111777283
587,-0.003828478102145979
588,0.000924679962916522
589,-0.0006860839445195187
590,-0.006247726100559205
591,-0.0003487318355273675
592,-0.0036195028925826503
593,-0.0008056595027813515
594,-0.0032702082304142954
595,-0.0007179759698268361
596,-0.005335752088128462
597,-0.0030976932271952473
598,0.002255860196766518
599,-0.0016094798897350882
600,-0.0025467254583291243
601,-0.004312259902473109
602,-0.0006184055369376426
603,-0.003995253251294732
604,-0.004272540261941023
605,-0.0002979497119780135
606,-0.0017035127243897955
607,-0.005826417737513724
608,-0.008233396514938065
609,0.00016441927095752623
610,-0.007281572782555208
611,-0.004595969979852937
612,-0.0013502031564437342
613,-0.0060932201987696395
614,-0.0024152365914635564
615,-0.004056338601278228
616,-0.00044480914119441814
617,-0.003988862385258814
618,-0.008405159461000712
619,-0.0021998975572082996
620,-0.0004244459878212821
621,-0.0032105579473995748
622,-0.002320369672509995
623,-0.0047997131867840125
624,-0.0066979561505693015
625,-0.00562086763781975
626,-0.003588356595283417
627,-0.0017965652673437235
628,-0.0038310888685539612
629,-0.0017190700773085307
630,-0.003492089391096395
631,-0.005881897184566071
632,-0.003007736766429941
633,-0.0050458448553248846
634,-0.004076132697442773
635,-0.0053103538187942445
636,0.001381144619802658
637,-0.000597651897148041
638,0.0008576904347170865
639,-0.008108442106196646
640,-0.0008792893689872627
641,-0.004072323081517684
642,-0.0076734174051218615
643,-0.005427074456913709
644,-0.002881804011672238
645,-0.0033159298573889155
646,-0.0031553362494894377
647,-0.0028855564107337847
648,-0.0013336916294847193
649,-0.0038001040503997732
650,-0.005328795766804232
651,-0.0016137094399220377
652,0.00044168390169867233
653,-0.0035837967667357654
654,-0.0016400749821521843
655,-4.1542538437511906e-05
656,-0.0010895036396341637
657,-0.0031814702255872768
658,0.0007347223690731541
659,-0.004641078333320756
660,-0.002704618339459487
661,-0.005851297546465694
662,-0.0011220983299420305
663,-0.0014922792622516813
664,-0.0037708748322958924
665,-0.00291487864894191
666,-0.007087086226789153
667,-0.0023784751233923256
668,-0.00021147449656489653
669,-0.0003001600326404501
670,0.0027538695386415055
671,-0.004697427975826521
672,-0.0005075517890482592
673,-0.004593223647831109
674,-0.0005265871145638222
675,-0.003348878177504934
676,-0.004422814052230977
677,-0.003960836263589191
678,-0.002158843806019023
679,-0.005232863139680934
680,-0.004438315039172157
681,-0.00540636257370632
682,-0.0019143544270892356
683,-0.0014879911979765077
684,-0.005244221490464621
685,-0.0007964825221168856
686,-0.000520694800897701
687,-0.0005539839173355418
688,-0.0040088300144221385
689,-0.005911072140291806
690,-0.0027735535764183868
691,-0.006789451077448341
692,-0.004200901046208495
693,-0.002812806337211326
694,-0.00712723322055029
695,-0.005306453589680231
696,0.00040833473068137977
697,-0.006228004508480319
698,-0.005486530567374033
699,0.00019830587690426726
700,-0.004948380591966357
701,-0.00768796597005561
702,-0.004469819814725381
703,-0.00154003205773897
704,-0.0016922218942140611
705,-0.008902796217797413
706,-0.003230396032500523
707,0.001044596621177618
708,-0.01025746933565215
709,-0.0047294542492898675
710,-0.000548633955495044
711,-0.00012059297073592143
712,-0.004756621009514458
713,-0.0063011807046924675
714,-0.002185900942338361
715,-0.006011671895761576
716,0.0011136944179975516
717,-0.0037661978463689044
718,-0.006283857114324196
719,-0.004886701370052961
720,-0.007645283997816225
721,-0.006557773018652319
722,-0.00033539173818451784
723,0.001552561129359583
724,0.0020570615420774235
725,-0.0010967299555845501
726,-0.0038421605355683404
727,-0.005748102301810748
728,-0.0015864401703075195
729,0.0010335913661593601
730,-0.004401908837035402
731,0.0006887503260951111
732,-0.0037427632184230814
733,0.0005209868190346467
734,-0.003604855330948828
735,-0.0005333475786465265
736,0.0052443844032753414
737,-0.007155290900826984
738,-0.003476465578987349
739,-0.00889124043329937
740,-0.000913140106316445
741,-0.003655058473634929
742,-0.004258910714790842
743,-0.0013978789686970514
744,0.0010468466350828723
745,-0.002213592874765826
746,0.0009622521589075089
747,-0.0026269533261540703
748,-0.001253054687263666
749,-0.0039739781793712466
750,-0.0004792695203973789
751,0.000642320239722733
752,-0.0004963342082488637
753,-0.00501606886961975
754,0.0008114896751420624
755,-0.008821507516031744
756,-0.004689665432154717
757,-0.004144609583241202
758,0.001389732443705747
759,-0.0017774486837350521
760,-0.004776711332703874
761,0.002155730547806399
762,-0.0026160135057914924
763,-0.005527492232740537
764,-0.0010831304166047696
765,-0.0034052162107976805
766,-0.0025474107094108286
767,-0.00010423182224032074
768,-0.0011355496916697488
769,-0.0035562910618584104
770,-0.001702962033484818
771,-0.0001229157501708225
772,-0.004516867019526038
773,-0.0032417309980970373
774,-0.0028197141328307647
775,-0.0026146179746913863
776,0.0005266091431867514
777,-0.0003483490769516616
778,-0.0002684942063594341
779,-0.005641911652825363
780,-0.007667322454375975
781,-0.007205024497795184
782,-0.004322704744139903
783,-0.0036860510161846882
784,-0.006584484255522709
785,0.0022068162739248068
786,-0.0024065513849823583
787,-0.0048198917602651666
788,0.0013885490846605626
789,-0.0011703340622556055
790,-0.003901960832293251
791,-0.007564168149933503
792,-0.0018680160967115972
793,-0.0009638296302006168
794,-0.0017843519050784566
795,-0.0035721060710935428
796,-0.005386088789935257
797,0.000890300266158512
798,0.0010798791611502621
799,-0.004872470369093888
800,-0.003482259997533238
801,0.0009948224289380893
802,-0.00161890882525665
803,-0.005728130581583515
804,-0.0033713442711825886
805,-0.0005190647050139323
806,-0.005961402841478725
807,-0.005244461238870703
808,0.0006369355497771907
809,-0.004240174120467229
810,-0.008575562789753698
811,-0.002462644794406388
812,-0.0048785769667691326
813,-0.0050447960374273675
814,-0.004305803982097626
815,-0.003903556182794081
816,-0.0004315292663142206
817,-0.0017512836511801855
818,-0.004159167867010243
819,-0.0022086166925408476
820,0.0007926646560667099
821,0.0004664395540126265
822,-0.0011244319016045744
823,-0.004852818481756428
824,-0.003098330005080783
825,-0.0018099747602249028
826,-0.0030856633837708335
827,-0.0005957120243704241
828,-0.006816062765862007
829,-0.002948950370860369
830,-0.0032192100614460498
831,-0.0037613574636452124
832,-0.0050387745900190885
833,-0.00502002604057631
834,-0.005732211060552168
835,-0.002049865222883071
836,-0.0011958230546368284
837,-0.00487045778000466
838,-0.0035801676855720596
839,-0.000572637171508978
840,-0.004288466468575936
841,0.000984727420926923
842,-0.006376951662045834
843,-0.0013104087594445132
844,-0.008436749368004526
845,0.00013418300170375125
846,-0.0015665104125693746
847,-0.0031777073018236825
848,-0.0025457228738656433
849,-0.006032739124202175
850,-0.007424871475319575
851,-0.005713040584854487
852,8.85664393712321e-05
853,-0.006061287263872339
854,0.0014743096376133823
855,-0.004767197760825851
856,-0.0047378882238940725
857,-0.0015931921007631758
858,-0.006547957102267667
859,-0.0019907433313192772
860,-0.0008376923995320647
861,-0.0014637286822155975
862,-0.0032590516035657033
863,-0.006191520866960832
864,0.00016847996637404244
865,-0.001440551274178619
866,-0.004395754911551919
867,-0.003726827560980875
868,-0.00034016029778308546
869,-0.0012606998480520666
870,-0.0018825978730965982
871,-0.0038093379332201707
872,-0.0018974278633035711
873,-0.0035211608006130504
874,-0.004305654186156662
875,0.0010797098358168201
876,-0.0057370273424259925
877,-0.006647212628055756
878,-0.0006624638952938515
879,-0.006757430136479139
880,-0.004869092344352399
881,-0.004113745143120819
882,-0.004708729065817773
883,-0.002264032481846527
884,-0.0025646942200576554
885,-0.0022249915611613595
886,-0.001196352821993752
887,-0.00014887147985100796
888,-0.0027413498707701198
889,-0.0009576583463573908
890,-0.005417883947169907
891,-0.010213065274028078
892,0.001704530523668972
893,-0.005313756952441
894,-0.002819501839618554
895,-0.0010130768001860406
896,-0.006068966733827265
897,0.0007869892260972122
898,0.0002079306553270724
899,-0.004269300894295627
900,0.0018794396644727547
901,-0.003546438859250857
902,0.0004760029100338986
903,-0.0025342535914222794
904,0.001334377417321217
905,-0.004538528986042626
906,-0.00452440858153939
907,-0.004098886392958575
908,-0.0038195013665438364
909,-0.004710070272248835
910,-0.003874542982566502
911,-0.0030530410321157643
912,-0.0072264243568869735
913,-0.0074003522050417984
914,-0.006385881950003908
915,0.0003995763233669465
916,-0.0016395030811781654
917,-0.000973973424155606
918,-0.005290732429036299
919,-0.003072994115992711
920,-0.008277723491193056
921,-0.005678690454774399
922,-0.003516110699914532
923,-0.0025624989180062126
924,-0.004856257878302343
925,-0.0013587067107880234
926,-0.0012269591855554735
927,-0.0034217233339346037
928,0.00015074926349168544
929,-0.0012889301219476956
930,-0.004200791317820515
931,-0.00243472037946698
932,-0.003956673571544098
933,-0.0018326788269282558
934,-0.0044027523966191084
935,-0.0011307994784767947
936,0.0019515380903847093
937,-0.0022760273393831604
938,0.0009314622840387692
939,-0.007279882288503792
940,-0.0007033982248607455
941,-0.0013871754548739727
942,-0.0006999824162590394
943,-0.0061243069059413804
944,-0.0018615565155290364
945,-0.0004477926309146736
946,-0.004711560139506667
947,-0.004922772344706446
948,-0.0016806232340926888
949,0.0031597955507391765
950,0.00010668272483165334
951,-0.004106918074562475
952,-0.0014899581312183656
953,-0.003094879711412986
954,0.0008060523653572044
955,-0.0018518863174353667
956,-0.006066323866447801
957,0.0006250328457521534
958,-0.004992556918622951
959,-0.003518555854278141
960,-0.001049889888833453
961,0.00659063011613931
962,-0.007110287290513318
963,-0.005091683934684722
964,-0.006481474568106875
965,-0.004955183018128827
966,-0.004049544637528945
967,0.0013656407684485249
968,-0.0043950913582630965
969,-0.0019448804794399525
970,-0.005487528040214303
971,-0.004278133224638853
972,-0.0029314559902807492
973,-0.0013345391094028575
974,-0.001332987601722558
975,-0.004015888523893951
976,6.837576301817888e-05
977,-0.00224334568557015
978,0.0008008594333678218
979,-0.0011886803136633255
980,0.00043826901183103076
981,-0.0025689660754784002
982,0.004386298300573053
983,-0.012446658029247621
984,0.0006479602348839243
985,-0.007021104056741497
986,0.0011038625659554671
987,0.002337761771382292
988,-0.0033194509397712103
989,-0.0012905969192631844
990,0.0012061704570902644
991,0.0018374189851543508
992,0.0013226682134431927
993,-0.0025129636777664194
994,-0.0012367094648122398
995,-0.004997747257027226
996,0.00014384931663007777
997,-0.005179861737400374
998,-0.006686206912189532
999,0.0012649854002073704
1000,-3.557961256812556e-05
1001,-0.0007089223165951744
1002,0.0012935974666511002
1003,-0.0009204953903711316
1004,-0.00800858551139506
1005,-0.0016230734849148123
1006,-0.0025658870454052726
1007,-0.0008910763263615257
1008,-0.0006268220427585007
1009,-0.004890394166087934
1010,-0.00399207605477982
1011,-0.0034860339040978586
1012,-0.0014875159745064634
1013,-0.003200187137295866
1014,-0.003071865373775979
1015,-0.012527780394838147
1016,-0.006059094044342454
1017,-0.0010164819694583292
1018,-0.0023570743633943084
1019,-0.001936761285865722
1020,-0.005597065039570515
1021,-0.0020026618328608005
1022,-0.0024224534504201575
1023,-0.005075413365083239
1024,-0.0018798570606545148
1025,-0.006681352393365963
1026,-0.0013788374558326953
1027,-0.0012283632746518773
1028,-0.003911003096315292
1029,-0.009983304356079782
1030,-0.0045156503889533
1031,-0.006374407831193224
1032,-0.0009915644298562482
1033,-0.004469224048044319
1034,-0.003977581813207769
1035,-0.0042159590994245155
1036,0.0020018784898793336
1037,-0.002051534572532543
1038,-0.00809486127954244
1039,-0.003858764162028929
1040,-0.005484972534447494
1041,-0.001957203407108362
1042,-0.005328612093569569
1043,-0.007663909562992916
1044,-0.0049946741682494016
1045,0.00028128599352638534
1046,-0.00701413781339871
1047,-0.0029252061258412537
1048,-0.0009006886720807489
1049,-0.004297595807955284
1050,-0.0038168836525371737
1051,-0.0028631047351137216
1052,-0.0015923315211956168
1053,-0.008605236651080189
1054,6.185236505384245e-05
1055,-0.0014700892078416683
1056,0.000614762753295986
1057,-0.00016079234368188838
1058,-0.00406835368627783
1059,-0.0012622179673337612
1060,-0.002050268024921406
1061,-0.0023632238479109613
1062,-0.0037444920343461946
1063,-0.0006988775840722737
1064,-0.004367676920256247
1065,-0.00021081585071028655
1066,-0.00579620098323767
1067,-0.004847821954340643
1068,-0.0055874202387437705
1069,-0.00205093302696617
1070,-0.007217140240912481
1071,-0.0035739841191484226
1072,-0.002717077608778231
1073,-0.008279324179203629
1074,-0.0025597589848938423
1075,-0.0008772569861997016
1076,-0.007755807572649914
1077,-0.003996165356624948
1078,-0.0024832002330528874
1079,-0.002157750536177727
1080,-0.0011337062682421593
1081,-0.005843793222571576
1082,-0.005641532868839696
1083,0.00013083953639110926
1084,0.00423062515768699
1085,-0.005001283868537567
1086,-0.001012223187368027
1087,-0.0029662012951869494
1088,-0.002990921499539872
1089,-0.004956086910030785
1090,-0.0013693154308633028
1091,-0.001074037271624053
1092,-0.0023536261148945845
1093,-0.00017065632444239476
1094,-0.00382087291066803
1095,-0.004226847558301508
1096,-0.0033675545565426818
1097,-0.003911200588536785
1098,-0.004228297380463125
1099,-0.003993493691444118
1100,-0.005563762920782471
1101,-0.0038261665820040133
1102,-0.004358879891782928
1103,-0.004303895586574014
1104,-0.0033699735436087674
1105,-0.0025265819922046275
1106,-0.003335796905615751
1107,-0.0002660325522941785
1108,-0.005076508205785403
1109,-0.0015882832067700553
1110,-1.5498650838333822e-05
1111,-0.006328923109541279
1112,-0.0017293485396182098
1113,0.0004269873829392777
1114,-0.002379632964313004
1115,-0.0033545679387387006
1116,-0.003795733953096101
1117,-0.004184073879813663
1118,-0.0038997759594258316
1119,-0.009465920279051618
1120,0.001679286945047112
1121,-0.0013971710998101836
1122,0.0011126849020821963
1123,-0.004061222456671048
1124,0.0005282282353493394
1125,0.0012849914117554415
1126,-0.0004686918866852602
1127,0.0011052464351630625
1128,-0.0056198717968374105
1129,-0.003014823179583445
1130,-0.004885826415156742
1131,-0.0050869654442217555
1132,-0.003024414779613894
1133,-0.001542403605143499
1134,-0.00443243974920805
1135,-0.006823247581962896
1136,-0.0029530264558392492
1137,-0.003942246502868542
1138,0.0021781412250189633
1139,-0.005896434612356966
1140,0.002931390537305699
1141,0.0019083148955193335
1142,-0.0025371127690026613
1143,-0.007109800207233619
1144,-0.004261912582376421
1145,-0.005676989345096178
1146,-0.004325502739290315
1147,0.0004911340822509914
1148,0.0006598882997382836
1149,-0.001998861582909437
1150,-0.001937542667235035
1151,-0.004616794545491219
1152,-0.005202346708429076
1153,-0.006159759518917517
1154,-0.0008565793951448228
1155,-0.002004723188470177
1156,-0.0037018513784680095
1157,0.0020761829214073525
1158,-0.0008954796081491675
1159,-0.001174598798365012
1160,-0.0045106381332848285
1161,-0.0026661492024429786
1162,-0.0024596475078901003
1163,-0.0061615669504962445
1164,-0.001493499244718019
1165,-0.0028976379772974736
1166,0.00042202348961371816
1167,-0.003929838342999741
1168,-0.005444159952618179
1169,-0.0014173661777838742
1170,-0.004907176920103194
1171,-0.0006778394433736221
1172,-0.0016208472133102982
1173,-0.004752745821316812
1174,-0.0009028574642092613
1175,0.0033113650566397763
1176,-0.0034940197759457774
1177,-0.0003714614629030284
1178,-0.00812849596836665
1179,-0.003388774954398325
1180,-0.005047401152432497
1181,-0.0030529772297719047
1182,-0.003511892289664361
1183,0.0008362847254211325
1184,-0.002448394713538672
1185,0.0010324724341164958
1186,-0.0035213848184545045
1187,-0.007992204355403442
1188,-0.003909427280238305
1189,-0.003465406866817993
1190,-0.0012795554556793189
1191,0.0031455848118717503
1192,0.0019967103049882556
1193,-0.0026334047763801154
1194,-0.0030042703945562105
1195,-0.00013587565032975937
1196,-0.0034299487587556264
1197,-0.0014882371367292285
1198,-0.0005035913467767092
1199,-0.0020093924941113825
1200,-0.0064317893153716665
1201,-0.0031872926625575483
1202,-0.0009986232168663033
1203,-0.006294423921961716
1204,-0.001500276856476964
1205,-0.0020541325519398204
1206,-0.0023185060245299143
1207,-0.004967359386268896
1208,-0.0005240798936330948
1209,-0.0002781825236793066
1210,-0.004779641357977676
1211,0.0024456069350945464
1212,-0.0032573747339453285
1213,-0.0032552728391014203
1214,-0.0004978417885718109
1215,0.0014813004736448677
1216,-0.0038525436986250085
1217,-0.0057369499529291955
1218,-0.003624312034425637
1219,-0.0029689318808743606
1220,-0.0003032403475150547
1221,-0.008459914557345391
1222,-0.0012623599368887413
1223,-0.004995414341021347
1224,-0.001873177484413461
1225,0.00048404816643718776
1226,0.00042644689352823104
1227,-0.007487419767840481
1228,-0.005721688602982521
1229,-0.0057863102499610825
1230,-0.0034138770637401512
1231,-0.0022205023607613367
1232,-0.002511055574019618
1233,-0.003778996539739201
1234,-0.00665972027616981
1235,-0.0068551464123196085
1236,-0.004766333288457908
1237,-0.004987692997532798
1238,-0.005155838322535834
1239,0.0007349058753996079
1240,8.661641959263611e-07
1241,-0.00685549239464938
1242,0.0032661302908345395
1243,-0.0017384574925154682
1244,-0.00025145786782463514
1245,-0.0025005274127566784
1246,-0.004615974778027634
1247,-0.001970935441038657
1248,-0.007373682187189298
1249,-0.0015604546170992772
1250,-0.002585759218614807
1251,-0.008194730168284908
1252,-0.0019465028295734058
1253,-0.0063198597719999056
1254,-0.0009730137317201758
1255,-0.00037215035538181243
1256,-0.0021428002349682326
1257,-0.005158105796827107
1258,0.0027722925121484096
1259,-0.003533347359349459
1260,-0.002821759334278917
1261,-0.0020542514501907076
1262,-0.0022449169994425734
1263,-0.00036954610895097856
1264,-0.00015963356781542246
1265,-0.005943696244220982
1266,-0.004032561760181411
1267,-0.0036174929129949122
1268,-0.004666766119373875
1269,-0.004453567962895956
1270,-0.0024385193737457463
1271,-0.0053604447887558165
1272,-0.0032938043089158417
1273,-0.0043397360093089254
1274,-0.0039047709434899096
1275,-0.008697105305592708
1276,-0.0008114049928814177
1277,-0.005278555471155386
1278,-0.003909021324162348
1279,-0.002340650306484088
1280,-0.002449885518372278
1281,-0.0035663146466049823
1282,-0.0030365347011098096
1283,-0.00156778245506594
1284,-0.004768602660842662
1285,-0.005373079732975437
1286,-0.0072479431026358995
1287,-0.0060811590141685405
1288,-0.0053576329926703845
1289,-0.0027245088658745115
1290,-0.0007964298464792664
1291,-0.0048900677204162905
1292,-0.00425895272079526
1293,-0.0019725812201417947
1294,-0.002164419834193791
1295,-0.0022368440474282436
1296,-0.001301593559205682
1297,0.0020626463183271784
1298,-0.0017143562886997032
1299,0.00022429837913420098
1300,-0.004789325587696649
1301,0.0015687540129763096
1302,-0.0023605278965786528
1303,-0.002416553210491758
1304,-0.0028695587202850342
1305,-0.00033544533544261484
1306,0.0012085321173164118
1307,-0.006655507926447611
1308,-0.005255538536935889
1309,-0.005127154040004495
1310,-0.001111002129024083
1311,-0.002385088112665003
1312,-0.007641150035120156
1313,-0.000861068379569542
1314,-0.0062613452966285635
1315,0.0010447379425766873
1316,-0.0003322370173667079
1317,-0.003474761460582742
1318,-0.006180722915374463
1319,-0.0034662698727274434
1320,-0.002926808393625333
1321,-0.0003242956202723704
1322,-0.0019606139718280624
1323,-0.0021198427322808855
1324,-0.0018937583201364405
1325,0.0001436656168408608
1326,-0.004838472646694854
1327,0.0008457770979663805
1328,0.0013023473790005798
1329,-0.01029894228946543
1330,-0.00561907471838002
1331,-0.003768962734554286
1332,-0.0026982519590522773
1333,-0.006592338163654531
1334,0.0013518890934495487
1335,-0.0050033004456420255
1336,-0.0010596866172434757
1337,-0.004873605975860482
1338,-0.004180815890484156
1339,-0.003802889496519888
1340,-0.0017795767339522962
1341,0.0006353805731044854
1342,-0.004774258054886033
1343,-0.009893648801373299
1344,0.00030595356144946795
1345,-0.0007332646979523599
1346,-0.0027698163251883776
1347,-0.005457736619367572
1348,0.0009320001177684743
1349,-0.0026059149965381306
1350,-0.0034285505624068666
1351,-0.004375086377696617
1352,-0.004450984285731239
1353,-0.004428821124563484
1354,-0.005176270369075812
1355,-7.374297132453633e-05
1356,-0.00451617859278268
1357,0.0011120473929513153
1358,-0.006443677109372013
1359,-0.005513603422808752
1360,-0.0010916978082231993
1361,-0.0044667698333627145
1362,-0.007800498980511848
1363,-0.003034712448350553
1364,0.0003513079224480367
1365,-0.005439099612375906
1366,-0.004987899250743194
1367,-0.0009283198910622903
1368,0.003393122244922636
1369,-0.0024780140850624403
1370,0.0005984019361822274
1371,-0.0003388012020914405
1372,0.002943186679354462
1373,0.0031085042459924744
1374,-0.000535037475355743
1375,-0.006508805893126468
1376,-0.001960811475185179
1377,-0.007073289446690317
1378,-0.0012196952204037055
1379,-0.003043442019471817
1380,-0.0018137106405983934
1381,-0.005978143151591085
1382,-0.0025661806023808825
1383,-0.003385474122590125
1384,-0.004583673520790369
1385,-0.0012807543026716363
1386,-0.0007686220974138756
1387,-0.000767373921843173
1388,-0.0054933158588496706
1389,-0.003794159555231408
1390,-0.00927230393715599
1391,-0.0037530209035949967
1392,-0.007141429850169561
1393,0.002010430723099043
1394,-0.00170190628775483
1395,-0.006609185270579493
1396,0.0012263130940493756
1397,-0.005470435371803306
1398,-0.007347581588282283
1399,-0.00116535400420641
1400,-0.0027863259760069273
1401,-0.0032871215065844207
1402,-0.005246981390677186
1403,-0.007770682967207419
1404,-0.0011874651740095
1405,-0.00021973043940613432
1406,0.0002228098853581835
1407,0.0012254694924769827
1408,-0.0021945809637074556
1409,0.003544058597790757
1410,-0.003589436975363916
1411,0.0005391970507142851
1412,-0.0027805777780248314
1413,0.00033324713039404805
1414,-0.01046672402676838
1415,-0.0038213914575417653
1416,-0.0016056405086617605
1417,-0.0014724262824397129
1418,-0.002016007349919389
1419,-0.004793339557221818
1420,0.0017920785849586118
1421,-0.0030905221419955144
1422,-0.005374820379344478
1423,0.002471633668200527
1424,-0.0039881095632412
1425,-0.0037375166037748493
1426,-0.0013663424308766534
1427,-0.00497971841779089
1428,-0.002435624897386756
1429,-0.0004430175032091241
1430,-0.0061950833934838745
1431,-0.0019421901959656394
1432,-0.005813580680855447
1433,-0.006323525423393039
1434,-0.002688000642666718
1435,-0.0019626697264307075
1436,0.0008054290200486328
1437,-0.005758512519669877
1438,-0.0018890078812328556
1439,-0.004640603921154965
1440,3.183984276569282e-05
1441,-0.0032223505981445397
1442,-0.001423346319311014
1443,-0.006434015676028471
1444,-0.002567645419238731
1445,0.004099178403572379
1446,-0.0006879493595041142
1447,-0.005980153924347403
1448,-0.002967362456085039
1449,-0.0017387866410540527
1450,-0.0025204929657259498
1451,-0.0008500616266597892
1452,-0.000599149313732325
1453,0.0014824109272653652
1454,-0.004135845804937005
1455,-0.0015338812865688424
1456,-0.002432739263013857
1457,-0.0013580166302109078
1458,-0.0047194117571838015
1459,-0.0013373260211250043
1460,-0.006121720608136247
1461,-0.006007873757848264
1462,-0.0007207405452840168
1463,-0.0026994748919614495
1464,-0.007235747623184942
1465,0.0027906066747407816
1466,-0.0017140476825483822
1467,-0.00509149371372284
1468,-0.0005320283432011172
1469,-0.002484966739497503
1470,-0.009403336689071722
1471,-0.002820150797780689
1472,0.003308762008534173
1473,-0.002586664901331446
1474,0.0003667065331813234
1475,-0.0025994749956942814
1476,-0.0053223350890197405
1477,-0.006718466026091517
1478,-0.008528879264216305
1479,-0.002448463089884563
1480,-0.0013737355301922556
1481,-0.002935311502983727
1482,-0.0018428888688284545
1483,-0.007332651869056874
1484,-0.004348170530043719
1485,-0.0078138543679896
1486,-0.003396724109196503
1487,-0.004941582420718536
1488,-0.002930225805782505
1489,-0.006276248617011482
1490,0.0005513502528965569
1491,-0.006494735176966592
1492,-0.0009464784580763483
1493,-0.005305235527630538
1494,-0.002173877545174459
1495,-0.0022828522579121796
1496,-0.007337003271762042
1497,-0.0041670360005303594
1498,-0.006238906485732484
1499,-0.0010004951490036815
1500,-0.0020014684232545765
1501,-0.004327818003816222
1502,0.0014751093814557477
1503,-0.0017363749433309955
1504,0.0007891728154549513
1505,0.002704140640163274
1506,0.0041858266128798755
1507,-0.0061791243567709715
1508,-0.004250118578657539
1509,-0.006198770251530431
1510,-0.0005344523186329199
1511,-0.0019293698398244186
1512,-0.0009271445835747592
1513,-0.003360639291343618
1514,0.00012225866270697272
1515,-0.003986529388457165
1516,-0.0020253968528081735
1517,-0.003459685924748681
1518,-0.0038712318069135873
1519,-0.0009752984308242993
1520,0.0015884243719972296
1521,-0.003198400048630142
1522,-0.004595696689626356
1523,-0.003800764734949672
1524,-0.0037918020688124214
1525,-0.007622030541537157
1526,-0.0039154746671225885
1527,-0.002729126666873853
1528,-0.0018659434017342658
1529,-0.0014227334038647392
1530,0.0005209561160008924
1531,-0.006354401980770905
1532,-0.002946605933989533
1533,-0.002581761560042254
1534,-0.0029276258477599834
1535,-0.006329687863674927
1536,-0.0023256209852828454
1537,-0.003062816125218023
1538,-0.002136355234589389
1539,0.0022433744837533146
1540,-0.004907790877466067
1541,-0.0016156401335459987
1542,-0.0030676318656406264
1543,0.001359085797313711
1544,-0.0019462904487826983
1545,-0.006061609115652063
1546,-0.0016855995685678693
1547,-0.0026948026756782907
1548,-0.0023188994128007234
1549,-0.0036147001910035864
1550,-0.0026211611976968002
1551,-6.378225508936117e-05
1552,-0.005763090813654545
1553,-0.008132130987457305
1554,-0.0027953036978566465
1555,-0.0021520529017800653
1556,-0.0023459725212657025
1557,-0.005903380850819151
1558,-0.003798436355686066
1559,-0.006978827115591647
1560,-0.004576245906818439
1561,-0.0032346886785318794
1562,-0.003433358507579861
1563,-0.009312558312004799
1564,-0.0018535470625531264
1565,-0.000590916293564829
1566,0.0014631640183678449
1567,0.003196785377418073
1568,-0.0008522933868285593
1569,-0.005743582446902828
1570,-0.00623653092436946
1571,-0.005914577450108274
1572,0.001662975888568636
1573,-0.005554045504549746
1574,-0.001383883084544648
1575,-0.005455304311132628
1576,-0.0008919794362126157
1577,-0.0005364825279241987
1578,-0.0014509488365702962
1579,-0.00011882140714661316
1580,-0.0017538447641291428
1581,-0.0013188015991337197
1582,0.004845176010608982
1583,-0.0013022423237106298
1584,-0.004980996635240067
1585,-0.004148621105708204
1586,-0.002885619882396162
1587,-0.0018489460941542475
1588,-0.006267319651976383
1589,-0.0019013917120850148
1590,-0.0013671027826217541
1591,-0.0038585745518804754
1592,-0.00017859356869714613
1593,-0.00478320168219197
1594,-0.0003738346492561072
1595,-0.005020304370948237
1596,-0.006047449178465732
1597,-0.00564821373543397
1598,-0.005289927563241998
1599,-0.004832826296388513
1600,-0.0035453267424830487
1601,-0.004910658946295478
1602,-0.002290174278803618
1603,8.021124904990934e-05
1604,-0.005980845368966849
1605,-0.0014131593015795918
1606,-0.0016655379969860926
1607,-0.0017452725682461784
1608,-0.006946562048175724
1609,-0.001795628185911828
1610,-0.00386170715530932
1611,-0.0008220950674984566
1612,-0.0026917440847632618
1613,-0.0032955464093026507
1614,0.00014490991978440698
1615,-0.0016665990533155477
1616,-0.0009395588810663137
1617,-0.006824062154467084
1618,-0.0009629084547774988
1619,0.004528543114488488
1620,-0.0038366111588379673
1621,-0.004430817935461483
1622,-0.004592569044779428
1623,-0.005528044563467702
1624,-0.001709873208065621
1625,-0.0007556222691049337
1626,-0.006228812819968885
1627,-0.00439207805418057
1628,-0.006000492620735834
1629,-0.0020353016988445723
1630,-0.0010468757674153215
1631,-0.005300349570239709
1632,-0.006104841269743592
1633,-0.0058626570205111694
1634,-0.0012499848078324632
1635,-0.0015026125488802958
1636,-0.005106189115369492
1637,-0.006635492875776115
1638,-0.002222093720138374
1639,0.0003190776160391373
1640,-0.002934310614797729
1641,-0.003134230415819117
1642,-0.004511009396986742
1643,-0.009106552500354297
1644,-0.0046196743738980105
1645,-0.0011187032510829274
1646,-0.004375411280712935
1647,-0.005437966734741218
1648,-0.003667196193580531
1649,-0.0015579778140022496
1650,-0.006117770028715729
1651,-0.004715667451421109
1652,-0.002825506894607664
1653,-0.005134790739589844
1654,-0.004872431181010727
1655,-0.003195306667086239
1656,-0.001610648950373078
1657,-0.0037270585085624093
1658,-9.17572742571704e-05
1659,-0.005194171186249853
1660,-0.0026298375768369353
1661,-0.004873841467105282
1662,-0.0021290836221080495
1663,0.00023126391370935015
1664,-0.007990721299790116
1665,0.0007428341576025538
1666,-0.0008008036479240921
1667,-0.002887771105878241
1668,-0.0032563725625541842
1669,-0.0009178213868306431
1670,-0.005904789535916534
1671,-0.001967425736617505
1672,-0.0035942330708034834
1673,4.714772677096371e-05
1674,-0.0016997659722706657
1675,-0.003782800741796235
1676,-0.003467293203803394
1677,0.002142639792683889
1678,-0.0012452568954998827
1679,-0.002577933937876725
1680,-0.005063268093240446
1681,-0.0006386586600569052
1682,-9.55721711515603e-05
1683,-0.006489828086972703
1684,-0.003911653086411771
1685,-0.0019104067183557186
1686,-0.006424727540238959
1687,-0.0027885719157536744
1688,-0.005173190327801072
1689,-0.0037269230377804663
1690,-0.0025252449250283623
1691,-0.0036567976789942842
1692,-0.005855277160528829
1693,0.002303609547943803
1694,-0.011217025211180166
1695,-0.003332360176567576
1696,-0.0014787047302925148
1697,-0.0022024187362477965
1698,-0.004461308125311068
1699,0.0009564954431823536
1700,-0.007227687724903953
1701,-0.0024118424681829655
1702,-0.004522498367399576
1703,-0.004056373767075204
1704,-0.0008861682591561476
1705,-0.0043143193375158664
1706,-0.0025084567377720163
1707,-0.0034313991521688625
1708,-0.008019112892308337
1709,-0.003414724419779566
1710,-0.007814503057246347
1711,-0.003829335274621995
1712,0.0004981002484581547
1713,-0.0003879790295872147
1714,-0.0025823355497833766
1715,-0.0031809629752054813
1716,-0.007321024660456164
1717,-0.004566763838041232
1718,-0.003347158069767712
1719,-0.0020910971093962005
1720,0.0016260462049532548
1721,0.0003064264409460074
1722,-0.0013053954697523663
1723,0.000903190018754052
1724,-0.0006135694042915738
1725,-0.000321860528084493
1726,-0.00011071767133358223
1727,-0.0035890557719585256
1728,0.00013716291890729718
1729,-0.005956942137461736
1730,-0.004498444100021072
1731,0.0002195887410600776
1732,0.0012867385542934678
1733,-0.0020424765066855144
1734,0.00041823816595025487
1735,0.00020697969526878648
1736,0.002378162509131136
1737,-0.0064291489433398324
1738,-0.005212940268335246
1739,-0.0023408891390694977
1740,0.0006369744779050647
1741,-0.005297144122927925
1742,-0.006377606547357681
1743,-0.0015381237866971403
1744,-0.0025220526007166226
1745,-0.0017333055167029522
1746,-0.0021329370974187203
1747,-0.0030241492416728244
1748,-0.0022654954914946637
1749,-0.008289156919818089
1750,-0.0030316047252066
1751,-0.0028717981643557253
1752,-0.0028334283755626355
1753,0.0002745795888669661
1754,-0.006108582451906555
1755,-0.006363793531597984
1756,-0.0049559425886346944
1757,-0.005491628892244731
1758,-0.003744886279040096
1759,-0.003000278688416798
1760,-0.004292325088064507
1761,5.884459274473064e-05
1762,-0.0022318907452372784
1763,-0.00726744816979797
1764,-0.0012556434224186251
1765,-0.0017424828938710918
1766,-0.005182497289151353
1767,-0.007415999316937271
1768,-0.005407574979095317
1769,-0.003910377894887983
1770,-0.004185482018295498
1771,-0.00786422032127779
1772,0.0017911919440501377
1773,-0.0059837434637779845
1774,-0.0005746500803709906
1775,-0.005059226495449227
1776,0.006719163058161497
1777,-0.002661954388774361
1778,-0.0020506352739220607
1779,-0.0036392904458346885
1780,-0.00039630283833379937
1781,-0.007179276235623026
1782,-0.0020041644325386188
1783,-0.0003432292325342527
1784,7.226573704451067e-06
1785,-0.005316150842352069
1786,-0.003511821606852372
1787,-0.0014208558963330412
1788,0.0025375989564776005
1789,-0.0009170434624065429
1790,-0.006860554342928725
1791,0.0023123630061626828
1792,-0.003821966664442955
1793,-0.003332624271087596
1794,-0.004557728760103078
1795,0.0009355133016819665
1796,-0.0063624563249416385
1797,-0.004657758188183814
1798,-0.003775372601104384
1799,-0.001823688316349003
1800,8.593105134869009e-05
1801,6.483215104160361e-05
1802,-0.0031747688683813266
1803,0.0016393524656872008
1804,-0.00865133267810276
1805,-0.006198776159368948
1806,0.003283226071169567
1807,-6.158184399841088e-05
1808,-0.0018376762469155782
1809,-0.00012013681820261315
1810,-0.00392410573923254
1811,-0.0006220594574829277
1812,0.0037518134658191572
1813,0.001505217349334731
1814,-0.004658669119362788
1815,-0.0012776311797271789
1816,-0.0037247896107969886
1817,-0.0009312760801502284
1818,0.0007770640671731048
1819,0.0005717615780196882
1820,-0.002741334615161531
1821,-0.0031992277526648703
1822,-0.0004400316670499678
1823,0.0032683292127312705
1824,0.0014000378527131672
1825,-0.00402941895222601
1826,-0.005612720281437982
1827,-0.004553415577963418
1828,-0.007746386551585844
1829,-0.005675363723100624
1830,-0.0029132860047397964
1831,-0.003377415634884591
1832,-0.0025939517199402573
1833,-0.0009935523315121042
1834,0.002385178425902329
1835,-0.006884348359760633
1836,-0.002963913119500495
1837,-0.0063241742075091055
1838,-6.475388846688065e-05
1839,-0.0017723951558506722
1840,-0.0034972908437869397
1841,-0.0005821276942338874
1842,-0.003203702698029335
1843,-0.004232473185755911
1844,-0.003278524911150115
1845,-0.004635180457767733
1846,0.0016316313499638337
1847,0.000803716150142627
1848,-0.002651400776505032
1849,-0.0030826608231929453
1850,0.0034612105057374443
1851,-0.001611454410801634
1852,-0.0011413764846199964
1853,-0.0010332725883258828
1854,-8.432894097656213e-06
1855,0.002428347904007505
1856,-0.0009546969398145089
1857,-0.006726911962412253
1858,-0.004996996435529803
1859,-0.0020559915167602943
1860,0.001042840249297957
1861,-0.002433367325364536
1862,0.0005017285313551056
1863,-0.0007574075624306349
1864,-0.007088527646064529
1865,-0.007562705788653944
1866,-0.005192429849842674
1867,-0.0014057864176152922
1868,-0.0005232052400747852
1869,-0.005075768603826403
1870,-0.005387392498221476
1871,-0.0029386572532442527
1872,-0.0018918253408326466
1873,-0.005349235600116253
1874,-0.003880561903633249
1875,-0.003317716592423147
1876,-0.0028679252085856213
1877,0.0014033165520128468
1878,-0.005462155186255105
1879,-0.00438940573643614
1880,-0.0036962742339230054
1881,-0.0010877558303751256
1882,-0.0012303861166945533
1883,-0.004105138496333871
1884,-0.0017903340298776223
1885,-0.0035001610266883407
1886,7.385203963129403e-05
1887,0.00018594529739937582
1888,-0.0031194398286751718
1889,-0.0016591435146599103
1890,-0.0013116414724662871
1891,-0.004146578525535009
1892,-0.0027961278818057593
1893,-0.002712516522042085
1894,-0.0033876023043754276
1895,-0.007043657168970777
1896,-0.00823761762582504
1897,-0.000656481305397829
1898,-0.003182841434023989
1899,-0.004743308871584976
1900,-0.0005243296718472762
1901,-0.0019024000727821053
1902,-0.004912812502149019
1903,-0.0038075064236276317
1904,-0.004813262309616914
1905,-0.002552452986006839
1906,-0.005388184417036736
1907,-0.0009571975293301178
1908,-0.004943409907763447
1909,-0.0018882346353746096
1910,0.0002250625106702056
1911,-0.00029064054907140813
1912,0.0012548000855867117
1913,-0.00010221054524656853
1914,-0.0034478652361274037
1915,-0.0049925986160810135
1916,-0.0008122395920201614
1917,-0.005870200568353152
1918,-0.003215275920698448
1919,-0.009870420510194381
1920,-0.0016303831574157185
1921,-0.003752090603201929
1922,0.00201534273947079
1923,-0.005120015226776471
1924,-0.0028222882190164222
1925,-0.0034068487326088595
1926,-0.0028933781421144125
1927,-0.0043866246684654345
1928,-0.0010938628708396202
1929,-0.0018713344862769134
1930,-0.00020294797132899486
1931,-0.0016952921380768288
1932,-0.004108963539764195
1933,-0.002196823108706704
1934,-0.00043144744890840844
1935,-0.002683102284822228
1936,-0.0019053147066821832
1937,-0.003110058852891208
1938,-0.004929865157719336
1939,-0.005906045073252413
1940,-0.006922617836225321
1941,-0.002494353857291482
1942,-0.0030735896636476176
1943,0.004271434901617157
1944,-0.0022217457669664736
1945,-0.0035964257661876796
1946,-0.003886675128228937
1947,-0.0038491546983177825
1948,-0.002258706867976086
1949,-0.0022356059295405156
1950,-0.0037829787114314582
1951,-0.0032121214661537875
1952,-0.0004921717058736577
1953,0.0008463673237885036
1954,0.0018039348599902284
1955,0.001843914191206806
1956,-3.275476889040563e-05
1957,-0.002469647622884097
1958,-0.005727242663867944
1959,-0.003987036079612101
1960,-0.000222538871963069
1961,-0.0030249532020110437
1962,-0.002184139910757707
1963,-0.004578353306579033
1964,-0.002039576798772369
1965,-0.004259390893238072
1966,0.0026067634369671307
1967,-0.004616282541482067
1968,-0.0014596821464476668
1969,-0.00071416090583366
1970,-0.0017251970909575864
1971,-0.011705706937063645
1972,-0.007870041716363785
1973,-0.0056968217396660865
1974,-0.003569885432892852
1975,-0.0010058941563403402
1976,-0.0010799080048583994
1977,-0.006092596285210718
1978,-0.004129860891676936
1979,0.0013686107399623268
1980,0.0026935955703818806
1981,-0.0023111708707924325
1982,-0.005754551267074002
1983,-0.0017064494425420781
1984,-0.0005697691148188952
1985,-0.0001767823348572048
1986,-0.0019242915798727278
1987,-0.007387103301665334
1988,-0.0027013398736638328
1989,-0.0013410925239739045
1990,-0.0092653831703885
1991,-0.0017663247172677796
1992,-0.0014102792271993743
1993,-0.00034444708720700323
1994,-0.006731713392068489
1995,-0.0019343878673414756
1996,-0.002492667889054976
1997,-0.0083012014127745
1998,-0.0054831765183485474
1999,0.002474666108382779
2000,-0.004409725926026665
2001,-0.0017036648039520166
2002,0.001943819783198568
2003,0.0007294537813293603
2004,-0.001906031718986876
2005,-0.0026436426566086094
2006,-0.0039456807700298906
2007,0.0022548423176331454
2008,-0.005917925399412181
2009,0.0002704701278918309
2010,-0.0011457563300781744
2011,-0.0031211866026640833
2012,-0.0020833869208241734
2013,-0.0004897152419768465
2014,0.0008153770090798991
2015,-0.0042198317447005515
2016,-0.005675268331123043
2017,-0.005244816156721177
2018,-0.0006478907696218263
2019,-0.0019802408881865984
2020,-0.0016429673395911247
2021,-0.004064182390847885
2022,0.003487515013250085
2023,-0.005860125318068593
2024,-6.0551716477990486e-05
2025,-0.002084933135180062
2026,-0.0036128376656415287
2027,-0.003946755116299706
2028,-0.0049799709479479495
2029,-0.0039833745851032346
2030,-0.0011606636783414587
2031,0.000888045378167085
2032,-0.00375008663410133
2033,-0.0015136201747366733
2034,-0.00446338865008946
2035,-0.004030539564597872
2036,0.0011236384500419687
2037,0.0005890990506477387
2038,-0.0036976206509627928
2039,-0.0014998237032814235
2040,-0.005518245145933888
2041,-0.0013988791627618305
2042,-0.0006536862904816219
2043,-0.005371947732877153
2044,-0.0010836207734390459
2045,-0.0031454585448442984
2046,-0.0010207003361317399
2047,-0.003786847403257503
2048,0.0007078458616680099
2049,-0.003504947311622479
2050,-0.006422481755453083
2051,-0.0008980056012536167
2052,0.004970404823324455
2053,0.0023169543235170773
2054,-0.0056597613652019894
2055,-0.0045047519652999975
2056,-0.0023196116286875873
2057,-0.001234230714879582
2058,0.0025629432827927075
2059,-0.003081148456999437
2060,-0.005510838453077538
2061,-0.003470061993669768
2062,-0.001361157984926236
2063,0.0032603058681089717
2064,-0.0025740906469939595
2065,0.001652564138920752
2066,0.000274373099632165
2067,-0.004342049042539143
2068,-0.006055280669592274
2069,0.0016149881306502661
2070,-0.0038358452890814507
2071,-0.004453536364666805
2072,0.0010497667039171196
2073,-0.0022086522978254954
2074,-0.0039042603648423574
2075,-0.0023227071935819597
2076,-0.007927766769802221
2077,-0.001550093610596947
2078,-0.003997548719086773
2079,-0.005534675936470664
2080,-0.0011157378238630493
2081,0.001265962868459293
2082,-0.003916421889520485
2083,-0.006184219879833478
2084,-0.0011942353461091848
2085,-0.0015545838097742563
2086,-0.0039606968211479306
2087,-0.0025460118463052767
2088,-0.003930243874564154
2089,-0.006643207164097491
2090,-0.0018135765642324046
2091,-0.00865274679849578
2092,0.0004536365364738136
2093,0.002963539882645659
2094,-0.003351998589385719
2095,0.00016345357661297355
2096,-0.0031532888433158344
2097,-0.0018546628042854854
2098,-0.010250764681720741
2099,-0.003159548960862048
2100,-0.0056162259519051926
2101,0.00033363626121639053
2102,-0.0029774674614923835
2103,-0.0027245621935658784
2104,-0.0030550825871973157
2105,-0.002843252165383288
2106,-0.0041360478226474574
2107,-0.0016393075914885105
2108,-0.00045958927569541425
2109,-0.008109218184004743
2110,-0.0022810442603478157
2111,-0.004205670815849875
2112,-0.0017488191670603469
2113,-0.0010405732628267356
2114,-0.0019141032911907767
2115,-0.0014854985096789779
2116,-0.0006418728228334107
2117,-0.012165031644418439
2118,-0.0014125127724934905
2119,-0.0003840054723393792
2120,-0.007426865202918423
2121,-0.005563103540217652
2122,-0.0023384248919584814
2123,-0.006631735638663101
2124,-0.00493706097655551
2125,-0.0031143459837007816
2126,-0.0034691089178438307
2127,-0.010923636339475625
2128,-0.0028642298317680184
2129,-0.0017560370786408146
2130,-0.006142811439407116
2131,-0.006481629003311947
2132,0.002902122622337147
2133,-0.0018402250905600985
2134,-0.006395431235079293
2135,-0.003866186677209109
2136,-0.005617400251450806
2137,-0.002413080050377294
2138,0.0020294898789614164
2139,4.8467187350173524e-05
2140,0.002486284648472059
2141,0.000501039252130138
2142,-0.007453876118976001
2143,-0.006044281131521612
2144,-0.00636335645273255
2145,0.00013647824312393655
2146,-0.0033933568674347006
2147,0.0029427159429664014
2148,-0.002756722481622509
2149,-0.0017292798026558136
2150,-0.006008643299640189
2151,-0.002745503759231001
2152,-0.0017491221082086457
2153,-0.00047675535498960947
2154,-0.0043527341766028405
2155,-0.009538299472956
2156,0.0024303422040050995
2157,0.0021431989751026052
2158,-0.00048604284005424395
2159,-0.00252895979633376
2160,-0.001070320004869403
2161,-0.0007295934211013974
2162,-0.0023195349885100774
2163,0.0006581293241171779
2164,-0.003133528459350169
2165,-0.0006699522238836353
2166,-0.006802867731954033
2167,-0.00397917025752181
2168,-0.0010012915995194181
2169,4.09641202094857e-05
2170,-0.0002572206751286221
2171,-0.009121575999815654
2172,-0.004191603112457719
2173,-0.002588257616395813
2174,0.0035280790013693004
2175,-0.0044032260097866364
2176,-0.00313029380134152
2177,-0.006603087624531833
2178,-0.002141277988642651
2179,-0.002278714327410815
2180,-0.0042117801970862415
2181,-0.005894040327025986
2182,3.640655014982078e-05
2183,-0.003288450184534032
2184,-0.003483052595662176
2185,-0.0008463779977487193
2186,-0.004273059404155052
2187,-0.0056942641482814055
2188,-0.005047734543197461
2189,-0.004232659875319993
2190,-0.00827330681993782
2191,-0.0009614928135892285
2192,-0.001763674641058973
2193,-0.0017857329115535114
2194,-0.005959079945439497
2195,-0.011116137724709423
2196,-0.002465971009030468
2197,-0.004523781548260261
2198,-0.0036935903500692757
2199,-0.0017983656671696525
2200,-0.0018750037610047766
2201,-0.00085011939067434
2202,-0.0020129511567202295
2203,-0.004855373782088331
2204,-0.0022123247884489397
2205,-0.004044429810240141
2206,0.0008925294588680334
2207,-0.005865060832004904
2208,-0.0045778975686231495
2209,-0.005476816095808024
2210,-0.005027419733509661
2211,0.003836268707718138
2212,-0.0026897943395360127
2213,-0.007788827984410683
2214,0.0007928020757019955
2215,0.000610996763317051
2216,-0.0016011756448423495
2217,-0.00299740917279237
2218,-0.004728086400920178
2219,0.002444145302380702
2220,-0.0085960733325289
2221,-0.006505793462906504
2222,-0.0028858910770406566
2223,-0.00021560259876367283
2224,0.0011575149428889875
2225,-0.001241960830682988
2226,9.850925496107665e-05
2227,0.0006705353480281062
2228,-0.000608102583324454
2229,-0.007612675958131199
2230,-0.0008926207574042055
2231,-0.006142653473207648
2232,-0.007447096150221561
2233,-0.0027247442004739164
2234,-0.00416244547369294
2235,-0.007290422634743162
2236,-0.0029850523786190096
2237,-0.0026529321083278816
2238,-0.00602148091959161
2239,0.0015317522654370828
2240,-0.0002978329731386925
2241,0.0025166426562668424
2242,-0.002113410336691636
2243,-0.0004361017276612762
2244,-0.004825871092221851
2245,-0.0034781042425455835
2246,-0.004947180807984217
2247,-0.0001891736162518455
2248,-0.004305101367350746
2249,-0.0006055326364571081
2250,-0.00503149682956314
2251,0.0004935127399635642
2252,0.001999038266869327
2253,0.00053121976594276
2254,-0.004598824878172474
2255,-0.0029245147169056074
2256,-0.005802695188205816
2257,0.0002692899876421892
2258,0.0030244349258473843
2259,-0.0062513335108091254
2260,0.0024138306740518756
2261,-0.0030794835411179083
2262,-0.007210820562675812
2263,-0.002194719976660226
2264,-0.004196382475807309
2265,-0.0076837898788789175
2266,-0.0022013654326027386
2267,-0.008958838148383549
2268,-0.00039275498854871027
2269,-0.00520357884230379
2270,-0.0004062418501589206
2271,0.0005876386019069493
2272,0.0023563778263513205
2273,-0.0015271365299729146
2274,0.0017520377528131535
2275,-0.011358430764184049
2276,-0.0057158789236247745
2277,-0.004757957266757366
2278,-0.0047045643330524654
2279,-0.004901494033754415
2280,-0.0015056359093600369
2281,-0.004323923035426835
2282,0.002469017473750161
2283,-0.004827500915471128
2284,-0.005123651306475907
2285,6.569798137440186e-05
2286,0.0021409633378565267
2287,-0.0029459410914684132
2288,-0.005562509622830614
2289,-0.0026272599844381316
2290,-0.002101576778511003
2291,-0.0011243880063412336
2292,-0.005098205779557958
2293,-0.0012754624765140693
2294,-0.007859349297884951
2295,-0.003170836678107476
2296,-0.00588961205354659
2297,-0.00015887368558462067
2298,-0.00285836814662108
2299,-0.003903081674403626
2300,-0.0030086995383903775
2301,-0.000995120361422512
2302,-0.0005819096421708567
2303,-0.0009682457271995779
2304,0.0005355674991460758
2305,-0.005369528846263131
2306,-0.005421374230418215
2307,-0.001558031587409213
2308,-0.0001873860082214525
2309,-0.0020759804429510767
2310,-0.004537869576828668
2311,-0.0047940551416149856
2312,-0.003233301540350654
2313,-0.001742257297577654
2314,-0.00540005878225136
2315,-0.008433345663260133
2316,-0.0028157003715251344
2317,-0.003768813226713255
2318,-0.004905746660602499
2319,-0.003797272130619686
2320,-0.0021485759298630336
2321,-0.006145546028508319
2322,-0.00498881597720658
2323,-0.00509403113299968
2324,-0.004791242612686427
2325,0.002061515362559902
2326,-0.006796788541829468
2327,-0.0009684725509714436
2328,-0.00019823329016604996
2329,-0.004404260277248526
2330,0.003245022667528342
2331,-0.008129001627920053
2332,-0.002249695396856915
2333,0.0008632427601291924
2334,-0.0022268067227300473
2335,-0.0010633985639524161
2336,-0.003676876876572123
2337,0.0003908575263150624
2338,-0.003992259881130236
2339,-0.0019721520677703705
2340,-0.0024380657252784065
2341,0.00048712946201057844
2342,-0.0025943289842124823
2343,-9.24448596634278e-05
2344,-0.004915653646935112
2345,-0.0007136477332875951
2346,0.0038505131437858824
2347,-0.0005480538650222237
2348,-0.006034393900560785
2349,-0.0022642871530306682
2350,-0.00020078976554561978
2351,0.0013958052834194233
2352,-0.0014609697245079357
2353,1.1624981375808752e-05
2354,-0.003386834617768574
2355,-0.0035538564994777935
2356,-0.003704713161330059
2357,-0.0013819948133701673
2358,-0.0030169210102642223
2359,-0.00021390872703127423
2360,-0.005485542440550127
2361,-0.005240610407148193
2362,-0.0031674370770647005
2363,-0.0036645880126303133
2364,-0.0054164975026963075
2365,-0.004425222439206115
2366,-0.0021000388696487578
2367,0.00016886432757492673
2368,-0.004733010008067411
2369,-0.0024530559564211567
2370,-0.00022688845928042767
2371,-0.0036177306360605233
2372,-0.004089772860867133
2373,-0.004766685014788219
2374,-0.004238002141946889
2375,-0.005234575125900677
2376,-0.008062879395561114
2377,-0.003944112424685835
2378,-0.0005196229955540498
2379,1.1033158928849818e-05
2380,-0.007417881751923563
2381,-0.0030773955185334247
2382,-0.005704911471529919
2383,-0.00362398379341531
2384,-0.004853308872184256
2385,0.0010891154457028929
2386,-0.0016886310133327927
2387,-0.002116654346411652
2388,0.0006806284559596025
2389,-0.000361511235184811
2390,-0.0006106634895322108
2391,-0.001613862164075712
2392,-0.002226680669684813
2393,0.001151684719090565
2394,-0.004333712960554098
2395,-0.0016727297888713619
2396,-0.006391308832610628
2397,-0.0032997516012161603
2398,0.0001746837236760515
2399,9.54803561772008e-05
2400,0.002990684603464345
2401,-0.007156347124579816
2402,0.0006096905544446841
2403,-0.00390522834904709
2404,-0.0016947660187391494
2405,-0.003222762630404441
2406,-0.0040816240663904685
2407,-0.0026030417109455216
2408,-0.0009048921143471299
2409,-0.00443999379686294
2410,-0.00870302423304985
2411,-0.005280308083374145
2412,-0.004146200080509924
2413,-0.0020261229265496686
2414,-0.003723207783300299
2415,-0.00965809537286591
2416,-0.004552262318583973
2417,-0.003843098225819637
2418,0.0024341907430626662
2419,-0.007815469393320635
2420,0.0012600069065299806
2421,-0.0028263905159615285
2422,-0.004254622867394028
2423,-0.0049752206537648225
2424,-0.003684213122761095
2425,0.0007194637683492766
2426,-0.0021087616725572536
2427,-0.005373198291900007
2428,-0.004691251861440877
2429,-0.009693536864802683
2430,-0.0013681551773357462
2431,-0.0009338444737869052
2432,-0.004617926863206424
2433,-0.004320859685383999
2434,-0.005078108034030554
2435,-0.0035013945374115507
2436,-0.004569192653274594
2437,-0.006757441456410648
2438,-0.004733473411018131
2439,0.0008595188866354284
2440,6.619509168226054e-05
2441,0.0031108005297689756
2442,-0.003197671896032466
2443,-0.0027505380446691957
2444,-0.0042616515695081195
2445,-0.004210028136865836
2446,-0.002540838106985268
2447,-0.0009643757564707749
2448,-0.002756980428564315
2449,0.0014469145160739827
2450,0.0005283184849362507
2451,-0.003222832296446803
2452,-0.002496273811315553
2453,-0.005776939969045526
2454,-0.0030517001333144195
2455,-0.0066036443906143764
2456,0.00393238091553251
2457,-0.007197607934813242
2458,-0.0018546711634441979
2459,-0.0010074415535734488
2460,-0.00036268952188507966
2461,-0.005677501957152928
2462,-0.001872305270184886
2463,-0.003310282651104307
2464,-0.003377299887119843
2465,-0.0049280506128116935
2466,0.0007274850120996129
2467,-0.00538701724884982
2468,-0.004042477088084365
2469,-0.004141173833857006
2470,-0.004525743232563655
2471,-0.005337630791882653
2472,-0.008720475878082008
2473,-0.005137098397941211
2474,-0.0031768702714491115
2475,-0.0018301348801009303
2476,-0.006496267749211668
2477,-0.004302977407331755
2478,-0.0038899982718182853
2479,-0.003676942534196856
2480,-0.006311101704107855
2481,-0.00038927394071129606
2482,-0.0027653965490072353
2483,0.0021005209817462484
2484,-0.0017209317787519607
2485,-0.0011397641781577747
2486,-0.0042423797357927714
2487,-0.0010429596113369008
2488,-0.006417682898420776
2489,-0.004977113265190628
2490,0.0025433682447788958
2491,-0.003163408644706149
2492,-0.0029884483813032055
2493,-0.006585154866386101
2494,-0.0011741744890628944
2495,-0.0026182998475320074
2496,-0.001998705750681215
2497,-0.005200251167177813
2498,-0.004713099750376783
2499,-0.003921464524779504
2500,0.0005350499153160826
2501,-0.002069318354445973
2502,0.002459001560207095
2503,-0.005832357585584435
2504,-0.005094167746298013
2505,0.0008439733111046989
2506,0.002114069338355489
2507,-0.0014778111944271366
2508,-0.003320462283273873
2509,-0.0034869394775140297
2510,-0.004591563671250347
2511,0.0004667879164190411
2512,-0.004960889238549728
2513,-0.004293653039210685
2514,-0.005265145151208076
2515,-0.006305017089583798
2516,-0.004865417194958574
2517,-0.0011928523125515275
2518,-0.0018620274266475459
2519,0.0019087662920725217
2520,-3.066241372148837e-05
2521,-0.005938712807207404
2522,-0.0033558348079149453
2523,-0.0044946676010756935
2524,-0.001510827580532021
2525,-0.0015653876380577261
2526,-0.0009358115639026554
2527,0.002541497022603985
2528,-0.003685004901128778
2529,-0.004954925357413525
2530,-0.0003439559976674729
2531,0.002432156599534583
2532,-0.002248681438781916
2533,-0.005002655025882676
2534,-0.005015987102006153
2535,-0.003970177400232401
2536,0.000873550537822114
2537,-0.007336722281787483
2538,0.0006775583807421201
2539,-0.006048951802644441
2540,0.0010944155048177653
2541,-0.004791582085749389
2542,-0.0052590075511222655
2543,-0.007762459132087687
2544,0.00036945088643321883
2545,0.00032469338406556844
2546,-0.001366644013352552
2547,-0.006723575331032187
2548,-0.004845579825027226
2549,-0.0005761319891362179
2550,-0.0013954680856559723
2551,-0.00464353800635188
2552,-0.003212641053571212
2553,-0.002545615923352125
2554,-0.0021791962981557132
2555,-0.002961921790042312
2556,-0.006383503250309043
2557,-0.0030821370104999538
2558,-0.0015096775303530853
2559,-0.002455046589184936
2560,-0.0047575619173647055
2561,0.0007731769014280021
2562,0.003317470814330703
2563,-0.0041018846387799075
2564,0.0012101904869988543
2565,-0.005611154257605309
2566,-0.0027948316889708363
2567,0.0002968826087346235
2568,-0.0025596647082455903
2569,-0.0010873877744776612
2570,0.0009725614291465762
2571,-0.002090042167870159
2572,-0.00036765327105176687
2573,-0.007874050200269048
2574,-0.0022544968616797466
2575,-0.0016947068799525351
2576,-0.002877876024726528
2577,-0.008815132682211502
2578,-0.0016525817830068817
2579,-0.003000284150055592
2580,-0.0006088034851408769
2581,-0.00586930184210532
2582,-0.0014005533567074922
2583,-0.005089629748800277
2584,-0.003354924115784849
2585,-0.0045962614718941044
2586,-0.0017259667613262024
2587,-0.005169931111608076
2588,-0.0015087224130782423
2589,-0.001960587372987231
2590,-0.0008516158570443348
2591,-0.0015695854163893207
2592,-0.0034435794111023973
2593,-0.003503094093263291
2594,-0.0010823642359842345
2595,0.0008129855583838171
2596,-0.0054049330108030605
2597,-0.0009177337356371731
2598,0.0007716575793985138
2599,-0.004086276777326831
2600,-0.002640682089923338
2601,-0.0012147183353884913
2602,-0.0019834419736055008
2603,0.0005216040588901169
2604,-0.00203248913212482
2605,-0.0025639172675058913
2606,-0.0017446100935465461
2607,-0.001288508899336016
2608,-0.004238516904339063
2609,-0.003386406236020975
2610,-0.00018744493531794998
2611,-0.0038343143704405586
2612,-0.0005214568910762614
2613,-0.002154697691688738
2614,-0.003773795472760799
2615,-0.005415520811321094
2616,-0.00238238530283727
2617,-0.005521815427992623
2618,0.0004781738045984696
2619,0.0003103777596876467
2620,0.0003502487138863919
2621,-0.00039691084797550263
2622,-0.0027381788406671305
2623,-0.004399140631087775
2624,-0.00021014457040758466
2625,-0.012129780090026132
2626,-0.004716103996001031
2627,-0.0022442237635027992
2628,-0.0016120963611740077
2629,-0.006208271335874479
2630,-0.0015609396782446522
2631,-0.0025026079899764485
2632,-0.006003239803715133
2633,-5.214844899216822e-05
2634,-0.0013167461956429607
2635,-0.0020372923898855054
2636,-0.0018012125289753322
2637,-0.002773900964840873
2638,-0.0022719539703079
2639,-0.005439674748638698
2640,-0.0013247006790536378
2641,-0.007281017990674897
2642,-0.002934281743760262
2643,-0.0009644121880172142
2644,-0.0061620094605167215
2645,-0.00324385656378701
2646,-0.0033774102784266333
2647,-0.002632068677240383
2648,-0.0019705941954773834
2649,-0.004676365723746599
2650,-0.0005086858697376795
2651,0.0006523166678630635
2652,-0.004562302925518975
2653,-0.002729595640099128
2654,-0.0024317757741364847
2655,-0.003959707010425702
2656,-0.00040090026933396056
2657,0.001115018935108899
2658,-0.006484360730425
2659,-0.005156354719783519
2660,-0.0036515082459377818
2661,-0.0027516694584786665
2662,-0.00684370034581229
2663,-0.010186310863542589
2664,-0.0009919570099021224
2665,-0.0030959586683057642
2666,-0.010787596897904483
2667,0.0005026181068212669
2668,-0.0022889211964183254
2669,-0.002912523729134857
2670,2.5641578665115683e-06
2671,0.00019445089147691538
2672,-0.0036786249353189283
2673,1.9289503785810402e-05
2674,-0.0002893142038188287
2675,-0.0031577437510065497
2676,-0.0018314258661743382
2677,-0.002762538465902315
2678,-0.002708428682167783
2679,-0.0009573891786082075
2680,-0.0029660927620384255
2681,-0.0041362092315581495
2682,0.0028565224712808097
2683,-0.002267153141411689
2684,0.002132540684447376
2685,-0.003579566810760885
2686,-0.006896763240134062
2687,-6.922502625411608e-05
2688,-0.004653452917487498
2689,-0.007135499645233093
2690,-0.005971704738069145
2691,-0.007826016578349682
2692,-0.00237326016508356
2693,-0.00606945599167125
2694,-0.0009387533279547472
2695,-0.0013984008646168826
2696,-0.0011303933285943535
2697,-0.00373004026927639
2698,-0.0026167341007645797
2699,-0.00023475006749042182
2700,-0.005363553424889381
2701,-0.0003190579030691934
2702,-0.004842705520846747
2703,-0.004578072916488225
2704,0.001530761772134591
2705,-0.0021365713498782968
2706,-0.005478738924998585
2707,-0.007229806717490787
2708,-0.0010265630263578199
2709,-0.0031720929282424946
2710,-0.0009476520155252931
2711,-0.00710509830303116
2712,0.0002476144924985976
2713,5.967251490328687e-05
2714,-0.005646367542148117
2715,-0.005422034304982594
2716,-0.003478389199707041
2717,-0.0015666668899053417
2718,-0.004202523017256758
2719,-0.006414179063906917
2720,-0.0026133997307443424
2721,-0.005509577985293734
2722,-0.004563296663313735
2723,-0.006145658785618475
2724,-0.004273601276063674
2725,-0.003989209153574116
2726,-0.003903903072281969
2727,-0.00011175686297470663
2728,-0.005783301270828996
2729,-0.0073908323608727206
2730,-0.009613752037590843
2731,-0.007640820585637458
2732,-0.006581462821720448
2733,-0.0033677286234735405
2734,-0.001310200621259111
2735,0.0003152001495485557
2736,-5.479994501316615e-05
2737,0.0023233622047609225
2738,-0.004669460811544464
2739,-0.0024446207974643253
2740,-0.004583022563601432
2741,-0.003853093331931262
2742,-0.006378830478208905
2743,-0.004180071286695425
2744,-0.0016459792706842585
2745,-0.004144257785284714
2746,-0.007188295677453528
2747,-0.004012198903748255
2748,-0.002809657963325437
2749,-0.00506835991147201
2750,-0.003818644070097476
2751,-0.0005302366972714315
2752,-0.006603888587105207
2753,-0.002496842666964743
2754,0.0018962612298868108
2755,-0.0022199340285632037
2756,0.0012485757836850561
2757,-0.001455083614148183
2758,-0.004228258141385704
2759,-0.004122487147490243
2760,-0.000791985938922081
2761,-0.006193619438258618
2762,-0.003002340547635589
2763,-0.00586975973564054
2764,-0.00334298938630119
2765,-0.00919173462403354
2766,-0.004444505413957096
2767,0.0008083029959631872
2768,-0.003495186736752729
2769,-0.0033880055447526834
2770,-0.0020047757545897174
2771,-0.0038480356816381345
2772,0.00012114970247280657
2773,-0.006316648695854386
2774,-0.0032863916848864874
2775,-0.006632036897832958
2776,-0.005090231523643445
2777,-0.0017649454575663706
2778,-0.003232485984074461
2779,-0.00494234549047556
2780,-0.0035845587959627556
2781,0.004576654467224422
2782,-0.0020009062683879163
2783,-0.0021802910028387544
2784,-0.004079060687054992
2785,-0.002552653947377685
2786,-0.003950256626437769
2787,-0.0020101478735199407
2788,-0.004396253846820356
2789,-0.0026774677452658935
2790,-0.002176032042572232
2791,-0.005819729204066079
2792,-0.0041408169360034434
2793,-0.005544274855440387
2794,-0.006138734001520478
2795,-0.004277323706438654
2796,-0.005335064530917252
2797,-0.003552247975760262
2798,-0.0039303431016839245
2799,-0.0013770328614402874
2800,-0.0011509112708382035
2801,-0.007713848770110696
2802,0.003441598232007556
2803,0.0011379182621895079
2804,-0.0047437549306969425
2805,-0.00022888907956291477
2806,-0.007197666048379989
2807,-0.0065728625239628476
2808,-0.007263110731203035
2809,-0.0039649612484656364
2810,0.0008009814550022747
2811,-0.004352510067956377
2812,2.0509340189503455e-05
2813,0.0027245010404238837
2814,0.002430812033251656
2815,0.00126218015601446
2816,-0.0018569412736060206
2817,-0.00396481287999358
2818,0.00016377576958343312
2819,-0.002648223635412575
2820,-0.002387410489607965
2821,-0.004605629581033763
2822,-0.004841299541836375
2823,-0.0019101636874183023
2824,-0.0038929292525898794
2825,-0.009044051615633729
2826,-0.0038669729860627902
2827,-0.003842449441682886
2828,-0.005269382344662097
2829,-0.0008454454638979758
2830,-0.004418215273762512
2831,-0.0011289348742075447
2832,-0.0028246704289809146
2833,-0.003542755509583183
2834,-0.005539210287098799
2835,-0.0017232487433924276
2836,-0.0019224747263766086
2837,-0.009660794410293001
2838,-2.3367005297061233e-05
2839,-0.0049168084243817745
2840,-0.0009052673240249609
2841,-6.518662501719952e-05
2842,-0.0055740390762677
2843,0.0012857376410453682
2844,0.0013344919780252998
2845,-0.007366375440355111
2846,-0.00347174728087557
2847,-0.0048668302647231244
2848,-0.0016851277757035134
2849,-0.0011687477019885865
2850,-0.004351691791930075
2851,-0.007682628168565731
2852,-0.0007050196722088592
2853,-0.0004145255128694264
2854,-0.0076562106476103335
2855,-0.0061083069503908155
2856,-0.0034330200228595044
2857,-0.001273716227262408
2858,-0.0016133475999181718
2859,-0.005250831135061123
2860,0.002136101252056051
2861,-0.005557244344274591
2862,-0.003431186563014575
2863,-0.0031113205110696665
2864,-0.0023668597577466387
2865,0.0029649050467094734
2866,0.0008400456924409494
2867,-0.00016186358850624888
2868,-0.008309715274709004
2869,-0.005508988531220005
2870,-0.0020329286634525254
2871,-0.0030778297451250873
2872,-0.006918951508166245
2873,-0.0033746746088796943
2874,-0.0008137556281350607
2875,-0.005343008667300191
2876,-0.004681828714380824
2877,-0.005504568802450066
2878,0.0006663940494275669
2879,-0.00016123172754104603
2880,-0.003367879995282229
2881,-0.0036224684160236706
2882,-0.008936538314477938
2883,-0.002015258666647514
2884,0.00019780013079277042
2885,-0.0022528579306496863
2886,-0.007283225061776342
2887,-0.003365870749614499
2888,-0.00876684291476408
2889,-0.00017612754208672782
2890,0.00021612308581634918
2891,-0.0019613506903727665
2892,-0.004262559654605785
2893,0.0006839658485009135
2894,-0.0010177202875509411
2895,-0.005805382879261904
2896,-0.0027020291457708033
2897,-0.003061996118408513
2898,-0.002342567772287689
2899,0.0024235479045384145
2900,-0.002563137781800017
2901,-0.005761889007931856
2902,-0.0053518900676845504
2903,0.0021673687874320946
2904,-0.00945607778673286
2905,-0.007358209603336854
2906,0.0009196746407139043
2907,-0.005165949189433177
2908,-0.007294582270903741
2909,-0.008316792498230727
2910,-0.003530031368185676
2911,-0.0022075411270143543
2912,0.001061198632449259
2913,-0.00081372447248498
2914,-0.0021410050972732117
2915,-0.003374122306412951
2916,-0.00593377957657432
2917,-0.0031367283407721554
2918,-0.0036856046315008398
2919,-0.005035572535580974
2920,-0.000933658664192049
2921,-0.006601047492699304
2922,-0.008691365464837467
2923,-0.004615733903752389
2924,-0.002027923181515512
2925,-0.005097400102540846
2926,-0.004071135977051568
2927,-0.0024496442962186997
2928,-0.001862459699897328
2929,-0.002029600092328384
2930,-0.004563830140302431
2931,-0.004616289710563805
2932,-0.0019800969306470254
2933,-0.002399096510292121
2934,-0.008704121608523248
2935,-0.004082261606430829
2936,-0.0025845725147621776
2937,0.00029949775813900223
2938,-0.00028409609231170446
2939,-0.0038462079109493133
2940,-0.0026094823231607375
2941,0.0006833139291330392
2942,-0.00333021530955779
2943,-0.0032664296763546194
2944,-0.004110293727866077
2945,0.0006611959479906893
2946,-0.004404375980469451
2947,-0.0031272342283741768
2948,-0.002712946788201564
2949,0.0006711764052242698
2950,-0.00424903255978001
2951,-0.002809636455708111
2952,-0.00018621545718874172
2953,-0.001673332132527735
2954,-0.005805234737022217
2955,-0.003445444486634884
2956,-8.132176502313737e-05
2957,-0.0034905104669674045
2958,0.0009066511293945208
2959,-0.004032401688972852
2960,0.0031606750070261244
2961,-0.0032337801707571015
2962,-0.0018597645933464552
2963,-0.006851098182864241
2964,-0.004161519563143961
2965,-0.003737100302168464
2966,-0.002528233199721241
2967,-0.004908642082470761
2968,-0.0030682038680380844
2969,-0.002453949107936136
2970,-0.0028511560669028206
2971,-0.002810688035229398
2972,-0.0011902963918275396
2973,-0.008691787335301904
2974,-0.0037630848451656665
2975,-0.0018970921362927995
2976,-0.005060969094958529
2977,0.0006919351393824998
2978,-0.007086408046384829
2979,-0.00542758450163109
2980,-0.0013892939276585227
2981,-0.004904698821177184
2982,-0.003802026636901698
2983,-0.00506939709689698
2984,-0.003469739262971231
2985,-0.003357557795049069
2986,-0.0015955403481617766
2987,-0.0030537712970228996
2988,-0.004196874734016549
2989,-0.00530580628724053
2990,-0.00344388212746077
2991,-0.007612286536292302
2992,0.0016372615040257214
2993,0.0008152011582735728
2994,-0.006456892455357192
2995,-0.003156813731605909
2996,-0.005268200324822538
2997,0.0013560673314966278
2998,-0.008600204089597725
2999,-0.008487645348181527
3000,0.001389305917007741
3001,-0.004276410639246473
3002,-0.008372791413959881
3003,-0.0032573411721204294
3004,-0.004081908196097099
3005,-0.00404763713723234
3006,-0.005811165833910083
3007,-0.001622288703452289
3008,-0.005216890331624452
3009,-0.0026522449119442855
3010,0.0032248621493491565
3011,-0.0017061436487985915
3012,9.436597036941927e-05
3013,-0.005961018188349619
3014,-0.0027910626953144557
3015,-0.0034377106426540897
3016,-0.003962250911194485
3017,-0.0026666950260817585
3018,-0.0044907476814369796
3019,-0.004400170060121285
3020,0.0035985332268574192
3021,-0.0019894324763782348
3022,-0.006507462452613924
3023,-0.0062928595344236005
3024,-0.0011210827070499835
3025,-0.004467335336050246
3026,-0.00024430046798511185
3027,-0.001792963230752391
3028,-0.0050485392970923346
3029,-0.0038780878008734566
3030,-0.0013652704296369979
3031,0.004322788818900275
3032,0.002427709079815994
3033,-0.0059316773167509
3034,-0.004600928346770276
3035,-0.006470441691081772
3036,-0.00452014714428213
3037,0.0006485280030372603
3038,-0.006443397467991722
3039,-0.0029935516283216487
3040,-0.00048702885087612696
3041,-0.002389746176183649
3042,0.004540929195029672
3043,-0.002093477793291748
3044,-0.0029536009761092566
3045,-0.0035896448680759405
3046,-0.004092758423205889
3047,-0.006860444083453623
3048,-0.0022528096271619384
3049,0.002739267861143698
3050,-0.0017737067812619925
3051,0.0013421383454438815
3052,-0.003894975259542185
3053,-0.006258102439477355
3054,-0.009589899569876898
3055,-0.0024147322818689546
3056,-0.0019383566410947628
3057,-0.0065022274626376705
3058,-0.007533693226303824
3059,-0.001799042843720379
3060,-0.002689267146471039
3061,-0.0012995369902184702
3062,-0.0024929937528674617
3063,-0.0026201665771378793
3064,-0.009384521514947959
3065,-0.00333000269710498
3066,-0.0014213100342968348
3067,-0.00127184171016511
3068,-0.0021127800748798886
3069,0.001008490821923759
3070,-0.002313675421970092
3071,-0.003148488374975205
3072,-0.005354025188928621
3073,-0.004856844143527425
3074,-0.004062531122554957
3075,-0.0012482356856962258
3076,-0.010350721933904652
3077,-0.006639421535303402
3078,0.001149461370179388
3079,-0.000670956241289173
3080,-0.0037317739807616115
3081,-0.005221674748598533
3082,-0.002131537323339764
3083,0.004950777752343451
3084,-0.0019550112571630265
3085,-0.002195667413776515
3086,-0.002482693565844945
3087,-0.004355060690838082
3088,-0.002582927892090886
3089,-0.002247895062920023
3090,-0.0031850472106237614
3091,-0.007741274855772702
3092,-0.0018377090218970882
3093,-0.002615318730000541
3094,-0.002538510695115539
3095,-0.005376460422098186
3096,-0.00651203573162526
3097,-0.002934259461121861
3098,-0.004080476643325986
3099,-0.0024278759619184784
3100,-0.007405758925937322
3101,-0.0036123442676859185
3102,-0.0036957988119329307
3103,-0.0044567096767045705
3104,-0.000276349304710273
3105,-0.003333717937480569
3106,0.0002601853475181354
3107,-0.008064075301549269
3108,-0.002826147315779643
3109,-0.0010281985101754168
3110,-0.004442126325347358
3111,-0.0034178443307608455
3112,-0.007400843811047213
3113,-0.0034288422849548944
3114,-0.0025118133365170103
3115,-0.007297214548040148
3116,-0.0063957689694143435
3117,-0.00041896649153824045
3118,-0.005801894595536525
3119,-0.0041390853734545804
3120,-0.0033728523620964457
3121,-0.006221949089183339
3122,-0.006110004063696661
3123,-0.0009617566168847944
3124,-0.0052151673350351695
3125,0.0006967768799036288
3126,-0.002714399835115698
3127,-0.00016757124743936244
3128,-0.0026631997950684536
3129,-0.0023973367263015397
3130,-0.00043517751997202217
3131,-0.009657079218158452
3132,-0.003941698973426135
3133,-0.0023441041746137675
3134,-0.006401132450472993
3135,-0.0009207767565189186
3136,-0.004954615598306858
3137,-0.0016252529508775822
3138,0.0019041292309706082
3139,-0.005443240304638081
3140,-0.0045429463306640855
3141,-0.006257670961148518
3142,-0.00391593757154305
3143,0.0016956234745763334
3144,-0.002034967869961213
3145,-0.002435911743398113
3146,-0.0024729062909137935
3147,-0.0021223537483162913
3148,-0.0004909333102582208
3149,-0.0017535517287081206
3150,-0.00207420682072032
3151,-0.00364577697345473
3152,-0.0015686929591437367
3153,0.0013569548115333167
3154,-0.0001715717111440071
3155,-0.0008778976820729284
3156,0.0005146034937440098
3157,-0.004271833146859777
3158,-0.002329028852099589
3159,-0.001308772845282507
3160,-0.006312857160779815
3161,-0.004718562656271338
3162,-0.0043783801977968564
3163,-0.0008543101161262931
3164,-0.002712125207038986
3165,-0.00034523985771801186
3166,-0.0024267565182698216
3167,-0.0020132345496004234
3168,0.0011980431197002733
3169,-0.002033018945284154
3170,-0.00511183261692541
3171,-0.002313785228132189
3172,-0.0017387092317598142
3173,0.0009823861428113582
3174,-0.00803053064100306
3175,-0.0031463239261550965
3176,-0.005641385828553485
3177,-0.0035678765463887964
3178,-0.005721035992317755
3179,-0.002715371911234915
3180,-0.005638755319516034
3181,-0.004246688604506582
3182,-0.0054405208313494935
3183,-0.00596546814970474
3184,-0.00488893502872155
3185,-0.0010753212770216007
3186,-0.005975148678407094
3187,0.004946583671669873
3188,-0.0025463010797696743
3189,-0.009507455512082374
3190,-0.0011508960528524015
3191,-0.0031913294209381694
3192,-0.0034685676486921127
3193,-0.0007942827207446761
3194,-0.003760266379306286
3195,-0.002303451854579027
3196,-0.0056931739494199725
3197,-0.003352104548104088
3198,-0.0002126404676856125
3199,-0.005341262375271095
3200,-0.002271544678235069
3201,0.0011357800047727094
3202,0.0006821432245129253
3203,0.0026153526600015443
3204,-0.005981408716669388
3205,-0.0024721601450015465
3206,-0.005658887016759321
3207,-0.0027044829769824683
3208,-0.0016161059042368517
3209,-0.002414144951601631
3210,-0.0028794751170783395
3211,-0.008208216529987298
3212,-0.0012827722292793643
3213,-0.0027622179352347863
3214,-0.004351198623340647
3215,-0.0007268446304223158
3216,0.0024178901858497616
3217,-0.004814243913578823
3218,-0.0018391047392783376
3219,-0.0001398789658335689
3220,-0.004170609912451134
3221,-0.0010855002416989383
3222,-0.004756824713708637
3223,0.002934109794918198
3224,-0.005591130184243169
3225,-0.004227732231840885
3226,-0.00826358699321248
3227,-0.005297012980864314
3228,-0.006549912147190497
3229,-0.0033671496067950307
3230,-0.002270250242490189
3231,-0.003245771779194582
3232,-0.0032676730729770606
3233,0.004790972746279772
3234,-0.005326855275919789
3235,-0.0038328292604807024
3236,-0.0025769863483817816
3237,-0.002881642213403212
3238,0.0007314848669736744
3239,0.002512411779936618
3240,-0.0026317105779263793
3241,-0.004312090817149505
3242,0.001160342311709573
3243,-0.0005962808560897037
3244,-0.007922883832756772
3245,0.00038046860795140636
3246,-0.006736778596930698
3247,-0.0061815100327588315
3248,-0.007031068469994468
3249,-0.0034411508786221685
3250,0.00010282422286669868
3251,-0.002592570085328632
3252,-0.0004403712960370926
3253,-0.002929562305986927
3254,-0.0023216326794312722
3255,-0.006330574431119434
3256,-0.003631597750176671
3257,0.000993066950670276
3258,-0.0013806924313943293
3259,-0.003167632210400187
3260,-0.00406160808057603
3261,0.0007344264804627978
3262,-0.002884190552748137
3263,-0.0016350489387696107
3264,-0.002087772606193715
3265,-0.010430855160089614
3266,-0.0043400378065670715
3267,0.0012432908385895183
3268,-0.0026327940536093053
3269,0.0002146843020225317
3270,0.001320626362153493
3271,-0.00550589636521006
3272,-0.001954181391682748
3273,-0.003324270718436089
3274,-0.003834536189262539
3275,-0.0042049138387931125
3276,-0.004310531730630337
3277,-0.0027167033224087464
3278,-0.0019570513040416057
3279,-0.0032935275310566337
3280,-0.003160015242785145
3281,-0.005208817165149825
3282,-0.0006334467444819303
3283,-0.0017116064066728075
3284,-0.00626395255256855
3285,-0.006045485273065674
3286,-0.004246870854189004
3287,-0.002293239201137328
3288,-0.005060498737341858
3289,-0.0029125763360203123
3290,0.00022825740956887441
3291,-0.006492836595765678
3292,-0.004697192768144783
3293,0.001521815413918496
3294,-0.0008640850074548324
3295,-0.003872371688954823
3296,-0.004106690400292469
3297,-0.004610488430273035
3298,-0.00395003744083364
3299,0.0017628491482966115
3300,-0.0027561859791756446
3301,-0.003693854270893294
3302,0.0008769588339849997
3303,-0.0030741364415610983
3304,0.0012139720756624145
3305,-0.005679954414809393
3306,-0.0014929672138470629
3307,-0.0008733122265836071
3308,-0.006075454491201376
3309,-0.0018250604906831433
3310,-0.0029088707163542962
3311,-0.0017881349695459646
3312,-0.001130998616058962
3313,0.00044780808471302225
3314,0.00015813867220863462
3315,-0.0004337019289200536
3316,-0.0031167125438700052
3317,-0.0028693078476229976
3318,0.0005647846927414636
3319,-0.0021249847523792872
3320,-0.00394438372090037
3321,-0.0037751941737453817
3322,-0.005448664979731135
3323,-0.0010030920476008856
3324,-0.002567801228829703
3325,-0.0027940954449820164
3326,-0.003031031986050259
3327,-0.0050057064307171065
3328,-0.0073141455808696625
3329,0.00018904898647627982
3330,-0.0038713081891036186
3331,-0.005738652778544132
3332,-0.0031437808769509273
3333,-0.0051857885070358024
3334,-0.008415513627532623
3335,-0.0034249205491246083
3336,0.0032703878095618998
3337,-0.003998955737265969
3338,-0.0034714414245232486
3339,-0.006613165674461831
3340,-0.005089202351675856
3341,-0.002901130099762627
3342,-0.0025727661430089213
3343,-0.006431460591008131
3344,0.0020493071643531077
3345,-0.001137355943290383
3346,-0.0023312531098172405
3347,-0.004056675750124392
3348,-0.0019233067604086176
3349,-0.0036769481241436114
3350,-0.00525806712302292
3351,-0.0021423175947019105
3352,-0.0029896780069244705
3353,-0.0057862498761010045
3354,-0.004251662447201935
3355,-0.004437084041182683
3356,-0.0020150896093543078
3357,-0.0072428567167871945
3358,-0.006964329266906818
3359,-0.004251941995924723
3360,0.003476762182898035
3361,-0.0029261459332956055
3362,-0.002303161058134863
3363,-0.0023686437249221294
3364,-0.005886475734120048
3365,-0.0015979261005142596
3366,0.0010766022050941113
3367,-0.00468140676746448
3368,-0.0034873887398992644
3369,0.0003910816779574347
3370,-0.0025884698820223782
3371,-0.0036294148714963274
3372,-0.0009397871736702805
3373,-0.006784022355535914
3374,-0.003491472791488495
3375,-0.004798045574332811
3376,-0.0024642737841315925
3377,-0.005109060203727901
3378,-0.005570437184129102
3379,-0.003285594251305597
3380,0.0005316158485489594
3381,-0.0006597564745063345
3382,1.9853341301029337e-05
3383,-0.0014567078956477068
3384,-0.008452094986737747
3385,0.0004491533031217611
3386,-0.004454977889830958
3387,-0.006921069675849281
3388,-0.00744195071503314
3389,-0.0014830921411819534
3390,-0.0025320093467398434
3391,-0.0009435572487934106
3392,-0.006102354296790437
3393,-0.005550614445773823
3394,-0.0022819474387761676
3395,-0.0028940292718418748
3396,-0.00292159212905526
3397,-0.0054874089912505634
3398,-0.008682423090037722
3399,-0.004105976603345933
3400,-0.003613687521463512
3401,-0.004631920360691478
3402,0.0007614848716842072
3403,-0.00598664381169834
3404,-0.001851114792478712
3405,-0.004343800547119751
3406,-0.004818458368017756
3407,-0.0005262315026316397
3408,0.000983137788497783
3409,0.002428558005049361
3410,-0.0023795455378862705
3411,-0.005389843147463096
3412,-0.0009530144787477587
3413,-0.0018571468193628038
3414,-0.004348404875292051
3415,-0.0007737823148995723
3416,-0.005188281004292597
3417,0.0011058383344971223
3418,0.0002016126188714787
3419,0.00288227214078415
3420,-0.007010540674512861
3421,-0.003243515310373736
3422,-0.006547726675011124
3423,-0.0007832400514671441
3424,-0.005590189235442456
3425,-0.0013026148803577317
3426,-0.001732864841676611
3427,-0.0005407358119998047
3428,-0.002587726119980569
3429,-0.004829353921301523
3430,0.0009122401212380768
3431,0.0019863473658495723
3432,-0.006664477705629078
3433,-0.005325844879484745
3434,-0.0041734477469956635
3435,-0.005241094537700289
3436,-0.00808265786971531
3437,-0.0009592027448338709
3438,-0.0015707523531686106
3439,-0.0020862498386097425
3440,-0.002867293061105655
3441,-0.002403032375633784
3442,-0.002018266722177732
3443,-0.0026562249327038365
3444,-0.006062398911796069
3445,-0.0021573732686777786
3446,-0.0006172624427084536
3447,0.0025687158815931206
3448,-0.00030213039815997836
3449,-0.0028616994081457243
3450,-0.0012134502636515672
3451,-0.004369011312628953
3452,-0.0037685063079141573
3453,-0.004414015051693886
3454,-0.0029006594200670123
3455,0.00298830942140859
3456,0.002092319717989736
3457,-0.005106946004245529
3458,-0.0035934444874708427
3459,-0.007499376721876332
3460,-0.0028004143604650547
3461,0.003493563700509364
3462,0.002295060263187914
3463,-0.0018082962026460536
3464,-0.0030832549866392257
3465,-0.005333438008311073
3466,-0.0035735362469917938
3467,-0.002786868425026394
3468,-0.007495596451748104
3469,-0.004392754655492024
3470,-0.0018327051216185698
3471,-0.0071974237416252244
3472,-0.0026575059922027064
3473,-0.0018401981586928032
3474,-0.0008041667699209033
3475,-0.00271301832673599
3476,-0.003306597732409468
3477,-0.004698900389531375
3478,-0.005054309549346041
3479,-0.005516067160853677
3480,-0.0062790337890544015
3481,-0.004187189895712942
3482,-0.00551496205486628
3483,-0.002187949580194644
3484,-0.000673516717941483
3485,-0.0031638039385321337
3486,-0.004821639152313491
3487,-0.0008806128974194263
3488,-0.0046659641744158445
3489,-0.005212942354162236
3490,-0.0028563532939942793
3491,-0.00311944659770072
3492,-0.0028511208076474302
3493,-0.006348339702473355
3494,-0.003373770974025459
3495,0.0015002414380003194
3496,-0.0009165734213454346
3497,-0.0004993159726567296
3498,-0.0025240280726262984
3499,-0.0048398139441044805
3500,-0.0035116222013468062
3501,-0.0008624418272871817
3502,-0.003713511585631886
3503,0.0007584908326677131
3504,0.0006307787465936014
3505,-0.0015060179167554408
3506,-0.005439944556305306
3507,-0.004579052909287156
3508,-0.012017091058474795
3509,-0.0004905194134652603
3510,-0.0034125677963156367
3511,-0.004305603249558844
3512,-0.001719103222726611
3513,-0.006027720133717267
3514,0.003232964197869833
3515,-0.006501556576605349
3516,-0.0018883634743602704
3517,-0.0018417426215519839
3518,-0.0016892955542681318
3519,-0.0034389940259951166
3520,-0.007494508874684416
3521,-0.0003609588704874614
3522,-0.005285111996621843
3523,-0.003258289843424529
3524,-0.000395009374529718
3525,-0.005893827009171557
3526,-0.0009292998950433985
3527,-0.006338988200418255
3528,-0.005753873403129408
3529,-0.004916550797777315
3530,0.002217570058453147
3531,-0.0042769835455507485
3532,0.0016284372687073514
3533,-0.0031127904836672354
3534,-0.004462107748973709
3535,-0.007253752780185439
3536,-0.00087826357517529
3537,0.0022031581000502426
3538,0.00042410677091955784
3539,-0.004585240279461462
3540,-0.0040839346643620315
3541,-0.0038690270098623303
3542,-0.001364400163431076
3543,-0.0017305138298351723
3544,-0.00400172911521595
3545,-0.0048597963123821995
3546,-0.00023305772524909868
3547,-0.005238675940166273
3548,-0.0039155454376719676
3549,-0.0004335456607116907
3550,-0.0008480434384099886
3551,-0.0021767247667227457
3552,0.0001506347374605893
3553,-0.0005829103236705616
3554,-0.004490660814944095
3555,0.004065907868917005
3556,-0.001621901400723668
3557,-0.005510669697785301
3558,-0.007164773239924257
3559,-0.0035667414103594704
3560,-0.002911859369416868
3561,-0.003746900874827666
3562,-0.0035675209988544655
3563,-0.003435772095226594
3564,-0.005475189551939503
3565,-0.0013783485981954773
3566,-0.010265122377039693
3567,-0.0012119853007405632
3568,-0.003562879755046485
3569,-0.005184848004788176
3570,0.0015656023349791305
3571,-0.006516360532095571
3572,-0.0036881824124019406
3573,-0.0010462257429424
3574,-0.0029443724004775997
3575,0.0003413919960645294
3576,-0.0024368630944944583
3577,-0.0018525337824119963
3578,-0.006206504255570049
3579,-0.007603456738237587
3580,-0.007494593847041216
3581,-0.0005294728060234698
3582,-0.004340199965407781
3583,-0.003081381480948612
3584,-0.005846273658913142
3585,-0.003182230168023898
3586,0.003951527229055566
3587,-0.007915870683945881
3588,-0.00037378952498273027
3589,-0.006791327125857508
3590,-0.0038150501391950517
3591,-0.004809316240757137
3592,-0.0030745666431270767
3593,-0.0022213201145715317
3594,-0.005622710137877969
3595,-0.0039977558135407786
3596,-0.000736335507668176
3597,-0.007854858283332437
3598,0.0020283639617794634
3599,-0.007873331524708295
3600,-0.001605785273315407
3601,-0.003444463552956325
3602,-0.005248503724879342
3603,-0.0057186212277308
3604,-0.00311208842857523
3605,0.0026776601466953417
3606,-0.0037140285016573488
3607,-0.0023888225589091504
3608,-0.008092140727407784
3609,-0.007388223716571999
3610,-0.004870717603957086
3611,-0.00481397123027175
3612,0.0007538906676525896
3613,-0.0033147091253822626
3614,-0.004523251450952601
3615,0.00017666361840005737
3616,0.00037830232400818536
3617,-0.0022412387780867717
3618,-0.00256165792450316
3619,-0.0018615097697547017
3620,0.0012272503494092507
3621,0.0026885593457331713
3622,-0.007052171794042883
3623,0.0005473373194568032
3624,-0.0028933103400267043
3625,0.0018423555150406563
3626,-0.0015530707867767828
3627,0.0013494163239796755
3628,-0.002225097885281118
3629,-0.0016556162362494145
3630,-0.002944536173847538
3631,-0.0035802168680022783
3632,-0.0006886031726180235
3633,-0.007322005921909774
3634,-0.004044378677883039
3635,-0.0016857569060946404
3636,-0.0014372305594868608
3637,-0.005225567112012931
3638,-0.004078021883539371
3639,-0.005789355634962946
3640,-0.0003013377027910463
3641,-0.002024715892868699
3642,-0.0032925191876890525
3643,-0.005677341441279269
3644,-0.005543217233976945
3645,-0.00642793740480381
3646,-0.0031468224264188244
3647,-0.004547917220025715
3648,-0.00550812918901759
3649,-0.0024615234850873177
3650,-0.0036691767092689315
3651,-0.0028744133543294817
3652,0.004311385587120478
3653,-0.003849423258323638
3654,-0.003628511537806616
3655,-0.005652642730252386
3656,-0.0019723659929677673
3657,-0.007311296504864676
3658,-0.0038147840878814017
3659,-0.00375244944212038
3660,-0.008892753768783648
3661,-0.001584016612789195
3662,-0.008272090297003844
3663,-0.0042425611963450155
3664,-0.0032800805300627033
3665,-0.006307886574015917
3666,-0.0046114764869894
3667,-0.0023192587597592774
3668,0.0007963760358973351
3669,-0.0005903025031058218
3670,-0.004798497224105056
3671,-0.005243605729540017
3672,-0.004591618719448826
3673,0.0001657620348073964
3674,0.00288792455833008
3675,0.0001427347805188217
3676,-0.004696850382805096
3677,0.0002810690484033075
3678,-0.004192821830750537
3679,-0.002169411262596864
3680,-0.001983402144350714
3681,-0.006651939378518608
3682,-0.00322851626011067
3683,-0.004038957193656691
3684,-0.0013787860391017252
3685,-0.004836805036663137
3686,-0.006238556106587054
3687,-0.006079902714565072
3688,-0.008861792749587243
3689,-0.011006748154176349
3690,-0.0021391406088855855
3691,0.000681078942403622
3692,0.002272367109087285
3693,-0.0054368683882724915
3694,-0.005802104068439243
3695,-0.0027416491544856522
3696,-0.0006846116679099373
3697,-0.003466537455795504
3698,-0.001894177986477126
3699,-0.005781553724845043
3700,-0.00607732434310038
3701,-0.0054389055202726765
3702,-0.0012807489742274678
3703,-0.010709257708417238
3704,-0.005364932775739115
3705,-0.005228933182546507
3706,-0.004503329673344349
3707,-0.004978799946672836
3708,-0.004247605989653635
3709,-0.003251593536228118
3710,-0.0033464796586789233
3711,-0.0021191401433142028
3712,-0.0013693535480089926
3713,-0.005738976214282137
3714,0.0020686828662473365
3715,0.0038769548376500103
3716,-0.004209403748590579
3717,-0.0021499524822917344
3718,-0.0019606925817337445
3719,-0.005746715182752948
3720,-0.005580447334389952
3721,0.0005564280452155096
3722,-0.0045639675763444396
3723,-0.005687897909088847
3724,-0.003086331564392135
3725,-0.0026054692535732726
3726,-0.0028357318325934293
3727,-0.004163773627205422
3728,-0.0010876228751540568
3729,-0.0038212001938854705
3730,-0.005402949658042673
3731,-0.0026434871869894586
3732,-0.0017668179380045251
3733,0.0013308708574018904
3734,0.0010487954215122747
3735,-1.0321087840881038e-05
3736,-0.0049692663345770015
3737,-0.0027853634950797852
3738,0.0010984160572085414
3739,-0.0028938209822046493
3740,-0.007457247239700246
3741,-0.0011700127770449473
3742,-0.0034284232709525762
3743,-0.003139863676974764
3744,-0.0007450560845531952
3745,-0.0047233318036677095
3746,-0.002444784638079931
3747,-0.005994165519554791
3748,-0.0027044780846871945
3749,-0.000914897612518277
3750,-0.00168574805456145
3751,-0.0029487303321354165
3752,0.0018408109570371388
3753,-0.002750810522056446
3754,-0.0028574612616833403
3755,-0.0011502964776028968
3756,-0.0046814480865872005
3757,-0.0009719712250370639
3758,-0.007245581051987266
3759,-0.000970211715765678
3760,7.810004435899326e-05
3761,-0.004167790337411208
3762,-0.001502683800349111
3763,-0.005746029603375738
3764,-0.004935657425536963
3765,-0.0059631603934625285
3766,0.0009553938987851424
3767,-0.009377991147608622
3768,-0.0005226920470164965
3769,-0.0034914800056834484
3770,-0.002281289536779068
3771,-0.0026630337333511597
3772,-0.002898873991075905
3773,-0.005805349941649805
3774,-0.005260547106241478
3775,-0.005493909499141893
3776,-0.008495532413932617
3777,-0.0019085042201121213
3778,-0.001530495704031333
3779,-0.00834934320874758
3780,-0.0006106164700636525
3781,-0.0016391541967020404
3782,-0.003321756302680067
3783,-0.004485659530560078
3784,-0.004549738105698618
3785,-0.0019324447885076083
3786,9.336184128693956e-05
3787,-0.0020088873921050576
3788,-0.0032631773277939993
3789,-0.0034380665044110095
3790,-0.005106470373819505
3791,-0.005562591325758644
3792,-0.004532390467716998
3793,-0.0038763761544107836
3794,-0.0035271922869271714
3795,-0.003557332747647121
3796,-0.0004247718415554824
3797,-0.005523923114107869
3798,-0.003281852519086064
3799,-0.0059769546379159905
3800,-0.00428404020874136
3801,-0.0018963583294738483
3802,-0.004248553657935975
3803,-0.003315955924476602
3804,-0.004464411671598147
3805,-0.0031181094567796636
3806,0.0009462019430620354
3807,-0.005722898319271103
3808,-0.0066331188463565165
3809,-0.0038525755424023353
3810,-0.004902103686019232
3811,0.0012165336389437162
3812,-0.00014195765111387273
3813,-0.0037914977337219456
3814,-0.0028081317906990012
3815,-0.0024835851253058074
3816,-0.0022478800064299094
3817,-0.004472755412558014
3818,-0.003235205344919421
3819,-0.005980607703812573
3820,-0.0037896685170949983
3821,-0.00671194249214823
3822,-0.0017894566446897756
3823,0.003066743651121001
3824,-0.0016293161979825804
3825,-0.0025822866207689914
3826,-0.0048088192754052635
3827,-0.006642146611685367
3828,-0.011467040460145777
3829,-0.0027719169112569164
3830,-0.0046046912811442305
3831,0.0008832599618266435
3832,-0.00686687984697832
3833,0.00039186039974404424
3834,0.0027528808910353003
3835,-0.0015457363622269765
3836,0.0001171853245000333
3837,-0.0008760812075703055
3838,-0.0007088242532791965
3839,-0.003671396356129491
3840,-0.009139160875980504
3841,-0.0016505628637469572
3842,-0.0010390734463844517
3843,-0.005105042270364353
3844,-0.0018644658059476342
3845,-0.0027290842902346554
3846,-0.006366735297815264
3847,-0.0005497222500866518
3848,-0.0029564655364403662
3849,-0.00012802268772195077
3850,-0.008565510450087015
3851,-0.0024932503915716976
3852,0.0007631513835236643
3853,-0.004302586366486831
3854,-0.003374197100380963
3855,-0.005677835300079249
3856,0.0020516784727184247
3857,0.004222273697930174
3858,-8.435241262532561e-05
3859,-0.0008994102944432959
3860,-0.005100695722783401
3861,-0.004926043970383549
3862,-0.008810598006124281
3863,-0.009597833735668714
3864,-0.009187783787285166
3865,-0.0027831835230698737
3866,-0.001041372727035271
3867,-0.0040621369188528905
3868,-0.0028493514427603353
3869,-0.00203475353764317
3870,-0.0029139126227320025
3871,-0.0018643429740889464
3872,-0.004692515073783633
3873,-0.00224464940307445
3874,-0.007869017193028047
3875,-0.004664204552168809
3876,-0.001300394647286908
3877,-0.003718938711302782
3878,-0.001816340391210751
3879,-0.0036444175464435367
3880,-0.00054292786561096
3881,-0.006047473656262292
3882,-0.005234713005636597
3883,0.005165967985806274
3884,-0.004524119191103609
3885,-0.0032501541773083537
3886,-0.003756654440835335
3887,-0.00354784106564026
3888,-0.0023106585878735486
3889,0.0008242137124417209
3890,-6.701783633107986e-05
3891,-0.004192924266071235
3892,-0.001330242107659918
3893,-0.007113220605621175
3894,0.0005839195636634792
3895,-0.005371501698640535
3896,-0.005629613564267142
3897,-0.006435976207004101
3898,-0.003474360037336189
3899,0.0006000594118243455
3900,-0.007978589241011358
3901,0.00019740094116206183
3902,-0.008008979035653941
3903,-0.0032994592045851
3904,-0.0014015809956064232
3905,-0.0006907627319489018
3906,-0.010018296124701953
3907,0.001462946335121739
3908,-0.002111068722284424
3909,0.00023893404764421464
3910,-0.002899752189415891
3911,0.000802253207585292
3912,-0.006846743268479401
3913,0.000385045679956543
3914,-0.0005459199177989017
3915,-0.004949725348874105
3916,-0.0018356089996468192
3917,-0.0015711567309632628
3918,0.0011124630953424607
3919,-0.0027798718310361008
3920,-0.0030769761034301693
3921,-0.004115764733613168
3922,-0.008241643694487214
3923,-0.002800505873063179
3924,-0.003211559595511178
3925,-0.0040617432499333375
3926,-0.008516813586785712
3927,-0.002062623768418516
3928,-0.005533294670148375
3929,-0.0008192296000502398
3930,-0.0011167883435606457
3931,-0.002780594302287505
3932,-0.004930420664035193
3933,-0.0006071802951349015
3934,-0.005094504030205359
3935,-0.011062884913934427
3936,-0.0003881722787747177
3937,-0.002431243576343091
3938,-0.00199486210525757
3939,-0.004792878487488512
3940,0.00041888504965637355
3941,-0.004721980044085538
3942,-0.0026724906871889095
3943,-0.001976797005203961
3944,-0.0026713253955408488
3945,0.00012207206990811487
3946,-0.003865520217379601
3947,0.00044959867406296067
3948,-0.007089796136671701
3949,-0.0006393002199696803
3950,-0.0008815900688627538
3951,-0.0041281721489919015
3952,-0.0007582173813584676
3953,-0.0023587771635762665
3954,-0.004488153510200418
3955,-0.00338832353852803
3956,-0.0025922371434000772
3957,-0.002655244260070983
3958,-0.003467380511574969
3959,0.002371259821863418
3960,-0.004669057177193271
3961,-0.002669085513407242
3962,-0.00487945659217082
3963,0.0028048996533939254
3964,0.0023595702971357345
3965,-0.0006189135568283738
3966,-0.0049470071962938525
3967,0.003034594491875181
3968,-0.0011844515175073178
3969,-0.005958033438000401
3970,0.0006214832497690378
3971,-0.005824859059398588
3972,-0.0031961637499706916
3973,-0.0051092110006214705
3974,-0.0030324532780146678
3975,-0.00431571299155431
3976,-0.005305016273312035
3977,-0.0030905151723769377
3978,-0.004353046218294691
3979,-0.0065696398964192534
3980,-0.004960572860261643
3981,-0.0038827003293041493
3982,-0.007097058515384506
3983,-0.00015063253510739713
3984,-0.001752730275097019
3985,-0.0037477816651661743
3986,-0.0020762977067889377
3987,-0.004997176038620238
3988,-0.0017004138387265617
3989,-0.00032363724729122384
3990,-0.0012678901773397755
3991,-0.005156284400984281
3992,-0.0006002399220751201
3993,-0.004094909642082586
3994,-0.0015407094168108787
3995,0.004938967817346481
3996,-0.00590010756473559
3997,-0.004684493543408386
3998,-0.0033906192276784326
3999,0.0005151733883585231
4000,-0.002128214271212025
4001,-0.0009668588145081321
4002,0.0030304269501898844
4003,-0.0015411220603730874
4004,-0.0044857494456659215
4005,-0.004867534449234084
4006,-0.00466303857535964
4007,-0.002421609639979439
4008,-0.0015753544268433395
4009,0.0019231663408992503
4010,-0.005363290317892608
4011,-0.00777373370172723
4012,-0.003419891764360649
4013,-0.008045016224658086
4014,-1.8838572372718854e-05
4015,-0.004234130070930361
4016,-0.002345653683938763
4017,-0.001969130623713254
4018,-0.002150898688890273
4019,-0.006293448919861309
4020,-0.002968914161877171
4021,-0.0001572154555176189
4022,-0.0017061236998482943
4023,-0.00455936235899802
4024,0.0007554844363558515
4025,0.001218614430521639
4026,0.001467175937579196
4027,-0.005795680988128354
4028,-0.0004790487704832702
4029,-0.009173486259894798
4030,-0.005140420598138639
4031,-0.0023791316328779823
4032,-0.003883166623970421
4033,0.00036176309568013154
4034,-0.002013575763502133
4035,-0.00626214611741575
4036,-0.003158805320120441
4037,-0.00032469749634207734
4038,-0.002312046118716826
4039,-0.0022098987692727168
4040,-0.0033803456389477522
4041,-0.003871897038768439
4042,-0.009793561082765814
4043,-0.0009118373597630236
4044,-0.0033283442175645744
4045,0.0031693347418275675
4046,-0.003261105184516038
4047,-0.004223271734852166
4048,-0.001684938844291741
4049,-0.006786284207441616
4050,-0.0008674741074826443
4051,-0.007953755229609165
4052,-0.004446273934773766
4053,-0.005671606813427401
4054,-0.0033317648915051692
4055,-0.0034219488288812043
4056,0.002411518000846175
4057,-0.004467721297482345
4058,0.0017168354265044879
4059,0.0007712741385962688
4060,-0.0035338086538588345
4061,0.005515282719051065
4062,-0.0019316345680277652
4063,-0.004155487817935989
4064,-0.0005023873645891089
4065,-0.0008119914961921479
4066,-0.001920074158439998
4067,-0.0024997154840779787
4068,-0.0020615519937124092
4069,0.0006409349929074604
4070,-0.004953378364909486
4071,-0.003074579788999856
4072,-0.00397163332830202
4073,0.003761845688814089
4074,-0.009400147938847626
4075,0.0018414826531507125
4076,-0.0022359822385716634
4077,-0.01061578360511314
4078,-0.001837516588172463
4079,-0.00559719655777513
4080,-0.0021400725272683087
4081,-0.003986860762766348
4082,0.0018691321120044985
4083,-0.0033153697667507726
4084,0.0001708158175628069
4085,-0.003788445850051562
4086,-0.007275782961394851
4087,-0.003345740248723819
4088,-0.002628656169060474
4089,-0.003917910526163353
4090,0.0011826851784077774
4091,-0.0034748495218815192
4092,-0.003186284270305789
4093,-0.003301767662503497
4094,-0.0040657246208587496
4095,-0.003436570954022798
4096,-0.0026637700460033636
4097,-0.00539952425391331
4098,-0.0022972965999191186
4099,0.0007076734343495414
4100,-0.002550191334535365
4101,-0.0030137958808465586
4102,-0.0006744322163990922
4103,0.0006512205488141201
4104,-0.0031135032223318163
4105,0.004186907164272825
4106,0.00028053776894109567
4107,0.0025458041987707417
4108,-0.0011947724446643541
4109,-0.0038663976167739728
4110,-0.0041186264591242215
4111,-0.004005317983004263
4112,-0.00027800731586635763
4113,-0.0003852444756207822
4114,-0.0014154002717368629
4115,-0.0014435827793954602
4116,0.0003409469177108257
4117,-0.004722385418338321
4118,-0.0031333254088306943
4119,-0.00413045939932994
4120,0.002222646007570675
4121,-0.004456115867532983
4122,-0.0006961766381275783
4123,-0.0025419439348075418
4124,-0.0020141052060760785
4125,-0.004835415340187787
4126,-0.006628526736161221
4127,-0.0032058694761182907
4128,-0.006313204935022042
4129,-0.0030895358585173623
4130,-0.0031109040830506855
4131,-0.004925483908128421
4132,0.001321042922654083
4133,0.00036504519406629216
4134,-0.00440029824585033
4135,-0.00423295082858912
4136,-0.0009861993737908525
4137,-0.0020237583787777354
4138,0.00048050300571826285
4139,-0.008582142604808891
4140,-0.0011761919990685328
4141,0.0001417347875630713
4142,-0.004241906524220969
4143,-0.0064334243915822945
4144,-0.005001399899971819
4145,-0.0020206948828836446
4146,-0.00520689756827767
4147,-0.0027681998618830604
4148,-0.00214706552431021
4149,-0.004079666252896293
4150,-0.004287575324548945
4151,-0.003590137900620828
4152,-0.006496669689360777
4153,-0.0039508955317482004
4154,-0.0037667413269521777
4155,-0.010101277193042692
4156,-0.002327227865266946
4157,-0.006195204156694913
4158,-0.001289477076381492
4159,-0.0011321477817817296
4160,-0.004165238376176689
4161,-0.006058976951175125
4162,-0.005912119012903408
4163,-0.001371891422873077
4164,-0.0043584711528911885
4165,-0.00623331313955439
4166,-0.00434558213081063
4167,0.0019829792554048424
4168,-0.005012216770044559
4169,-0.004884984608392814
4170,-0.0050199862010923794
4171,-0.007231696398049332
4172,0.001776903715620011
4173,-0.00885830719554571
4174,-0.0011457252471281931
4175,-0.0063484787587892305
4176,-0.005522711755778679
4177,0.000723535640172978
4178,-0.0072520635458798305
4179,-0.002373092072868146
4180,-0.0029963259701205336
4181,-0.0032018189816068222
4182,0.0017949908576038731
4183,-0.002857893188208893
4184,0.001019427700243724
4185,-0.002669084206640887
4186,-0.0030121381904393875
4187,-0.0027375032803993726
4188,0.0033544414190032935
4189,-0.006661028710602826
4190,-0.0026706388122203564
4191,-0.0026437064446612236
4192,-0.004486754582729048
4193,0.0022528356441937347
4194,-0.003804620205925438
4195,-0.0024131303790915007
4196,-0.0026954526504275426
4197,-0.0026948934960520504
4198,-0.001452357136395365
4199,0.0011171754782008693
4200,-0.004427211711339647
4201,-0.0027792298541434377
4202,-0.0027215918556723166
4203,-0.005371863168972538
4204,-0.010015753596417029
4205,-0.006002185170302071
4206,-0.0038077419367168568
4207,0.0014077576040545867
4208,-0.002985069974967003
4209,-0.006270246405707083
4210,-0.0022278811682709537
4211,-0.005351897536282662
4212,-0.0011674697323063032
4213,-0.0036955357386344694
4214,-0.0028573079939966314
4215,-0.0027777785041957145
4216,-0.0030845020733371517
4217,-0.0012249901089508783
4218,-6.903833172908908e-05
4219,-0.00010098218644844295
4220,-0.006810533672181349
4221,-0.0023489437779948066
4222,0.000748828125410831
4223,-0.0009270116022711689
4224,-0.004442944525165922
4225,-0.002776143919532549
4226,-0.004762626835439255
4227,-0.0035752471074752407
4228,-0.0022824654263975883
4229,0.000563688167943218
4230,0.0033866660582402355
4231,-0.007898312675596094
4232,-0.0037570477231559096
4233,-0.00483076204191692
4234,-0.0036670317791167237
4235,-0.0048395559371055205
4236,-0.0019597289020418657
4237,-0.0029832191304649085
4238,-0.005417114991953329
4239,-0.0007912238083349482
4240,-0.0032006982620173194
4241,-0.003510933771589418
4242,-0.0066354983198684825
4243,-0.0037515832616724226
4244,-0.002842276516993883
4245,-0.003138299861304355
4246,-0.00061631213737421
4247,-0.0026836217190162083
4248,-0.000280472346750181
4249,-0.0023687973058500317
4250,-0.0032476566187444773
4251,-0.00046083125330229416
4252,-0.002377451013113409
4253,0.0012976861000203455
4254,-0.0020079696107545356
4255,-0.0013380839361823854
4256,0.00043059546946977445
4257,-0.006077850282841427
4258,-0.002658490523276529
4259,-0.002793499219555469
4260,-0.006060158137035983
4261,-0.003381182038926022
4262,-0.0020605917025875893
4263,7.646396052912383e-05
4264,-0.003013736364268327
4265,0.00041087185198103796
4266,-0.004402561411586202
4267,-0.0029631646836114356
4268,-0.004541579999833453
4269,0.0018257051103325456
4270,-0.0021321584661962573
4271,0.0013369885543432145
4272,-0.003382653399904515
4273,0.005051180262779488
4274,-0.00257646767055688
4275,-0.00035340130955514165
4276,-0.002275447832833455
4277,0.003069058027875226
4278,-0.0018872459281879042
4279,-0.00491302120453475
4280,-0.0038791922954116292
4281,-0.0034527585814071032
4282,-0.003478606068071693
4283,-0.003298246631249807
4284,-0.004040027415731631
4285,0.0011959553778836604
4286,-0.0023835945477682884
4287,-0.0028285770557384023
4288,0.0016501728958692764
4289,-0.0018835630202353564
4290,-0.0029988334066366855
4291,-0.005881687452275217
4292,-0.004287104191861679
4293,-0.0037693233238547987
4294,-0.0027968388209638033
4295,-0.007532828500424669
4296,-0.0024587131975453633
4297,-0.002653107436255981
4298,-0.005925920808966454
4299,-0.0020161288461318615
4300,-0.006843289313205263
4301,-0.0018250331736182311
4302,-4.7806413246663515e-05
4303,-0.004471790988509732
4304,-0.0011319041363250792
4305,-0.002522355121130887
4306,-0.005475299982388573
4307,-0.0017958034600771867
4308,-0.0027084993767005315
4309,0.0020158829934115788
4310,0.0010080758934819418
4311,-0.0005838701078178278
4312,-0.004082643125060664
4313,-0.0007995548759645206
4314,-0.002530995735989805
4315,-0.00039418420197120593
4316,-0.008312311432014018
4317,0.00036315821923502134
4318,-0.00705348321533231
4319,-0.001258754106150832
4320,-0.006615117884626275
4321,0.004631870677713645
4322,1.4543577610728886e-05
4323,-0.0007832415125009796
4324,-0.0038107841722749246
4325,-0.007460850477860482
4326,-0.0012899670246407126
4327,-0.005594120150916662
4328,-0.0024487112569608963
4329,-0.00957867501354934
4330,-0.005776654502785264
4331,-0.0023900481369330574
4332,-0.003952459798337138
4333,-0.00136097750235354
4334,-0.0037518611443507002
4335,0.00021789128020794496
4336,-0.0016980484770973414
4337,-0.005288669560556777
4338,-0.0007787559039320775
4339,-0.007883326269133469
4340,-0.005020588607153483
4341,-0.003429198242755137
4342,0.003344776086489209
4343,0.003760006699054637
4344,0.002036743057214019
4345,-0.0008936668686821136
4346,-0.002908119542474181
4347,-0.0036934127667088076
4348,-0.004190149945226443
4349,-0.000414259000791152
4350,-0.002634845119050315
4351,-0.005188761768041519
4352,-0.003138477170965645
4353,0.0004432695680101177
4354,-0.005651719829970692
4355,-0.0018284847513163408
4356,-3.868292426255013e-05
4357,-0.004228456608177177
4358,-0.006962957225134757
4359,-0.006713869666065058
4360,-0.0031359187506331265
4361,8.365466698894916e-05
4362,-0.0036006940742874805
4363,-0.0017792889717193477
4364,-0.0037551876068227796
4365,-0.0013434927100825014
4366,-0.003470067863203162
4367,-0.0036805537977375943
4368,0.00024414945480243436
4369,-0.001469290652196347
4370,-0.0077768167557418465
4371,0.001840622081855342
4372,-0.0013902251466512867
4373,-0.0028719676598094913
4374,-0.006050460632845353
4375,-0.0024961537769654304
4376,-0.00023368780282822035
4377,-0.0016624243007937571
4378,-0.006218768152663645
4379,-0.004926763023754995
4380,-0.0037150675719168254
4381,0.0005213117507739465
4382,-0.0003634085143380539
4383,0.0019739622650627453
4384,0.001050635180862753
4385,-0.004874497903749737
4386,-0.0010084580349492382
4387,-0.0011834324271653464
4388,0.002771423274644285
4389,-0.00643063364804607
4390,-0.0022188943114530846
4391,-0.0003759293422339778
4392,-0.0021860110365337637
4393,-0.004148764223373
4394,-0.005243441114304543
4395,-0.002239252243466494
4396,-0.0027341895112375225
4397,-0.00571322038562461
4398,0.003508223704491314
4399,-0.0030313769636632
4400,-0.004774489102788739
4401,-0.00011760408178392544
4402,-0.0007217870851607654
4403,0.001497524890071017
4404,-0.003984809311250486
4405,-0.0036611985287803434
4406,0.0005372365061462291
4407,-0.007928375082885533
4408,0.0005157837930818698
4409,0.0013510764601177942
4410,0.0019972610506678
4411,-0.0007176817390798437
4412,-0.00401983285486859
4413,-0.006738830050938373
4414,-0.001645550414993549
4415,-0.00223318065072306
4416,-0.002653183680239795
4417,-0.0017605648897804221
4418,-0.0007223646143171038
4419,-0.007046956157368462
4420,-0.0028700323340848585
4421,-0.0013059691465307534
4422,0.0009147612312281408
4423,-0.009204104625017188
4424,-0.0022897055056140606
4425,-5.128031081635606e-05
4426,-0.0016479088477540649
4427,0.002822732652040756
4428,0.005440273175878876
4429,0.0007460925311972497
4430,-0.0009650709928199323
4431,6.075784591864572e-05
4432,-0.0022563752966167014
4433,-0.0074126074385260435
4434,-0.003763764858406248
4435,-0.0013418709844586069
4436,-0.002381713842559509
4437,-0.0025928408015752184
4438,-0.0031826518202253164
4439,0.00014637819313993716
4440,-0.004145775942344325
4441,-0.0010791895693009201
4442,-0.0007162994655162541
4443,-0.0028394652331490376
4444,-0.0021055941821061137
4445,-0.006556783423229913
4446,-0.0005686141845974296
4447,-0.0011578196034385119
4448,-0.0038443002386152475
4449,-0.005655315518345232
4450,-0.0019241418168113728
4451,0.0002726683168452586
4452,-0.007733521121069207
4453,0.0006167561489131279
4454,-0.0008910382323027363
4455,-0.002244934096652683
4456,-0.001036433074631693
4457,-0.006238290289257171
4458,-0.0033540877167957707
4459,-0.0005033276285800956
4460,-0.006716491645853109
4461,-0.005521164854402474
4462,-0.0036619777914294986
4463,-0.003557755777200272
4464,-0.0016999922956466365
4465,-0.005282905060385406
4466,-0.002326676256740788
4467,-0.0030049798775822964
4468,-0.007560533823969415
4469,-0.005562176521945402
4470,-0.0027966839561615886
4471,-0.006667484065175221
4472,-0.006452079478757849
4473,-0.0015601870100818462
4474,0.0017834873882155988
4475,-0.002719368939525464
4476,-0.004501980466653024
4477,-0.0041205687159331095
4478,0.0008430914924441694
4479,-0.004652834665046117
4480,-0.005931233475816828
4481,-0.004011827740985109
4482,-0.0023467452374408178
4483,-0.005033382465012986
4484,-0.0013637923952831942
4485,-0.0026593238565696467
4486,-0.008390792204995966
4487,-0.006799313542812376
4488,-0.0002694629402136342
4489,-0.00978466698031136
4490,-0.006121343598900587
4491,-0.0029248250921003055
4492,-0.00596522079881092
4493,-0.004042742696261602
4494,-0.00544509074369965
4495,-0.007107515017103307
4496,-0.0008070389345830285
4497,-0.007187943821672385
4498,-0.004384226820107896
4499,-0.001006030770536983
4500,-0.005599097146016675
4501,-0.005691153651066649
4502,-0.00697671015617642
4503,-0.005735029008361498
4504,0.001438714911764994
4505,-0.00028818064903419344
4506,-0.0028186099100003872
4507,-0.0011408335221119552
4508,0.001001521294613894
4509,-0.007419845813305556
4510,-0.003565229231581632
4511,-0.0050021044221784765
4512,-0.002576625918085721
4513,-0.0037802578808758536
4514,-0.0036316689293637433
4515,-0.0027425642059012503
4516,-0.005017474457144875
4517,-0.0013763963027012202
4518,-0.0018942324611353825
4519,-0.0020290678027712825
4520,0.004426132104398614
4521,-0.003700394662625832
4522,-0.005500511853512604
4523,-0.004376475834129711
4524,0.0031744267327212493
4525,-6.822450619910214e-05
4526,-0.0003466359100935991
4527,-0.0022350116242043708
4528,-0.0005185267830844567
4529,-0.0026678919793018813
4530,0.0012061567334545852
4531,-0.003049863753366598
4532,-0.007204480356510043
4533,-0.0017068035486953702
4534,-0.0019252641489680214
4535,-0.002893668462266564
4536,-0.0034843698412120178
4537,-0.007987144286050976
4538,-0.006112475148672733
4539,-0.004865611151137931
4540,-0.000551814538021899
4541,-0.00022359041813009226
4542,-0.0066076304634099595
4543,-0.0020810481560746795
4544,-0.0053201627004013236
4545,-0.0071798531750575725
4546,-0.0021583447863302123
4547,0.002041781075601601
4548,-0.003074230541846232
4549,-0.0007453587771146658
4550,-0.003610162274894562
4551,-0.004997787012183931
4552,-0.00444465226780082
4553,-0.003394505095594892
4554,-0.003851975972466705
4555,5.3422966745465816e-05
4556,-0.0006378552532891255
4557,-0.0006618198700967734
4558,-0.002865325884002349
4559,-0.0008754636540663496
4560,-0.002505529819389604
4561,-0.0024672333239331885
4562,-0.003728977617031757
4563,-0.006670914976289449
4564,-2.7934792504308997e-05
4565,-0.006520513308474734
4566,-0.006265791253079779
4567,-0.0029843546591429987
4568,-0.0014785050479933365
4569,0.0005046990212070022
4570,-0.0032276387390182265
4571,-0.006770074458134677
4572,-0.0052105281151689845
4573,-0.0008085600536156777
4574,-0.006082087074754036
4575,0.0009491993505410974
4576,-0.00736523816442115
4577,-0.0018953148761391737
4578,-0.005020579416424774
4579,-0.005728675194840726
4580,-0.0029832481181687187
4581,0.0019947137399496037
4582,0.0012728504242766683
4583,0.0014277321545843047
4584,-0.004406548622231828
4585,-0.00019858425980389532
4586,-0.0023798117310844594
4587,-0.008107476059840368
4588,-0.003111715180891376
4589,-0.004522597892858651
4590,-0.00540799583458957
4591,-0.0036932457265139718
4592,-0.003991876247773928
4593,-0.0018204149452911642
4594,-0.002883777811865579
4595,-0.010071787832963072
4596,-0.002832023338316867
4597,-0.006639132597187621
4598,-0.0012855202246953093
4599,-0.004578273688213855
4600,-0.003337978778278794
4601,-0.003207739858787091
4602,0.0009227328457745293
4603,-0.006700527771203793
4604,-0.006058822912523874
4605,-0.0013345280267868936
4606,0.002894378433314363
4607,-0.005436317792139465
4608,-0.001402144390700799
4609,-0.0060981673800878135
4610,0.0017943206563623207
4611,-0.0023651026235545214
4612,-0.003452136501083662
4613,-0.0044117419340187446
4614,-0.003814099222523345
4615,-8.508564805674232e-05
4616,0.0005425162632648854
4617,-0.0010739518562050757
4618,-0.003141460666086067
4619,0.001966881421300762
4620,-0.0038832889416439455
4621,-0.0028575691137244716
4622,-0.0005715166928460143
4623,-0.004887926888561017
4624,-0.004576998171890539
4625,-0.005631408027531877
4626,-0.0026447715830345137
4627,-0.005118132913236682
4628,-0.00789879337651482
4629,-0.0010562281471116972
4630,0.002870225546920936
4631,-0.0036584465535779223
4632,-0.0035016906982459906
4633,-0.005194506424176654
4634,-0.002289560794123787
4635,-0.0029083931250438733
4636,-0.0042044077885097925
4637,0.010725358218806887
4638,0.006103430698795105
4639,-0.003097692625082287
4640,0.004368001878299995
4641,-0.0004690045043925922
4642,-0.00442078806980168
4643,-0.003392621759143618
4644,-0.0029519664618313096
4645,-0.0007177943502175918
4646,-0.0011432833533113092
4647,-0.0023444943182792284
4648,-0.0055969613515669675
4649,-0.007118718469402128
4650,-0.006828740105767631
4651,-0.0029233490277293904
4652,0.002612777876546471
4653,-0.006614583653337301
4654,-0.004063516602957059
4655,0.00014755991391628143
4656,0.001097006535258488
4657,-0.0005833857712022258
4658,-0.008001615010400163
4659,0.0009219741560315478
4660,-0.004256011242639343
4661,-0.0037404524513961895
4662,-0.005615622438901242
4663,-0.003918201824199125
4664,-0.005681311859620647
4665,-0.001789792973510479
4666,-0.0018275400926177562
4667,0.0008767865839566374
4668,-0.0031570678675714517
4669,-0.005228953542115455
4670,-0.002399742737531914
4671,0.003366370238031345
4672,0.0029176709586246595
4673,-0.0014223809715289207
4674,-0.0035226901321656415
4675,0.00010276126668725197
4676,0.002494495166656785
4677,-0.0017505311564360686
4678,-0.005280098427847435
4679,0.0021055067980941186
4680,-0.004265761111930024
4681,0.0030001587907309522
4682,-0.004779368342009774
4683,-0.0036429683482047358
4684,-0.004032588177539605
4685,-0.006439537908165094
4686,-0.005880867554996547
4687,-0.002513194762994237
4688,-0.007395530820758892
4689,0.0018099623204187974
4690,0.001766020538146399
4691,-0.0025727634074905747
4692,-0.0038282372510740383
4693,-0.001639416004497931
4694,-0.003959821242825977
4695,-0.004224203203724932
4696,-0.004457925201169187
4697,-0.0085821269889397
4698,-0.0012235542028481289
4699,-0.0057957013600477385
4700,-0.003441056598236153
4701,-0.0016463502872459748
4702,-0.000967598819538458
4703,-0.004264288102880199
4704,-0.003174210710745338
4705,-0.004138812359689534
4706,-0.0006982472233529706
4707,-0.0018019248957396351
4708,-0.0029007287643785414
4709,-6.575639313769616e-05
4710,-0.007099743901219327
4711,-0.0024858219547389676
4712,-0.00013273029236280862
4713,-0.0020906201498304203
4714,0.0014045977640626123
4715,-0.0026911886623169415
4716,-0.0017813279371213415
4717,-0.0015469502604866445
4718,-0.00011789801996247087
4719,0.003666918861388785
4720,-0.0027506490338731933
4721,-0.005267128257508521
4722,0.0006581597529827649
4723,-0.004910580365472549
4724,-0.0011156508336157313
4725,0.0005313072926191979
4726,-0.0009901674814775559
4727,-0.004776740042886578
4728,-0.003407234573977916
4729,0.0009075337362453098
4730,-0.0005223696060683534
4731,-0.0034295239936702887
4732,-0.00867890681419839
4733,-0.0010391072128052084
4734,-0.0063025081042107495
4735,-0.004721374766570738
4736,-0.0022555881015963695
4737,-0.0016114643745812687
4738,-0.00223247619252814
4739,-0.007209313807364184
4740,-0.006417338158770807
4741,0.003141773832288995
4742,-0.0035266447435363633
4743,-0.004990707965652243
4744,-0.006513792300836162
4745,-0.005778094395564204
4746,-0.0005506572697500378
4747,-0.0029884654198311413
4748,-0.0022675560047895546
4749,-0.0025464325635216473
4750,-0.006153741001012875
4751,-0.004787163620795773
4752,0.0010011115625287587
4753,9.16530161751937e-05
4754,-0.002466146326363463
4755,-0.003550876271439598
4756,-0.004596653049166434
4757,-0.0009587994063052427
4758,0.0031401033028218006
4759,-0.003066225453600014
4760,-0.002369189106604233
4761,-0.005194771551197588
4762,0.0014632701514252187
4763,-0.00024206544710247968
4764,-0.00563633237666138
4765,-0.002993612797483558
4766,-0.00541850976417152
4767,-0.00010562113821121696
4768,-0.0034595718525205245
4769,0.00029874773856197745
4770,-0.0016710517380975135
4771,-0.002522103308970146
4772,-0.0029443118139805095
4773,-0.002534225061967696
4774,-0.0031058447447859655
4775,-0.0004770303100549364
4776,-0.000936527938156316
4777,-0.0018505458710549975
4778,-0.006644689425316135
4779,-0.0031574551844844694
4780,0.0025110767022267326
4781,-0.0033007045466899483
4782,-0.0034647427804051813
4783,-0.002633490802776698
4784,0.0013972639466452129
4785,0.0007209660398074628
4786,-0.005132764385712866
4787,-0.0013071543387175276
4788,-0.00898906108540961
4789,-0.0019255942585633123
4790,-0.00812065848316005
4791,-0.004729319976677058
4792,-0.0020513877444277157
4793,-0.00389104313387683
4794,0.0008243988481211433
4795,0.0020177026918835154
4796,-0.001270513974076213
4797,-0.004648601179316418
4798,-0.001015785508291827
4799,0.0004726849612978236
4800,-0.005605965442014565
4801,5.024907714794996e-06
4802,-0.000954735356381492
4803,-0.004318204176067639
4804,-0.0010175898064625696
4805,-0.00904719296104485
4806,-0.0027062065546856577
4807,-0.0036523426641609062
4808,0.0015337938413069255
4809,-0.0016933570419658261
4810,-0.005683347596025623
4811,-0.003221788374426472
4812,-0.005585028916127017
4813,-0.0007581911334694075
4814,-0.002602230721942503
4815,-0.008741295876801398
4816,-0.00926542471979766
4817,-0.004055721240288343
4818,-0.00011042028625582456
4819,0.0016009728613898058
4820,-0.00011173803304087224
4821,-0.005605572685758703
4822,0.0019141786220933238
4823,-0.0013374648298980461
4824,-0.00611682249802737
4825,-0.008148816932968553
4826,-0.0003141968463512626
4827,-0.004323220051821917
4828,-0.004302761777718076
4829,-0.007185192286075587
4830,-0.0044641282089092
4831,-0.003798342872369846
4832,-0.0020777095038090644
4833,-0.003134454584170568
4834,-0.0030810431553780146
4835,0.0007674044297532878
4836,0.0005779166387662078
4837,-0.007205111848384266
4838,-0.005108450041970355
4839,-0.005960161802301422
4840,-0.002709901731471877
4841,-0.005062597995548118
4842,-0.002609462731119519
4843,-0.00796039194712084
4844,-0.0036719423785710817
4845,-0.0010002803641078369
4846,-0.004860486314076838
4847,0.00403767075230143
4848,-0.005484292472288554
4849,-0.00028034754380252755
4850,-0.005942897690459432
4851,-0.004030374478851861
4852,-0.00440601114223188
4853,-0.0006733779171554273
4854,-0.003927295400735074
4855,-0.0020040639086200338
4856,-0.002500664551337007
4857,-0.001310264049909915
4858,0.0006245007562536015
4859,1.2153396116907494e-05
4860,-0.00612945596899378
4861,-0.0046717612165001615
4862,-0.00762540341082367
4863,-0.004594745706648216
4864,1.9337754157560533e-05
4865,-0.0020923595945376225
4866,-0.003931821245155492
4867,-0.00028901435581729293
4868,-0.0021794484820573494
4869,-0.007430272511871613
4870,-0.0013988677057082122
4871,-0.0059639412854449805
4872,-0.00753606104559287
4873,-0.0025762735522025515
4874,0.003462710116975229
4875,-0.001168667397193103
4876,-0.0007265766793505268
4877,-0.0011453361680682575
4878,-0.00021514786970225352
4879,-0.0035433682715132996
4880,-0.0034097312335564026
4881,-0.0005633497069104099
4882,-0.0028450478924001363
4883,-0.0010930518875455243
4884,-0.007461870496064685
4885,-0.004144063512247571
4886,-0.00021407440969850935
4887,-0.0037614742443720546
4888,-0.001896598393696776
4889,-0.001080607273846762
4890,-0.006783218293789577
4891,-0.002063217032808061
4892,-0.0003378818664423848
4893,-0.0014133562454518335
4894,-0.0014755832295801526
4895,-0.004590042297633653
4896,-0.0011106970840487791
4897,0.0008278404135105277
4898,-0.0027553691589948213
4899,-0.0014774791779945326
4900,-0.0036101996489790525
4901,0.001215074947614029
4902,-0.008001798330532148
4903,-0.003090383024302097
4904,-0.006024459073368946
4905,-0.0029834322596293227
4906,0.0005630353329557011
4907,-0.0063714779497068864
4908,-0.0022452039091239995
4909,0.0016531941182802747
4910,-0.0009692585112567945
4911,-0.00394011030602455
4912,-0.0015134784363019516
4913,-0.005602953110359635
4914,-0.002603497704364164
4915,-0.002149865151573699
4916,-0.0015024867289887348
4917,-0.0063445923132298965
4918,-0.0063756874653371765
4919,-0.0035019396452253063
4920,-0.005190536145907445
4921,-0.0004546643897999428
4922,-0.0024051359144644582
4923,-0.0019533006360437748
4924,-0.0013447377675873916
4925,0.0018677998166147652
4926,-0.004554641334419993
4927,-0.0018335875454059507
4928,0.0019074447018116794
4929,-0.006532035558315441
4930,-0.005193733089822138
4931,-0.0024773388100396213
4932,-0.0013456432847522883
4933,-0.0005409775488504701
4934,-0.004765129439173853
4935,-0.006354397638431507
4936,-0.005896195993291633
4937,-0.004941773189437327
4938,-0.0033394657517317773
4939,-0.0014222670227491477
4940,-0.00392898218083192
4941,0.0003870864518362993
4942,8.139177973024228e-05
4943,-0.002646019939806968
4944,-0.005367517223247128
4945,-0.004538227640988046
4946,0.0031597150854980605
4947,-0.004154836539761144
4948,-0.0014394602898769662
4949,-0.0013579778731892533
4950,-0.006211165011835707
4951,-0.006709957541573053
4952,-0.002401457478451257
4953,-0.00493500171612388
4954,0.0016541331783671183
4955,-0.0009672898408645547
4956,-0.006931915932819402
4957,-0.004342521659723868
4958,-0.003653820809049961
4959,-0.0004806765236954544
4960,0.0003352387699349403
4961,-0.0022269292016241123
4962,-0.0017675402778706446
4963,-0.0038456825002855834
4964,-0.0033753944606008945
4965,-0.005293323131454163
4966,0.002784923729192746
4967,0.0014327594610766096
4968,-0.0028373752471518854
4969,-0.0042118492781134075
4970,-0.0037833939574538726
4971,0.0006605676048952146
4972,-0.003200187622731044
4973,-0.00016391657570960158
4974,-0.011777449131810391
4975,-0.002108373645621081
4976,-0.004777199617184251
4977,0.00272211237097518
4978,0.0011530331230325819
4979,-0.0029054362984323664
4980,-0.0006144837995100787
4981,-0.004846382785452342
4982,-0.0055652096510761286
4983,-0.007193261340800845
4984,-0.0021734280538402255
4985,0.0012851549157062228
4986,-0.0026638162975471807
4987,-0.014066539074495912
4988,-0.001695368655804913
4989,-0.0023820676563512597
4990,-0.0007379157954403512
4991,-0.0037005823910647336
4992,-0.0013061245630146302
4993,-0.006174218801133873
4994,0.002487769581219112
4995,-0.005134860581035589
4996,0.0012148136494501485
4997,-0.004101870651198453
4998,-0.004247525927007993
4999,-0.004323611319675805
5000,-0.0031681926439602603
5001,-0.0054616633441082925
5002,-0.007497107491767328
5003,-0.004119643424866544
5004,-0.003956849635850152
5005,0.00040170751070553457
5006,-0.004638907794400883
5007,-0.004641745585273409
5008,-0.0006603887810727113
5009,-0.005274504779397005
5010,-0.0015986754576854043
5011,0.0013023845074626311
5012,-0.00045298912959399265
5013,-0.0007464697014248067
5014,-0.00233765337216698
5015,-0.0034678670561915335
5016,-0.007349293783642161
5017,-0.0029585886936693423
5018,-0.003970556324259012
5019,-0.0052793430196907895
5020,-0.005812755205729898
5021,0.0024119124951481677
5022,-0.0069424469058596595
5023,-0.00679026969138799
5024,-0.005293086953525705
5025,-0.0017065793144561102
5026,-0.006103230335261712
5027,-0.004204627415799581
5028,-0.0020236086949422596
5029,-0.006938090226215828
5030,-0.003585810264208105
5031,-0.0012211548083551835
5032,-0.0018664556709535977
5033,0.0008452627214067497
5034,0.003474656304535133
5035,-0.00538777528644856
5036,0.0006770800738136393
5037,-0.0049808996876485705
5038,-0.00104002763968045
5039,-0.0029790296869975294
5040,-0.006745807684200689
5041,-0.006716499963515352
5042,-0.003326428128695196
5043,-0.005496834235658013
5044,-0.002309338316407436
5045,-0.004400924870503347
5046,-0.004332122601661298
5047,0.0008498987405096692
5048,-0.0042392702171469634
5049,-0.00391012982702842
5050,-0.006958305756500218
5051,-0.0011568818700176432
5052,-0.0017264050411870124
5053,-0.004823090737113896
5054,-0.0004168919352218643
5055,-0.0009535585121800069
5056,-0.004797413646655001
5057,-0.009027253408321244
5058,0.0006054116753790376
5059,-0.0059228811193971186
5060,-0.0013384354962953544
5061,-0.002587053457574217
5062,-0.005641420211410245
5063,-0.0030681264674166722
5064,0.000409058735775996
5065,-0.004548807355936914
5066,-0.00650440841705506
5067,-0.004498252906351145
5068,-0.0005976710132889924
5069,-0.003420509775947135
5070,-0.004084776930929172
5071,-0.0018293464254747031
5072,-0.004365196072350166
5073,-0.0028607912584001916
5074,-0.004575009464034094
5075,-0.002874614682529218
5076,-0.0013518221345301881
5077,-0.0022716245697320565
5078,-0.005462139545750269
5079,-0.00769922177626043
5080,-0.0024363520898633
5081,-0.0022549863906804433
5082,-0.00016309784184856402
5083,-0.002937603728857003
5084,-0.004116425238370993
5085,-0.007396634134036011
5086,-0.005363850326294283
5087,0.001467330102913153
5088,0.003976693855438328
5089,-0.0005656264755720397
5090,-0.0014773063915169658
5091,-0.004850036565231468
5092,-0.0013642803647215193
5093,-0.007774011325729295
5094,0.00044101658096520543
5095,-0.00045719061062395386
5096,-0.002468102229971323
5097,-0.00696525833558647
5098,-0.004277652212859952
5099,-0.0038077101889136024
5100,-0.003030715222322393
5101,-0.00416699082834824
5102,-0.00818301944237914
5103,-0.0029709781312932497
5104,-0.0009593299117039919
5105,-0.0014014874599964783
5106,-0.0054960695517115195
5107,-0.0001294565484331947
5108,-0.0017682204043319022
5109,-0.005120972616223695
5110,-0.005564031180833571
5111,-0.0028817141636254782
5112,-0.0004524922957008376
5113,0.001161062797577498
5114,-0.00932443148372944
5115,-0.0027654381806656164
5116,-0.005008010611730437
5117,0.0034384868456419637
5118,-0.0016732635810020532
5119,-0.001152170742709735
5120,-0.0015165285935321154
5121,-0.003918781265790511
5122,-0.0023215513856693765
5123,-0.0040721895642922765
5124,-0.00686885468973638
5125,-0.0019411839012502818
5126,-0.0031502203522171396
5127,-0.0018618809195900983
5128,-0.0029902728075872007
5129,-0.0024147191056935503
5130,-0.0035511876313347387
5131,-0.0035911968054550235
5132,-0.005738960566650048
5133,-0.00538101702229327
5134,0.0029108421750054375
5135,-0.002404875894023783
5136,-0.004492092796573172
5137,-0.0024739447139126222
5138,0.0016979173134671899
5139,-0.006791443060182041
5140,0.0005413003137677841
5141,-6.085035484486301e-06
5142,0.0038665684793565344
5143,-0.007961882726164108
5144,-0.0014961415859027112
5145,-0.0015037722836994845
5146,-0.0017355284676864174
5147,-0.004586635952498568
5148,-0.0034905802554565067
5149,-0.002253040899690341
5150,-0.005935898505084681
5151,-0.0013409216983750437
5152,-0.0057014364068197765
5153,-0.002475899512541114
5154,-0.002673619223522397
5155,-0.001464202160250963
5156,-0.007265277234011217
5157,-0.002380695775290459
5158,-0.0030310458143050015
5159,-0.0067660823333619766
5160,-0.004850164236622212
5161,-0.0020764296965657923
5162,-0.000618452331812052
5163,-0.004559509862794648
5164,0.00022411772758006848
5165,0.003808932224179891
5166,-0.008189577744513774
5167,0.002314946696936975
5168,-0.002323036548883283
5169,-0.005470484950876403
5170,-0.0046106796214204215
5171,-0.003068465730084749
5172,-0.0011881870633489167
5173,-0.0060921287041414765
5174,-0.003690813985578946
5175,-0.0020648093266895304
5176,-0.0016468906137365284
5177,-0.004134123210498653
5178,-0.0017036062827246075
5179,0.00013572241639708826
5180,-0.008747596778661455
5181,-0.0035981112680809994
5182,-0.003629547415570214
5183,-0.0053439220613641265
5184,-0.003781012898994518
5185,-0.0008662731789443913
5186,-0.005324897921347091
5187,-0.0015128829184297005
5188,-0.004793829959059283
5189,-0.006247670292000018
5190,-0.0028668419278187578
5191,-0.00391547852548246
5192,-0.0031987883481749343
5193,-0.0063053389044768204
5194,0.00038796875617423676
5195,-0.0012914688594473783
5196,0.0035340398426477702
5197,-0.0007790965053447417
5198,0.0006098948788136223
5199,-0.009094047404007263
5200,-0.003414151924785759
5201,-6.186508593012188e-05
5202,-0.0017745211766407587
5203,-0.0025350028678845678
5204,-0.006121811783481666
5205,-0.007829950947766697
5206,-0.005564550986468443
5207,-0.0014410445616683983
5208,0.0026132604034054333
5209,-0.002693377533066449
5210,-0.006263501373130094
5211,0.00038559590482223
5212,-0.004411109944265867
5213,-0.0015523961944035394
5214,-0.003146096375169438
5215,-0.001509902317264146
5216,-0.004445560999464367
5217,-0.00424628542508261
5218,-0.004607159440250697
5219,-0.004883358249817945
5220,-0.0013645104690519771
5221,-0.00812313931419811
5222,-0.002998234153694119
5223,-0.006188053255278769
5224,-0.007313504827571551
5225,-0.002692545460433342
5226,-0.0009542961935609384
5227,-0.0009100386185114939
5228,-0.005027689026747842
5229,-0.004757146886468368
5230,-0.0058632639155610095
5231,-0.0014284568980087696
5232,0.002344417173646189
5233,0.002225178923438636
5234,-0.002011111804947587
5235,-0.0015991852700548252
5236,-0.003095231295008584
5237,-0.004062704110446971
5238,0.0014618026554726084
5239,-0.0026421111519303944
5240,0.0009839534658545035
5241,-0.004435672859650509
5242,-0.002962967734594816
5243,-0.0007723490106060805
5244,-0.001638895069215933
5245,-0.002212639818513388
5246,0.0038808303980915233
5247,0.0002926646867927006
5248,0.0020843555883400637
5249,-0.0009839656765769644
5250,-0.004019770367889586
5251,-0.003309778110349687
5252,-0.0034760345680843255
5253,-0.007457531937008887
5254,0.0019049688773675987
5255,-0.00617621416429142
5256,-0.005697298410945489
5257,-0.004616687782447778
5258,-0.0065436834788646266
5259,-0.003448279483073226
5260,-0.005006680184544504
5261,-0.005393609094377107
5262,-0.0017586183097604707
5263,-0.0001805956453651801
5264,-0.0009709545037846212
5265,-0.0053197841665010605
5266,-0.004981449788362548
5267,-0.004732342252553975
5268,0.0013742702647387
5269,-0.0005570201584441554
5270,-0.002101224633410226
5271,-0.007201729092861604
5272,-0.00045518466431106533
5273,-0.0049147071971210494
5274,-0.0007447379589851193
5275,-0.0016172516632413508
5276,-0.0028468013920899815
5277,-0.00024574499057908664
5278,-0.008445073272145567
5279,-0.003964653256053503
5280,-0.0019750100796065845
5281,-0.003353911401892923
5282,-0.0002855894069621473
5283,-0.00603364704804216
5284,-0.003883344192584043
5285,-0.007093024314266623
5286,-0.004872490086692639
5287,-0.0037151595070738334
5288,0.0005625927163255239
5289,-0.004223966191765918
5290,-0.00475172461188042
5291,-0.0010600432238824856
5292,-0.005219509091753602
5293,-0.0026808067195442827
5294,-0.0021620425688259753
5295,-0.0012939927479622831
5296,-0.0023065122283876353
5297,-0.0025788415933150795
5298,-0.002199381683938382
5299,-0.009065770386196766
5300,0.002013196588758207
5301,-0.004091951268713777
5302,-0.0041528695457952736
5303,-0.003666276066593855
5304,-0.008039037743717933
5305,-0.0020436409598154417
5306,-0.004087157325864538
5307,-0.003936410880743535
5308,-0.0011678530571740016
5309,-0.007431836302622133
5310,0.002930876047295739
5311,-0.005502376651227516
5312,-0.0046543700339917865
5313,5.4180521085051e-06
5314,0.000950811213345254
5315,-0.0017572779434526405
5316,-0.004601071842072139
5317,-0.005120337144565078
5318,-0.0005214344083761362
5319,-0.005802738655331329
5320,0.002663813448595266
5321,-0.004760095672791363
5322,-0.0010704809370022488
5323,-0.004198006671230617
5324,-0.0025620344869829725
5325,-0.006230815508829868
5326,-0.003038605149387537
5327,-0.002699311033009383
5328,-0.0018364719048458364
5329,-0.0027608421324710024
5330,-0.005204042976074703
5331,-0.003983764693825258
5332,-0.0017480204666220946
5333,-0.0014882126490652486
5334,-0.0014738030894669261
5335,-0.004767638573860627
5336,0.000581348809193135
5337,0.0076779912201980285
5338,-0.004979589497244315
5339,-0.007210715635867376
5340,-0.0020788564645380717
5341,-0.0016832313687350949
5342,0.0005262475013709592
5343,-0.00850732466160772
5344,-0.006915577077440137
5345,-0.004131084361877382
5346,-0.004168990717943702
5347,-0.004120906398423524
5348,-0.0006507052320997853
5349,-0.0017194625017797893
5350,-0.004887830585644071
5351,-0.002541840785565734
5352,-0.007976581935726593
5353,-0.003983773883174571
5354,-0.0038402025432020155
5355,0.0036181427470116066
5356,-0.005618767657200218
5357,-0.004644839370586958
5358,-0.0008224171375866285
5359,-0.0016450410880754808
5360,-0.0036228888042431004
5361,-0.0050583705458552425
5362,-0.0026038528841839104
5363,-0.007404213459952336
5364,-0.0014024028010794602
5365,-0.0022576488368038633
5366,-0.004746556125229506
5367,-0.002588670950823071
5368,-0.003632724900800688
5369,0.0005566059448513135
5370,-0.00017762776168497169
5371,-0.005550900252571538
5372,-0.0014219408308008344
5373,-0.007053735278685188
5374,-0.0021703234669832455
5375,-0.0049768086721438155
5376,0.0004472425837284688
5377,-0.0008610719810214773
5378,-0.00019656886350791908
5379,-0.004495144873091016
5380,-0.0023794409863154356
5381,-0.0003978112628785259
5382,-0.005393209491310044
5383,0.000660198451533995
5384,0.0004268876619776506
5385,0.0010810633194129407
5386,-0.006462964062588054
5387,-0.0049705338653556405
5388,0.002369340435229933
5389,-0.006898353978248714
5390,0.00046682395010240116
5391,-0.0006803635153648617
5392,-0.003999144110544445
5393,-0.0027323190936330496
5394,-0.0041738723686178675
5395,-0.0017443271716097337
5396,-0.004620673888845749
5397,0.00039689875885796574
5398,-0.00550280242726188
5399,-0.0031532620114338612
5400,-0.0025345478979867525
5401,0.000857726392686279
5402,-0.001148860692031902
5403,-0.0005874940542662035
5404,-0.007184652318903077
5405,-0.003484110862612067
5406,-0.005167544041635469
5407,-0.0024514528134586162
5408,-0.00713483090206582
5409,-0.006116358058217822
5410,-0.008764081350812726
5411,0.0003680204510116171
5412,-0.0037832057643961067
5413,-0.002716149152339368
5414,-0.0022749425545534677
5415,0.0008720578611487728
5416,0.001526119265755476
5417,-0.0011737601815784149
5418,-0.0019912173191100058
5419,-0.00388272231139589
5420,-0.0026430352214260704
5421,-0.0028414147062109825
5422,-0.006908536522359208
5423,-0.002540916557713817
5424,-0.000578376953897855
5425,-0.004484337224130948
5426,-0.002269265531339385
5427,-0.003701204578782466
5428,-0.009645154945326265
5429,-0.007012245686380213
5430,0.0004895527222818358
5431,-0.0005977999026188716
5432,-0.002178684600657444
5433,-0.003834456134880728
5434,-0.003414498586467061
5435,-0.006103596591466826
5436,-0.002962259900025452
5437,-0.0021896905644974325
5438,-0.0018635571797154596
5439,-0.008322298050869197
5440,-0.006737045944941539
5441,-0.0011533250847888116
5442,-0.002308675673885808
5443,-0.004791821256771214
5444,-0.0022420503400783567
5445,0.003246798198482413
5446,0.0004691256589121895
5447,-0.004133506706855913
5448,-0.00797275841411342
5449,0.0011671671067966898
5450,-0.0018837369171425533
5451,-0.005708657967536283
5452,-0.007855763399393402
5453,-0.003787232556228863
5454,0.000642967218793384
5455,-0.0030296139446867494
5456,-0.004069554176722431
5457,-0.006709297575445233
5458,-0.0030837641070956996
5459,-0.0048958334038826865
5460,-0.002349256555327854
5461,0.00448265676303021
5462,-0.007615377517062167
5463,-0.008556665824422199
5464,-0.003631534834425687
5465,-0.003174105809132046
5466,-0.0014635607251637026
5467,-0.003476707054096785
5468,-0.004430573573340955
5469,-0.0023538232983027936
5470,-0.005465273545204687
5471,0.0007467183914165662
5472,-0.002431454116293627
5473,-0.00022874849677838663
5474,-0.0004910828200609882
5475,-0.0044886241453685055
5476,0.0021169827181634626
5477,-0.0018322223405439243
5478,-0.003349677202919746
5479,-0.004378958521221554
5480,-0.00070970506362876
5481,-0.005368287392475579
5482,-0.0008286777328180735
5483,-0.002115144253533586
5484,-0.0012841599562399657
5485,0.000518896725609997
5486,-0.00046202569896532444
5487,-0.004063474466434028
5488,-0.00278976683629523
5489,4.3547728610475456e-06
5490,-0.0017283787142330122
5491,-0.005116156927738667
5492,-0.003973692529449572
5493,-0.0013514539803545778
5494,-0.003292056507957282
5495,-0.004251311769476223
5496,-0.0011528395991486605
5497,-0.0040883763445745715
5498,-0.0022636436272418133
5499,-0.0013762883506711343
5500,-0.006273470079269008
5501,-0.004131422150372502
5502,-0.001979456659337381
5503,-0.00512746645235012
5504,-0.004294140747347176
5505,-0.0025944194628441143
5506,-0.006415020119892489
5507,-0.003332489866851255
5508,-0.0033318460315364395
5509,-0.004175398063417261
5510,0.002548033245918166
5511,-0.0019269969480862174
5512,0.002687200933260917
5513,-0.00964933115539695
5514,-0.0007664952679357073
5515,-0.00025862188763486546
5516,7.844533246360169e-06
5517,0.0032615546330572558
5518,-0.010312869084114735
5519,-0.0001648164605290922
5520,-0.0003260577243780656
5521,-0.00298922290408982
5522,-0.0005957657607718742
5523,-0.002785200733714799
5524,-0.0017880681868285599
5525,-0.004986761957592654
5526,-0.0013967958160146718
5527,-0.003479340032322427
5528,-0.004389582868195373
5529,0.00042271669572951226
5530,-0.0031009990972253945
5531,-0.0015117276670821855
5532,-0.0008812430492770064
5533,-0.001402637326418446
5534,-0.0058449889623644925
5535,-0.003964722962149895
5536,-0.006525092770620931
5537,-0.0020988123204176805
5538,-0.008630105271866494
5539,0.0008233611660303022
5540,-0.005513299165144016
5541,-0.004036988742245135
5542,0.0004658572743148348
5543,-0.004224825037802339
5544,-0.0050730330083474905
5545,-0.003683039278364119
5546,-0.005314804767402176
5547,-0.0040084184472954365
5548,0.0002521807702242987
5549,-0.011263475230509364
5550,0.00041310058728397103
5551,-0.0016897305640938033
5552,-0.0008933632829091487
5553,-0.0037276330183565187
5554,0.0016128170194073393
5555,-0.00375081793492648
5556,-0.006027921889420924
5557,-0.004927264942468423
5558,-0.0005315568791347536
5559,-0.0018829919267300196
5560,-0.0023622207840264253
5561,-0.001051017352316403
5562,-0.007455953310617762
5563,-0.0052725814656529035
5564,-0.001799680979822034
5565,-0.004159546953656182
5566,-0.004079149621295831
5567,-0.0050948198559117655
5568,-0.007595039210089437
5569,0.0014791955082818914
5570,-0.0014198242903691038
5571,-0.003266980388611729
5572,-0.0011584838666030203
5573,-0.005157396863650958
5574,-0.0007693742395656934
5575,-0.004682751673133378
5576,-0.0037562864709029357
5577,-0.0022391739015301462
5578,-0.00099016819501661
5579,0.0018927236020088896
5580,-0.0001334438755132908
5581,-0.0035060735721325065
5582,0.0030957908512345388
5583,-0.00010016613334976401
5584,-0.0055208339124746784
5585,-0.0021487136951207457
5586,-0.006147811381394735
5587,-0.0035268073667989452
5588,-0.0014697992898338938
5589,0.0007434297873451963
5590,-0.008431975741298989
5591,-0.0027029248712061374
5592,-0.004625089080270272
5593,-0.005179448744352066
5594,0.00030478481646496747
5595,-0.00378877044295264
5596,-0.001724384724832148
5597,-0.0015808940996267437
5598,-0.0035982171812220243
5599,-0.0013307621169604926
5600,-0.0031097645335129986
5601,-0.000623637867826321
5602,-0.005419563141924193
5603,0.0018605684856603556
5604,-0.0061410739819135925
5605,-0.0051171303295567926
5606,-0.005531149305331141
5607,-0.0031150998954991536
5608,-0.0017289140498341626
5609,-0.005240355946669346
5610,-0.00439293502041117
5611,-0.004252422533623942
5612,-0.006350596321427954
5613,-0.005802540598745413
5614,-0.004995449737044987
5615,-0.002537298921457855
5616,-0.0025180837037955296
5617,-0.004897125216715818
5618,0.0013038986930977783
5619,-0.0014855465748377858
5620,-0.006526161852665333
5621,-0.004622135570752271
5622,-0.002291680371942259
5623,-0.00560354083531707
5624,-0.004425384200115956
5625,0.0006165266593604161
5626,-0.005111439379827186
5627,-0.0031096958726909638
5628,-0.005107759169391598
5629,-0.005053416498776445
5630,0.0030969157295886174
5631,-0.004715443233276488
5632,0.002398902428673775
5633,-0.001675786588292344
5634,-0.0016395797609782235
5635,-0.004002868275658735
5636,0.0002238709217327016
5637,-0.0038306678499171014
5638,-0.0004951022646574321
5639,-0.0018044866943453773
5640,-0.0036892653259170682
5641,0.00018481621965062492
5642,-0.0075912800991912305
5643,0.0005754958816542727
5644,0.002930539017884499
5645,-0.00172579346571744
5646,-0.0073073262334165424
5647,-0.001819290786263656
5648,-0.004945544030132008
5649,-0.006166232036382127
5650,-0.0012326260462799006
5651,-0.00280177598097104
5652,-0.003316900106726847
5653,-0.0036580048203615906
5654,-0.0020690673136435703
5655,-0.0010197830980525797
5656,-0.0033328992082599478
5657,-0.005338859076569578
5658,-0.0036896601551131385
5659,-0.0039471181622657316
5660,-0.005779891039572264
5661,-0.0007793507705684405
5662,-0.0009684570196185627
5663,-0.0025892829490892118
5664,0.0007292429044200369
5665,-0.003680808521219995
5666,-0.0032289999773023083
5667,0.0007411357312346045
5668,-0.001112279056668622
5669,0.0031799133249058448
5670,0.00019951922145191453
5671,0.001590134473229532
5672,-0.0001310923967196738
5673,0.00022551252437623404
5674,-0.0010999198095390308
5675,-0.00732918327445848
5676,-0.004674017587280102
5677,-0.001515762807902419
5678,-0.0007502836979790262
5679,0.0004207728832441651
5680,0.0004801683070228928
5681,-0.0037541275228467237
5682,0.0018839238613109176
5683,-0.0009589882575941171
5684,-0.0019523096218169549
5685,-0.00391882721314462
5686,-0.002658356381646066
5687,-0.0021217374141455463
5688,0.001316466868901335
5689,0.001042218779391646
5690,-0.007146429095144631
5691,-0.0023002741135261795
5692,-0.007399166341877945
5693,-0.005564344248587219
5694,-0.006716741354385453
5695,-0.003392065824263997
5696,0.0010918926101037216
5697,-0.005075264239218426
5698,-0.006043106780849711
5699,-0.004540805483100464
5700,-0.0067878926452675376
5701,-0.00801063519432969
5702,-0.003332744002811333
5703,-0.004339082310023244
5704,-0.00021773455332255165
5705,-0.0031332181793138937
5706,0.0027345480031409734
5707,-0.0034211655439937254
5708,-0.006015318622669602
5709,-0.004745760274008047
5710,-0.002460163517941878
5711,-0.0034814025336624976
5712,-0.0005705490400472191
5713,0.003023343111291439
5714,-0.007234918206484177
5715,-0.00496480028274526
5716,-0.00349086949740883
5717,0.0004338274635638101
5718,-0.007469691612677364
5719,-0.003520305674791349
5720,-0.0074789075289305035
5721,-0.007475152394180427
5722,-0.007250962660971513
5723,-0.0029711667014274343
5724,-0.007538403473238281
5725,-0.003895770771402171
5726,-0.0007214291318746943
5727,-0.0013374664346635125
5728,0.007268785625466033
5729,-0.0019398201638072543
5730,-0.006205846666108537
5731,0.0009495213568885587
5732,-0.0009739092323475113
5733,-0.003913069363016032
5734,-0.0035452140267773317
5735,-0.004094435565997378
5736,-0.002230549266016575
5737,-0.008787458122308033
5738,0.001776214031753466
5739,-0.004722532002468381
5740,-0.00527875320860988
5741,-0.001431843804480519
5742,0.0005723902579607906
5743,-0.0015674870096305839
5744,-0.00042524396156255057
5745,6.376999444466028e-05
5746,-0.004686131146050994
5747,-0.002359418410319142
5748,-0.00136827813419119
5749,-0.006151145531172308
5750,-0.0022320689689749387
5751,-0.004997117838837016
5752,-0.004659475325176639
5753,0.00022945730869907213
5754,-0.003228312096929968
5755,-0.0066162578430638795
5756,-0.006012501271317566
5757,-0.00556482788207564
5758,-0.0010924939691912793
5759,-0.0005763791741509733
5760,-0.0007316492477364295
5761,-0.006212768425293492
5762,-0.004251331823298652
5763,-0.0028542688977630584
5764,-0.0016283667781272285
5765,-0.0026718750215659302
5766,-0.0014294889768183307
5767,-0.004020014895374846
5768,0.0005601428493781369
5769,-0.002050502017392611
5770,-0.006226441622896598
5771,-0.003722928283945534
5772,-0.007555145484314553
5773,-0.00255152088343949
5774,-0.010536770123682412
5775,-0.005012055822510943
5776,-0.0001981949042998421
5777,-0.004768467799142039
5778,-0.0010937932611505344
5779,0.002547337913623604
5780,-0.005405565454564196
5781,-0.004875555057311957
5782,-0.003835365237500034
5783,-0.0015522114918607756
5784,-0.0009566357772756197
5785,0.0020947302175082123
5786,0.0021903717115270456
5787,-0.004967980527273347
5788,-0.006833125699177663
5789,-0.006659034566023493
5790,-0.0008761579956625062
5791,-0.008242045133867178
5792,-0.003033520797511055
5793,-0.003465616043224637
5794,-0.002814619711551499
5795,-0.0030355907591086
5796,-0.003952791196888163
5797,-0.00035533710986911105
5798,-0.0024809804325182233
5799,-0.004976445159480862
5800,-0.004966132901170983
5801,-3.7597699912989002e-06
5802,-0.0012805078473747261
5803,-0.00584347790026743
5804,0.0023564647466925194
5805,-0.0022350795696798043
5806,-0.002804061356170586
5807,-0.00042489254500479093
5808,-0.0001757546810799912
5809,-0.008946844172333466
5810,-0.0001888753081113262
5811,-0.001514607363829551
5812,-0.003945932264965413
5813,-0.003060463073686938
5814,0.003359873425737226
5815,-0.009789519237334218
5816,-0.004355423277676143
5817,-0.0042717988777288725
5818,-0.0017979804836228547
5819,-0.0018889263310440767
5820,-0.003565648222470172
5821,-0.0017679412055158494
5822,0.005221628726247596
5823,0.00046182759254476125
5824,-0.004872666773065245
5825,-0.0023628030115549134
5826,-0.003526070071082462
5827,-0.005250661761039631
5828,-0.0020504354899974417
5829,-0.007051078022423149
5830,-0.0011269019813305303
5831,-0.000805376567557449
5832,0.003736301808377772
5833,-0.0007967101798832324
5834,0.00235660252373477
5835,-0.001542992482057269
5836,-0.006954835984295138
5837,-0.005653276510577048
5838,-0.0038589972027847433
5839,-0.0018543955738808023
5840,-0.00047042544271855627
5841,-0.003949442833008323
5842,-0.002603275117312367
5843,-0.005869628025128682
5844,-0.003016796875799293
5845,0.0032199486751500785
5846,-0.005168126270922255
5847,-0.0015036909078520871
5848,-0.006110409660822276
5849,-0.008903454565936577
5850,-0.003023013761573122
5851,-0.008032095929775593
5852,-0.0033359578431237658
5853,-0.002611348423623667
5854,0.002428943173057394
5855,0.0009022890028453044
5856,-0.007847523971772977
5857,-0.0012289734985217772
5858,-0.005662550422939783
5859,0.0007093296150678906
5860,-0.0064388559066696285
5861,-0.0013340996440657886
5862,-0.0034227085286545403
5863,-0.0031256002374977186
5864,0.000981514765118919
5865,-0.001505764758228667
5866,-0.006019114574567188
5867,-0.0018393597157684571
5868,-0.0010673028704203495
5869,-0.001916995566066882
5870,-0.004730485026738188
5871,-0.004008213945849444
5872,0.002083294982273616
5873,-0.0037453201456982207
5874,-0.0011526573271001574
5875,0.001132581211316732
5876,0.0004735081009829209
5877,-0.008060583165422408
5878,0.00045996825858130724
5879,-0.00668678028859843
5880,-0.005403634841981524
5881,0.0012159819661218124
5882,-0.002122694729653221
5883,-0.0006585384310759043
5884,-0.0008986697182143573
5885,-0.004213870715554818
5886,0.0016301838594651175
5887,-0.0046349731020062825
5888,-0.004247198094081955
5889,-0.002393153005384868
5890,-0.0018784233112675956
5891,-0.0040519313638073436
5892,-0.004879141546963013
5893,-0.005638426384493109
5894,-0.003290149696570061
5895,0.0007671294825198835
5896,-0.0014311534505855213
5897,-0.0014913012431903017
5898,-0.004984589806789629
5899,0.00031598739296418224
5900,-0.0006223846653615195
5901,-0.005349456939279608
5902,-0.0030165769231534946
5903,-0.007059276316878606
5904,-0.002156599830323406
5905,-0.0018334584390990206
5906,-0.0009322792283451148
5907,-0.0016512312841382437
5908,-0.004173615051702453
5909,-0.004830294926404008
5910,-0.008276740817800134
5911,-7.12614006118939e-05
5912,-0.001695979541041108
5913,-0.004305750856059283
5914,-0.00502839764702737
5915,-0.004620531607584823
5916,-0.006682056508833179
5917,-0.005818276446034838
5918,0.0004998567109978334
5919,-0.0041276958388971885
5920,-0.0034528985950965756
5921,-0.0022409266134943012
5922,0.0005494519506961705
5923,-0.002045393566188429
5924,-0.0026399071028133207
5925,-0.002274887168517096
5926,0.0020911680385727605
5927,-0.003952347586247334
5928,-0.00010311860882906282
5929,0.0008211201875048188
5930,-0.0020844488164341937
5931,0.004019012248422611
5932,0.0005948746914000089
5933,-0.007481035594581284
5934,0.001593208865106048
5935,-0.0007028401510470669
5936,0.00033177034115450255
5937,-0.0013631469449078108
5938,-0.0033556721523956175
5939,-0.0030760652835103985
5940,-0.0032609002489766004
5941,-0.0005300083104750539
5942,0.0009839270472489607
5943,0.004477847217635916
5944,-0.003210520089515216
5945,-0.006763363568071678
5946,0.0010769318876288694
5947,-0.004722415904256198
5948,-0.0019020135242779623
5949,-0.0017598537619937515
5950,-0.0022833537341384776
5951,3.7967810454675455e-05
5952,-0.0010393430792349813
5953,-0.0066626752345869435
5954,-0.00029666152254837624
5955,-0.0018470114180743
5956,-0.0020963995151963774
5957,-0.0040665664086113225
5958,-0.004851585250311232
5959,-0.0011661585435073889
5960,-0.006973666556000575
5961,-0.010624491494383857
5962,-0.003183498338812398
5963,-0.002372767820633566
5964,-0.0040132094747198956
5965,-0.00420681769400327
5966,-0.005793517276933873
5967,-0.0021115025441685864
5968,-0.0041356847439600435
5969,-0.005856625662050103
5970,-0.0020568832347224106
5971,-0.005088433660378228
5972,-0.006769501954691334
5973,-0.0017422370451172856
5974,0.0007552562283532384
5975,-0.004706828658733016
5976,-0.003923381845185193
5977,-0.009231683147015883
5978,-0.003694335818729154
5979,-0.0024867380142045495
5980,-0.005278862168328499
5981,-0.007556136140038642
5982,0.00018620034834528065
5983,-0.006236471801607621
5984,-0.002127582268562845
5985,-0.00390753344610998
5986,-0.00251928443329371
5987,-0.005700333880142197
5988,-0.0011036053048453232
5989,-0.005225373087425638
5990,-0.012316834212521863
5991,0.0024909945312287345
5992,-0.0010928813438787488
5993,0.00039126929489500736
5994,-0.00549788732940313
5995,0.005624596810273285
5996,-0.002511900642203309
5997,-0.00518154979146046
5998,-0.0027199815113003872
5999,-0.008060950595126137
6000,0.0007698476905054867
6001,-0.006890904819514921
6002,-1.5312436152405823e-05
6003,-0.003020056207792155
6004,-0.006842523831244458
6005,0.0005943567837852284
6006,-0.006125840958997243
6007,-0.0012608579407197007
6008,0.0015006722889868707
6009,-0.00202128354171199
6010,-0.005455810248764483
6011,-0.0014090991340125515
6012,0.0033860130571477486
6013,-0.006249664058413415
6014,-0.005299089483519731
6015,-0.003613240211019199
6016,-0.0078006199637489955
6017,-0.0048166795821884024
6018,-0.005937272384271445
6019,-0.0021419148003837298
6020,0.0017257616332494452
6021,-0.0067409779205321214
6022,-0.0003796477801647352
6023,-0.0035282760713696362
6024,-0.0019462204725247331
6025,-0.004120583595904375
6026,-0.0005793874200039142
6027,-0.0015139812326527835
6028,-0.0052838322849831885
6029,-0.0029401893797320403
6030,-0.0008761726642106393
6031,0.003340514859148904
6032,-0.0023231337263054062
6033,-0.003029148030150447
6034,-0.002566408671155304
6035,-0.005212184619934564
6036,0.0003622591062675748
6037,-0.003776501041754095
6038,-0.0025598727403629735
6039,-0.004793746444265303
6040,-7.77825478435884e-05
6041,-0.0013278239448487744
6042,-0.003287777240201479
6043,-0.0029306726446635435
6044,-0.008391872529165578
6045,-0.003866348700635236
6046,-3.577864357398597e-05
6047,-0.002002566895319236
6048,7.246697413036338e-05
6049,-0.005348913554493323
6050,-0.00730197120395604
6051,0.0010079128342968605
6052,-0.006874726463552982
6053,-0.0032013448961131473
6054,0.0008300265810801261
6055,-0.008270697457984796
6056,-0.005290074043524162
6057,-0.00203139411313593
6058,0.0007824403188012446
6059,-0.0032421203419881785
6060,-0.0007251967741536726
6061,-0.004639390562879778
6062,0.0002563237410015025
6063,-0.005205356337082415
6064,-0.006135112209014609
6065,-0.00324852088063414
6066,-0.004308618692062609
6067,-0.001282094344704287
6068,-0.002883655034976111
6069,0.00021034132946424686
6070,0.0009165712186553175
6071,-0.003110107686355404
6072,-0.0037071058770029516
6073,-0.004198778268669826
6074,-0.009120957183707094
6075,0.00038060800672504863
6076,-0.004529252287049323
6077,-0.0006761606395747979
6078,0.00016724221611979367
6079,-0.003482627263179293
6080,0.0006460705921002841
6081,-0.0003259999127502855
6082,-0.0003220275059155793
6083,-0.0032353336443446783
6084,-0.0030337207728755
6085,-0.004066982291541465
6086,-0.0027322297005459052
6087,-0.0036966647199086072
6088,0.0015469389283785523
6089,-0.006103595611800301
6090,-0.003616005248736856
6091,-0.0019588937406563
6092,-0.003670173775539496
6093,-0.005576543444359157
6094,-0.0031634928146730933
6095,-0.0023995314719767874
6096,-0.003989376321885906
6097,-0.0053414538667248684
6098,0.001820300669587653
6099,-0.0034171364278458086
6100,-0.004463013124284761
6101,0.002275444854198498
6102,-0.0030716414281997603
6103,-0.004216173232882252
6104,-0.004170294664976235
6105,-0.0045137119909842705
6106,0.00012118512880464338
6107,0.001765777624694001
6108,0.0009759389778508376
6109,-0.012437419590133367
6110,-0.005676546934729063
6111,-0.0043915128174655226
6112,-0.005708582788988552
6113,-0.002940462019634285
6114,0.0017760416907247126
6115,-0.003977054686843447
6116,-0.0044178538417516885
6117,-0.005922069400499011
6118,-0.0036645460459335012
6119,0.0007605897532191423
6120,-0.0048710843665360805
6121,-0.002790003301949749
6122,-0.001637694591403175
6123,-0.0017162517750682824
6124,-0.004416497046174646
6125,-0.0025741439274866336
6126,-0.0008136522228633751
6127,-0.0029524731966442085
6128,-0.0058978883768212136
6129,-0.009936043378229776
6130,-0.003612212161555498
6131,-0.002700137573370523
6132,-0.004127985156061553
6133,-0.007527531978334931
6134,-0.002820338510237972
6135,-0.0032392683282605056
6136,-0.007670462607997364
6137,0.00029348951149704705
6138,-0.000890543227272507
6139,-0.002271917363342653
6140,-0.003403517529028316
6141,-0.0017778554537455568
6142,-2.6536388256351295e-05
6143,-0.003970382813664467
6144,0.001005303254502675
6145,0.00022082100511972014
6146,0.0030109613356941803
6147,-0.005744757737193046
6148,-0.007067361073377874
6149,-0.0010773481129277424
6150,0.0007944043550677862
6151,-0.00032277200674093315
6152,0.0025789560277677155
6153,-0.005343845875135391
6154,0.00222444143608367
6155,-0.00028839723487995156
6156,0.0008357844886450645
6157,0.0013648779324767803
6158,0.0012739193134943608
6159,-0.0006914864097647168
6160,-0.004231810255278315
6161,-2.8179521703544652e-05
6162,-0.006498654193357625
6163,-0.006043232595891786
6164,-0.0003014348576336201
6165,-0.0011206051861156544
6166,-0.0002495252313449818
6167,-0.0032582488172722725
6168,-0.0010665027371505043
6169,-0.003354192575012148
6170,-0.0008750397790545233
6171,0.001095032518355292
6172,-0.005333531605450047
6173,0.002466316980867373
6174,-0.002978018211582313
6175,0.00246676657450148
6176,-0.0015293663161987936
6177,-0.0013326448949529425
6178,-0.009833829520943256
6179,-0.0008006085864672371
6180,-0.0018421630790172693
6181,-0.0010234823166115972
6182,-0.000583497351321783
6183,-0.00014888420512857575
6184,-0.005788200057364051
6185,-0.0077108335203170154
6186,-0.007781580577203885
6187,0.0001561160665743376
6188,-0.005713087037275657
6189,-0.005004004029972198
6190,-0.005459359938884793
6191,-0.006059168685556844
6192,-0.002347152687379537
6193,-0.004710855474141955
6194,-0.0028610572527330014
6195,-0.006371415503989678
6196,0.006134632242757419
6197,0.00012094540605962767
6198,-0.0019265526540564112
6199,-0.0028923860064571268
6200,-0.0080304820140095
6201,-0.0027711544966903916
6202,0.0015855491376378025
6203,-0.0022015885452268957
6204,-0.0028060297943953046
6205,-0.0019478379535049287
6206,-0.00510513338039946
6207,-0.0028447359030192854
6208,-0.0019630851852622394
6209,-0.007311150290523368
6210,-0.0035717725457297123
6211,-0.009584278323194754
6212,-0.003256064508717991
6213,-0.0035591628712187268
6214,0.0010045206577916875
6215,-0.00010649734000441058
6216,-0.004150506621657085
6217,-0.0019530199777572609
6218,-0.004045300148245529
6219,-0.006168877602937016
6220,-0.003385321785633999
6221,-0.008382973258304612
6222,-0.005246576429543237
6223,-0.0062820244396136656
6224,-0.0005316083641735171
6225,-0.0037755465478014477
6226,-0.008820445901108101
6227,-0.0036568455148242897
6228,-0.005213536780941087
6229,-0.006911621749365625
6230,-0.00397075977852876
6231,-0.003970677421093173
6232,-0.005123279075511418
6233,-0.0011225036255438532
6234,-0.0038943235751313157
6235,-0.0060275183126841
6236,-0.003762047057158515
6237,-0.0010765810463535704
6238,-0.006328460923309458
6239,0.00041965367537669107
6240,-0.005765203098472362
6241,-0.002905072454709126
6242,-0.0029542430275248457
6243,-0.004327101874740148
6244,-0.002687868043485281
6245,0.0002880270252410208
6246,-0.0016164648866135757
6247,-0.00789760772191788
6248,-0.00225617578479256
6249,0.000674684444013085
6250,-0.00326313034027486
6251,-0.0033262957366720428
6252,-0.004978097848077533
6253,-0.004441305813014974
6254,-0.004260451069272794
6255,0.0019578251637683702
6256,-0.005674301731775501
6257,-0.0038103414518610434
6258,-9.927357420348726e-05
6259,-0.00772782835052983
6260,-0.0021447025880617712
6261,-0.005261814486354103
6262,-0.004906814443585029
6263,-0.0037741221750851213
6264,0.00032524476703630137
6265,-0.004170820348587529
6266,-0.0030417049750845644
6267,-0.00683440311325878
6268,-0.0050054980665700174
6269,-0.0015725589886692141
6270,-0.0050721560159175914
6271,-0.0058956426665339075
6272,-0.00930145593710403
6273,-0.0019534356984253
6274,-0.002965030521802997
6275,-0.0026316243511863846
6276,0.0017711407401332056
6277,-0.00011427132844413213
6278,-0.009426427665353274
6279,-0.0025052651141775142
6280,-0.0005540123203195413
6281,-0.0009535851159935549
6282,0.00124879325858087
6283,-0.0017002899994588497
6284,-0.00131833668862881
6285,-0.005938183878808616
6286,-0.0031609747719191367
6287,-0.0033627124968582042
6288,-0.0022345064145163525
6289,-0.0035190196291241156
6290,-0.003258948934583634
6291,-0.007862608297538515
6292,-0.00391111464039872
6293,-0.0024182313274716052
6294,-0.0024538730124999027
6295,0.004866470275057721
6296,0.002462400863469747
6297,-0.003234066242260889
6298,-0.007622110645714358
6299,-0.00552392990412006
6300,-0.010090786062424893
6301,0.002376355428693286
6302,-0.0012068377695580862
6303,-0.00594411772884796
6304,-0.005563829110611415
6305,-0.001531992809803262
6306,-0.0024006844592136672
6307,-0.00608788851145161
6308,-0.001020557849523658
6309,0.002830343211650564
6310,-0.002116047357195179
6311,-0.006923109539458301
6312,-0.005734605555981046
6313,0.0009351740672904722
6314,0.00030166478067204794
6315,-0.0009826408380033576
6316,-0.004467960873824416
6317,-0.005899145619078911
6318,0.0005471764073543134
6319,-0.003121357684079531
6320,-0.005115877236929207
6321,-0.004709804377005734
6322,0.002272986562733198
6323,-0.0011662299994718642
6324,-0.003367537293728337
6325,0.0005435713917674688
6326,-0.0009393156089328551
6327,0.001180931045285695
6328,-0.0031905275426563975
6329,-0.0024403820321912857
6330,-0.004654991937579671
6331,-0.004491457691368713
6332,0.0006739822289756475
6333,0.00037451156315145007
6334,-0.0030370802330622025
6335,-0.0025090963161595523
6336,-0.004192165818100696
6337,-9.02484670234141e-05
6338,0.0012389253686560867
6339,0.0017027417575896896
6340,-0.003956256048740031
6341,-0.005675235707679662
6342,-0.008310743365110507
6343,-0.005524053530454903
6344,-0.005794894255152502
6345,-0.0014553651398473422
6346,-0.004324506392357822
6347,-0.002501839432229626
6348,0.00043840588305867415
6349,-0.0008938956471094342
6350,-0.004813823787505736
6351,-0.0007290697173924568
6352,-0.00143515005498367
6353,-0.005203789427750481
6354,-0.0028062911596564884
6355,-0.0038368353918762366
6356,-0.002536962955794843
6357,0.003081595407769075
6358,-0.006833221245293793
6359,-0.004002550244090568
6360,0.002697715795825374
6361,-0.003074399409876829
6362,-0.000529584647590637
6363,-0.0052763119955382964
6364,-0.004929423845100169
6365,-0.002012019991248535
6366,-0.0033425667467080478
6367,-0.0003955005195224251
6368,-0.00044319411262760955
6369,-0.0025921022463831628
6370,-0.0037811222587238458
6371,-0.0035628822594969203
6372,-0.0032366667636329234
6373,0.005211256317376848
6374,0.0008411505207352107
6375,0.004942035756161874
6376,-0.0033117578487327423
6377,0.00154324533446671
6378,-0.003169756570362614
6379,-0.0009876189440654742
6380,-0.0035696613417239703
6381,0.0007490453363704838
6382,-0.007442955536714924
6383,-0.0033802491486676217
6384,-0.0038256943277705235
6385,-0.0028759849324100258
6386,-0.005388618515087817
6387,-0.0073658467671790795
6388,-0.00017885421131198093
6389,0.001066831347048828
6390,-0.0061539779319253855
6391,-0.00274279228773109
6392,-0.002343804138175788
6393,-0.004208930921398655
6394,-0.004472897224533937
6395,-0.004265425958666295
6396,-0.0017246464688455698
6397,-0.005077471348544936
6398,-0.0017969030426851634
6399,-0.006655829805833121
6400,-0.0037426621200998093
6401,0.0011948696363987509
6402,-0.000609233108082731
6403,-0.0004680887612030435
6404,-0.0073670354143012574
6405,-0.003177646666505222
6406,-0.0017560092791727606
6407,0.00029739708226851624
6408,-0.007311085574892268
6409,-0.0030907263331513488
6410,-0.0018409589677649552
6411,-0.0025572506496215758
6412,-0.0048693080564270914
6413,0.001692021440602584
6414,-0.0008675555694195071
6415,-0.0038256340625715188
6416,-0.0041945063377372
6417,-0.0022159283024324045
6418,-0.0029659647461239003
6419,-0.0010186594005665295
6420,-0.00736596491934911
6421,-0.0022460805970648534
6422,-0.0020077788987218383
6423,-0.002768030599916378
6424,-0.000287791738389713
6425,-0.005945229073192018
6426,-0.0031221482317221882
6427,-0.0008555733918146138
6428,-0.006358601957742609
6429,-0.0042627290967979375
6430,-0.0018308553652282358
6431,-0.004061982062728984
6432,-0.0011226924648852638
6433,-0.003041866661533773
6434,-0.004468877217325001
6435,-0.0054467863129556565
6436,-0.008447662039928857
6437,-0.0037260770653786066
6438,-0.0009182250118733165
6439,-0.005337468918590934
6440,-0.002764525554312048
6441,-0.0020651923837452756
6442,0.0013858612554567863
6443,-0.005051567836765098
6444,-0.003344157215519096
6445,-0.007232785521756723
6446,5.3683948876556004e-05
6447,-0.00047622200765752576
6448,-0.009032760004312773
6449,-0.006055307988397356
6450,-0.003674646423518533
6451,-0.002873827806440632
6452,-0.0023633723027472672
6453,0.004126124159728888
6454,-0.004668243766122283
6455,-0.0002712452886111001
6456,-0.0015114747218611252
6457,0.0012911316460652751
6458,-0.0037935467877759817
6459,-0.0033041202821489195
6460,0.0008872064476470216
6461,-0.002677997043777601
6462,-0.0019426606015834867
6463,-0.002406376259212091
6464,-0.008414327624501297
6465,-0.002344083051495284
6466,0.0002169810266426514
6467,-0.003436190379765249
6468,0.0024036698717034774
6469,-0.006529909356060744
6470,0.00038972142326862066
6471,-0.001109150594118976
6472,0.0033314839799484172
6473,-0.007236465896648486
6474,-0.0020544363622411743
6475,-0.0005622340405498881
6476,0.0010152542988855866
6477,-0.010488817034654839
6478,-0.0004896246301500755
6479,-0.0069515282081201064
6480,-0.006214439638631178
6481,-0.0037514530025976253
6482,-0.0020726960568355907
6483,-0.0038758339585682547
6484,-0.008415424060374693
6485,0.0008755028015044117
6486,-0.0030741773968186795
6487,-0.002604369496898167
6488,-0.004659845728705925
6489,-0.005144987510929948
6490,-0.010179876156729793
6491,-0.0023920385876758654
6492,0.001141947389497782
6493,-0.005876173655817021
6494,-0.0026558913679231924
6495,-0.0007123078164666119
6496,-0.0013598336704816263
6497,-0.003402418733451807
6498,-0.003517390123765441
6499,-0.0020810881999425504
6500,-0.004481696292462107
6501,-0.002049472490061769
6502,0.00033337838150367116
6503,-0.00026910290773296194
6504,-0.0028363161087314216
6505,-0.0029621888631215752
6506,-0.0033223891124273056
6507,-0.0019356094258577775
6508,-0.0013601634132830685
6509,-0.0019813467205600822
6510,-0.0022157082564441127
6511,-0.0033864403867807473
6512,0.00246961748935395
6513,-0.00271892179777148
6514,-0.005518696847295192
6515,-0.0014603871167411138
6516,-0.006049990849288103
6517,-0.006870345488133579
6518,-0.005265862130466488
6519,-0.004796744680776819
6520,-0.003570071858650225
6521,-0.0028187073016795183
6522,-0.004985095357314097
6523,-0.0035951194169144135
6524,-0.0008262841600725698
6525,-0.0006595404642700635
6526,-0.0034368622765894342
6527,-0.0008585227964562903
6528,-0.00255760252851368
6529,-0.003738166711861609
6530,-0.003915559515267009
6531,-0.0025495010335311596
6532,-0.0043100450310332925
6533,-0.006342299578085589
6534,0.0030024182394658705
6535,-0.0027444889746080607
6536,-0.005025873910434426
6537,-0.0030901204869864043
6538,-0.007614291355689685
6539,-0.0009198886739014631
6540,-0.002275993390488295
6541,-0.006567428722009917
6542,-0.004047655373136866
6543,-0.005857949327622278
6544,-0.003999064777925616
6545,-0.003196777150510255
6546,-0.0029551329314721486
6547,-0.00515862909485729
6548,-0.005700470054901825
6549,-0.001178274932058944
6550,-0.0013667712828070167
6551,-0.003514310728644717
6552,-0.0036828191173516774
6553,-0.003208649812194094
6554,-0.004389676179336145
6555,0.00082089531255242
6556,-0.0019783759664075487
6557,-0.0025640146162415924
6558,0.002115593320152216
6559,0.0008252350591141586
6560,-0.0033633948038908866
6561,-0.001909475610120448
6562,0.00023297422345121624
6563,-0.0012179436723843001
6564,-0.007027563848905367
6565,-0.003269831352392512
6566,-0.00501237890886445
6567,-0.002654913515782481
6568,0.000882081820181662
6569,-0.001383793837005036
6570,-4.62190512290489e-05
6571,-0.009674079347010894
6572,-0.0067008535249540035
6573,-0.007873212717887778
6574,-0.0037554943220090738
6575,-0.004724690841544692
6576,-0.010757382283497291
6577,0.0006540951137579097
6578,-0.004282310130696451
6579,-0.005083622150492052
6580,-0.005302717267420418
6581,0.00018493981227484316
6582,-0.003717769616227388
6583,-0.0024288006899945355
6584,-0.0025988043011605823
6585,0.0004005190243014517
6586,-0.006216213148521908
6587,0.0006600487413448777
6588,-0.007100565076130893
6589,-0.005830473634659671
6590,-0.0029393276069430326
6591,-0.0034608490183379477
6592,-0.0021044893346606787
6593,-0.0008486628889057234
6594,-0.007593713217773537
6595,-0.004361379775422988
6596,-0.003324904005160438
6597,-0.005080154514586616
6598,-0.007212273775483342
6599,0.002927159431564047
6600,0.0039910084424100885
6601,-0.003710725790799462
6602,-0.006560858192235473
6603,-0.006690870831444144
6604,-0.0022563961199864174
6605,-0.004688066086408357
6606,-0.007191410718824051
6607,0.0005025037365362327
6608,-0.0068121694475797336
6609,-0.003451518912291531
6610,-0.002731282040120714
6611,-0.008305035075806502
6612,-0.0071307023373886405
6613,0.0013907753382018627
6614,-0.0009095173407343282
6615,-0.0031150354174744425
6616,0.004122468821454957
6617,0.0036395518672527397
6618,-0.0003195285821213263
6619,-0.0012149445137758855
6620,-0.0020479667062269988
6621,-0.004194965181409417
6622,-0.0012203544051622092
6623,-0.0036512228473156057
6624,-0.00235547377556819
6625,0.003743487450881461
6626,-0.00564460645055399
6627,-0.0035361637936032614
6628,-0.003286537753435969
6629,1.3906301002303972e-05
6630,-0.0034722266580572876
6631,0.0013635895565472927
6632,-0.0025492598273254598
6633,-0.009044747602942035
6634,-0.0008839016633551272
6635,-0.006016509074755216
6636,-0.0039032504754809016
6637,-0.004044434704883412
6638,-0.003318588841215473
6639,-0.007605880322229433
6640,-0.004307368502080685
6641,-0.004873888817931757
6642,-0.003850578773077474
6643,-0.00021982079802330273
6644,-0.0004715845276784432
6645,-0.0008364575584436686
6646,-0.002154959657908132
6647,-0.0007792335359824119
6648,-0.004332937912333832
6649,-0.003213226325644379
6650,-0.00831229772149858
6651,-0.0022080396737972838
6652,-0.0015408839225299065
6653,-0.006187623499609579
6654,-0.0008695732021691271
6655,-0.005979643454930076
6656,-0.002102409960543443
6657,-0.0009736200530321634
6658,-0.011492064390230067
6659,-0.005281634069865048
6660,-0.00022186642483807903
6661,-0.0036354049631777685
6662,-0.00387867128421044
6663,-0.0044732146936764805
6664,-0.0059916102926980234
6665,0.00133027951816753
6666,0.0003022781276992986
6667,-0.005951361113728671
6668,0.0001808020260709517
6669,-0.0008053873294392166
6670,-0.0056579344965481185
6671,-0.004027584906719877
6672,-0.005014987151434745
6673,-0.00652881325129076
6674,-0.000909169350630866
6675,-0.0013277864984461638
6676,-0.006747397497645923
6677,-0.0022635147943269388
6678,-0.0024991239292122304
6679,-0.0023145136839592267
6680,0.0002254784251888263
6681,-0.0011293042357762018
6682,-0.0004674495623318044
6683,-0.004611429169223406
6684,-0.003449130505880655
6685,-0.003951511186540493
6686,-0.005173350420676379
6687,-0.0040642351467306236
6688,-0.002894955335150884
6689,0.0005234669952815241
6690,-0.0016081766781219364
6691,-0.006811640974427671
6692,-0.002903510940449768
6693,0.00285784667595617
6694,-0.005891334950074954
6695,-0.004245452093617024
6696,-0.0010944873647720128
6697,0.0019203357335454661
6698,-0.0031005369328871712
6699,-0.005471442259337864
6700,-0.002372449981723909
6701,0.005639155720755646
6702,-0.0077217144026189635
6703,-0.0014042781232596162
6704,-0.00627398543520882
6705,-0.005701911018325751
6706,-0.007552885014386151
6707,-0.0043512560579281705
6708,-0.0016914878259387395
6709,0.0018134296440001502
6710,-0.004870703738301556
6711,-0.0029012441132470618
6712,-0.005159362056826489
6713,-0.0023315782848431776
6714,-0.0027402350965283553
6715,-0.008210287282310939
6716,-0.00361053856174922
6717,-0.005378188250342714
6718,-0.002516083858004451
6719,-0.0043510661889311665
6720,-0.003040307643150761
6721,-0.0003532470731977856
6722,-0.004909131197891707
6723,0.00044043765133667395
6724,0.0016416266298496518
6725,-0.0027339016760159762
6726,-0.0006859626651563935
6727,-0.0016739171780177121
6728,-0.0008774914932563951
6729,0.00043154431337583815
6730,-0.002506435182709689
6731,-0.0007733856698141466
6732,-0.002013462347337118
6733,-0.004634911394608886
6734,0.0018406484221745803
6735,-0.00549970499644048
6736,-0.0009151878556786924
6737,-0.0017325240658523332
6738,-0.0037543946965916154
6739,-0.0015533708067054647
6740,-0.0033038376818462743
6741,-0.0018416883871691728
6742,-0.0023233364905100654
6743,-0.0015488048301426326
6744,0.0010896675823913668
6745,-0.005091751242980894
6746,-0.00392423135687751
6747,-0.0030894911326870625
6748,-0.004750399810305381
6749,-0.0010411982477286051
6750,-0.005202936015684102
6751,-0.003763908093720989
6752,-0.008356931159351703
6753,-0.002410743772237184
6754,-0.00021920345010034703
6755,-0.00541706554859981
6756,0.004036266614828046
6757,0.0023668770400760743
6758,-0.005063121559454507
6759,-0.006008272926084433
6760,-0.0016375995246295794
6761,-0.002069561829149278
6762,0.0017533660674791153
6763,-0.00016212769226041368
6764,0.001236697695582458
6765,-0.001231855756344196
6766,-0.001960642805974709
6767,-0.0026641377046710824
6768,0.000735456387851316
6769,-0.003318293814862032
6770,-0.0022943940608631287
6771,-0.0032742551442299025
6772,-0.006857657092555838
6773,-0.005019454632749658
6774,-0.003972123647104118
6775,0.0011480729991161336
6776,0.0007746036701498961
6777,-0.0024606012102595665
6778,-0.004286757524300574
6779,-0.004829233503946668
6780,-0.002159876833315734
6781,-0.00292213598699452
6782,-0.0014355789500502501
6783,-0.005095228055317973
6784,-0.001308974285218735
6785,-0.004218499222119636
6786,-0.005277161822605819
6787,-0.0009979771269779947
6788,-0.006728598916078861
6789,-0.00034586260494682067
6790,-0.010566375524179453
6791,-0.00044091759215396376
6792,-0.002620200791210295
6793,0.0037532047231555107
6794,-0.004416263443603557
6795,-0.004239887442911594
6796,-0.006381171839787432
6797,-0.0025421531735713744
6798,-0.006482469671248478
6799,-0.005845130863754929
6800,-0.006298717482298422
6801,-0.003500915685024166
6802,-0.004709255627626599
6803,0.0010931960951412988
6804,0.0013511052739803783
6805,-0.0016008500932282038
6806,-0.0018701456340224423
6807,-0.0025579457350086987
6808,-0.0012235317893434586
6809,-0.0034140765567553556
6810,-0.0027068623271056906
6811,-0.004401717065783274
6812,0.0020907401950275156
6813,-0.0004783216899721908
6814,-0.005918460316788124
6815,-0.00574885375335096
6816,-0.002599844247941345
6817,0.0030288960604705657
6818,-0.00589177169148564
6819,-0.002755872060035802
6820,-0.010310533223705676
6821,-0.0022556115696202444
6822,-0.004446551378402757
6823,-0.004135370935722804
6824,-0.004881330338030329
6825,-0.003636427948800893
6826,-0.0034971442793448083
6827,-0.005363025838695464
6828,-0.0009889706443216503
6829,-0.0069645359495777714
6830,-0.00304580351081684
6831,-0.003822318976602207
6832,-0.0012414115399693795
6833,-0.0028178446488982024
6834,0.0012825229851559233
6835,-0.001098564625747471
6836,-0.003984130109709546
6837,-0.004133103029094958
6838,-0.003956331116075518
6839,-0.0009616634419567921
6840,-0.00033350448962502985
6841,-0.004917899993636978
6842,-0.004593072178043198
6843,-0.002731643170172167
6844,-0.004100742014856492
6845,-0.006221722701211907
6846,7.283792226613767e-05
6847,-0.0031595558115402635
6848,-0.005347942072288243
6849,-0.0018659737435424081
6850,-0.005202352562170692
6851,-0.0013403392351663823
6852,0.00043524239172525875
6853,-0.0034873697443565735
6854,-0.0019843295667016925
6855,-0.008242637250201412
6856,0.00043898897038805243
6857,-0.005575653326657031
6858,-0.0036539405377999934
6859,0.0010549081322795105
6860,-0.00011926528769858752
6861,-0.0024909305416807755
6862,-0.002530015881644119
6863,-0.0027621383735535986
6864,-0.0031286041532755104
6865,-0.001887071538793035
6866,-0.000910642279291822
6867,0.0002717680316752201
6868,-0.004788990444354539
6869,-0.0024847552683389604
6870,-0.0021426986968436437
6871,-0.005844705879043951
6872,-0.0020184959137229674
6873,-0.003912804571591797
6874,-0.010896489772202908
6875,-0.008166113588432559
6876,-0.0042231634680280385
6877,-0.0009804980449957708
6878,0.002320282613275309
6879,0.0019818831610002273
6880,-0.0016957258405745981
6881,-0.0034105211551617304
6882,-0.006006550396886034
6883,0.0003466082776363011
6884,0.0006422044650812864
6885,0.001229277511204989
6886,-0.000561283744555871
6887,-0.002839982797232233
6888,-0.004098569227047936
6889,0.002033995669116072
6890,-0.002931187607871897
6891,0.00012166593553133986
6892,-0.0020790386212511565
6893,-0.0023902852149219403
6894,-0.0038092129268775254
6895,-0.009611025510296287
6896,-0.0031688002054876194
6897,0.003423915015107512
6898,-0.00016003372050439613
6899,-0.0010290558765488206
6900,-0.004935053594606588
6901,-0.0035439372578406486
6902,0.004698174868181401
6903,-0.005920739560313519
6904,0.0006156789883161005
6905,-0.003944438910720317
6906,-0.004214852634099299
6907,-0.003776354346461938
6908,0.0017872668589755288
6909,0.001892135498110202
6910,-0.005139809712508391
6911,-0.0028223790588905763
6912,-0.005822524427155477
6913,-0.0030858505897074368
6914,-0.007277152146226793
6915,-0.003204524705335547
6916,-0.0029138191843951743
6917,0.0028792142918532444
6918,-0.005037567374525837
6919,0.000290911945119883
6920,-0.0012042003799674593
6921,-0.004984092982230473
6922,-0.00035256002245367263
6923,-0.005038473002967524
6924,-0.002400199657591799
6925,0.0022649834457365396
6926,0.0012238630058662194
6927,-0.005900018362992195
6928,-0.0021153728501235487
6929,0.0013389756182161615
6930,-0.0029523717704981606
6931,-0.00548154552051178
6932,-0.0053968620567204605
6933,0.0019962152005404687
6934,-0.003591996807021873
6935,-0.001447884299057376
6936,-0.00552525151640729
6937,-0.0025855413758085095
6938,-0.005550213311742835
6939,-0.0025631016960952387
6940,-0.0014914170233472357
6941,-0.0032772998071199724
6942,-0.0022726192701441293
6943,-0.0038902903098364736
6944,-0.0070919401400562285
6945,-0.0018992058805111303
6946,-0.003586425442261447
6947,-0.008437669162665192
6948,-0.004413319909806708
6949,-0.003403320717710101
6950,-0.0012135107027445823
6951,-0.0033600311966497584
6952,-0.005033243148016071
6953,-0.004551315828681336
6954,0.001543432035481719
6955,0.0016963894266176331
6956,-0.004459393237984392
6957,-0.0033064698788932458
6958,-0.0008461943069697567
6959,-0.008542853071059616
6960,-0.009806561807482569
6961,-0.00313846210888407
6962,-0.005946238820803633
6963,-0.005418212520460205
6964,-0.005266032069960867
6965,0.0024254579297682023
6966,-0.007964252487418815
6967,0.0006994522335955038
6968,-0.00093146748949181
6969,-0.004879110435694861
6970,0.0008975026905709421
6971,-0.0028969085111736695
6972,-0.003815975866642847
6973,-0.003960170069701601
6974,-0.0027523076515728537
6975,-0.00017963377074557002
6976,-0.0026593908749453464
6977,0.0018594771582141865
6978,-0.005623720842985111
6979,-0.0004860948589060603
6980,-0.0056700455659017095
6981,-0.0023206902010343977
6982,-0.006549257926205629
6983,7.34679765911489e-05
6984,-0.004627097340384315
6985,-0.004043542818911373
6986,-0.007692857769455826
6987,-0.004851381674455025
6988,0.0035056084364221488
6989,-0.005744237804078782
6990,-0.0008313209950332537
6991,-0.00501618659885
6992,0.0004173844204575401
6993,-0.003555743746955369
6994,-0.0031586140037046483
6995,-0.004876196661262808
6996,-0.0014730915948035495
6997,-0.00040324759270789906
6998,0.0012166449505153498
6999,-0.005286998284350801
7000,-0.0028706484227798805
7001,0.0015928650898515556
7002,0.0011558805814253226
7003,-0.0002832304408628243
7004,-0.005516195395431529
7005,-0.002099020813393467
7006,-0.00196982517916593
7007,-0.0018942447932087034
7008,-0.002317692665120906
7009,-0.004770423398688606
7010,-0.007217797973209945
7011,0.00026728919495901116
7012,-0.006898941512406286
7013,-0.004752447482961469
7014,-0.00043030044407123616
7015,-0.0004720069315435754
7016,-0.003446853435976522
7017,-0.004915289597353795
7018,-0.0014511075305581218
7019,-0.0003773166241307947
7020,-0.0036123513583043373
7021,-0.002504104143499785
7022,-0.004978757676215771
7023,-0.0036535414384175173
7024,0.001400212257159722
7025,-0.0037648464657558355
7026,-0.008013772821817793
7027,-0.0020326867122523497
7028,-0.008192533212723629
7029,-0.0069696897254390155
7030,0.0049946407240465465
7031,0.0022518562034496217
7032,-0.0033826647099546477
7033,0.005185767760710586
7034,-0.0024270544528446694
7035,0.00026455841052843224
7036,-0.00047506503547397466
7037,-0.0039007314215950342
7038,-0.002255558808151259
7039,-0.004142006160075592
7040,-0.0005657286574177571
7041,-0.001385293213631171
7042,0.0029530434637962955
7043,0.0023305940931427314
7044,-0.00048210545291912585
7045,-0.0014931893253249395
7046,-0.0026267766769234382
7047,0.00019518157876158987
7048,-0.0021739984796447787
7049,-0.00037644982676774894
7050,-0.003203490080550375
7051,0.0007222332814343542
7052,-0.00584873405817422
7053,-0.006165324678190132
7054,-0.0037156762838545243
7055,0.0020202604370858843
7056,-0.004978638221348558
7057,-0.0031239296113870635
7058,0.0019877614460785294
7059,-0.0036278756410924318
7060,-0.0020866826211155334
7061,0.0016890102294663464
7062,-0.004134274338636751
7063,-0.008451105119325664
7064,-0.008279217659101858
7065,0.0029448038249163984
7066,-0.0070370658759180416
7067,-0.0008782438592262881
7068,-0.0012754646052145144
7069,0.003879838466785291
7070,-0.0011301926485130336
7071,-0.006369447371164197
7072,-0.00027783625801980696
7073,-0.000921595651149739
7074,-0.005886510445962775
7075,0.0038482777438066038
7076,-0.010440646974482222
7077,-0.004521126378996182
7078,-0.0021896554522949467
7079,-0.0010561644024391185
7080,0.0013943545701394708
7081,-0.013376929163602558
7082,0.0017298768686119445
7083,-0.0024042357287245818
7084,-0.0013944223901220486
7085,-0.006970594037525965
7086,-0.005349933834926053
7087,-0.009329031435576576
7088,-0.005183018871486412
7089,-0.003513167962833602
7090,-0.005241041100179325
7091,-0.0057593143728248836
7092,0.001544191658926223
7093,-0.0032415599877969464
7094,-0.004562056099524408
7095,0.0017778050896082032
7096,-0.007214971082017501
7097,-0.001975363891551625
7098,-0.004492833419330988
7099,-0.006288186845024506
7100,-0.0012021773111281844
7101,-0.003680697051951627
7102,0.0009375522852015719
7103,0.0009184029475619374
7104,-0.0005297195735496397
7105,-0.003975321134431029
7106,-0.004679151834487472
7107,-0.007940170431889569
7108,-0.004352914537096162
7109,-0.007422938458540699
7110,-0.0026445277079543555
7111,-0.0021483860015897097
7112,-0.00029037656500782716
7113,-0.001648582842999586
7114,-0.006123962648490251
7115,0.0019245316197842727
7116,-0.0017182563202127257
7117,-0.0011561917286688587
7118,0.0016005476820430513
7119,-0.0019808187013903335
7120,-0.003864033669642851
7121,-0.0009264371881137004
7122,-0.001281885894594291
7123,-0.003739613837186885
7124,-0.006219999985184833
7125,-0.00392850801484464
7126,-0.010882446465624494
7127,-0.0030119871735251706
7128,-0.0023841939213955464
7129,-0.0005160510090732526
7130,-0.0029756863595443023
7131,-0.003924859251157459
7132,-0.0006014019805503819
7133,-0.006184053062268921
7134,-0.002978340752151202
7135,-0.008614700184221103
7136,0.000694403222897353
7137,-0.0020331621894988244
7138,-0.004246075099149954
7139,-0.0032794089755888295
7140,0.002392646905975869
7141,-0.0038560398586380655
7142,-0.006920701725843241
7143,-0.004222199845075894
7144,-0.003676491901800912
7145,0.0029658333370208567
7146,-0.0038010247874361025
7147,-0.005510270703801924
7148,-0.005945499112353956
7149,-0.005079032883447625
7150,-0.001618027871818254
7151,-0.0047298902000143285
7152,0.0007946747536261879
7153,0.001691882797822758
7154,-0.0036598566294025157
7155,-0.00036138315813386
7156,-0.005799794305810513
7157,-0.006247405022167682
7158,-0.007231729213741836
7159,-0.007185481947290465
7160,-0.0010941438269337078
7161,0.0022249872687731646
7162,-0.006547338105613733
7163,-0.006518559612672798
7164,-0.004047817518368888
7165,-0.00475404920474156
7166,-0.0075069897529730645
7167,-0.0025784352516848817
7168,-0.002918495054491911
7169,-0.003523861140214902
7170,-0.002594363484147752
7171,-0.0034887517108929678
7172,-0.0029248594823502345
7173,-0.0015465586969417335
7174,-0.0004078983502936867
7175,-0.005174786351901203
7176,-0.0048291776085783306
7177,0.0012652912769028565
7178,-0.0018997536002548117
7179,-0.0019024436536207688
7180,-0.004602281905217595
7181,-0.007592845889116122
7182,-0.008781749124796411
7183,-0.00661204184329393
7184,0.0015399688322840638
7185,-0.001781924846877135
7186,-0.005083164786092234
7187,0.0018825519062735073
7188,-0.006010701643962071
7189,-0.0006676450967654235
7190,0.0011693059300979768
7191,-0.0022896206650342144
7192,-0.003215571387600622
7193,-0.00452443020422463
7194,-0.003133723563054809
7195,-0.004532774881409383
7196,0.0009786983069664523
7197,-0.0032917419074533077
7198,-0.009557784814683463
7199,-0.003927860901377762
7200,-0.0014719441027148741
7201,-0.004845351029171292
7202,-0.006506658714753099
7203,-0.0029135686605492837
7204,-0.0007507540393991256
7205,0.00013926186287911702
7206,-0.0013401207140814643
7207,-0.000784544250466479
7208,-0.004290780455207938
7209,-0.005717308720621182
7210,-0.002868741206721509
7211,-0.005375402457291623
7212,-0.0031060763869591966
7213,-0.0037943432728042084
7214,0.004666557652766551
7215,-0.007549791390662891
7216,-0.005876615716217275
7217,0.0008098293543424284
7218,0.0004178505684285204
7219,-0.008366602168834864
7220,-0.003496168806514221
7221,-0.0025720228910596707
7222,-0.005639233787950393
7223,-0.004519233285205308
7224,-0.004513502788561528
7225,0.0029189135342246215
7226,-0.00214615261922552
7227,-0.002159882425431515
7228,-0.0012306797314420755
7229,-0.00016160076793996642
7230,0.0011962982291195308
7231,0.0007231695068996152
7232,-0.007069504157999739
7233,-0.004898597785868701
7234,0.0029594219630148903
7235,-0.005360710911373516
7236,-0.005093830768281446
7237,-0.002927381640443639
7238,-0.0021646235870356224
7239,-0.004912638110674279
7240,-0.0003125500905464054
7241,-0.003309163071654738
7242,-0.006992370150021729
7243,-0.0054911043278458235
7244,0.0003311402619805906
7245,-0.0047410053489974485
7246,-0.008935125515910608
7247,0.002805774826213119
7248,-0.004629132690785402
7249,-0.001715894964156358
7250,0.006377501735073225
7251,-0.005768689183356844
7252,-0.0007612246000758757
7253,-0.004691629215682749
7254,-0.0039591113554094046
7255,-0.0036204081037152606
7256,-0.007106492619019307
7257,-0.004107985881026007
7258,-0.002881592191869946
7259,-0.003471734850421803
7260,-0.0013959293130359346
7261,0.0003706450992530322
7262,-0.0031630503675126632
7263,-0.0026734383816706224
7264,-0.0034734528463073455
7265,-0.006174078007648513
7266,-0.00508616534353451
7267,0.0001258767537188829
7268,-0.002900616608251829
7269,-0.0013296008076899395
7270,-0.002577667444809289
7271,0.0004787675625493766
7272,0.0011945872124568338
7273,-0.000502739531362869
7274,-0.00016891716298899837
7275,0.0005919738857544238
7276,-0.004079711764713383
7277,-0.002912568835394737
7278,-0.004505465813458464
7279,-0.005190914741976145
7280,-0.0008219586744595414
7281,-0.0015690917274858163
7282,-0.0007824736818344696
7283,-0.0047980216705441996
7284,-0.006614618569198417
7285,-0.0011804985220339737
7286,-0.0034095045286927153
7287,0.00035387663854426904
7288,0.00037773528973307144
7289,-0.005222474009019363
7290,-0.004488357178656314
7291,-0.0018970134130964003
7292,0.002582608746241423
7293,-0.0017929540312873055
7294,-0.0026960928777350623
7295,-0.004102699461263827
7296,-0.004134307386820496
7297,-0.005504303028271158
7298,0.005225760501969795
7299,-0.00685501882981758
7300,6.992584536869711e-05
7301,-0.0039645087823714925
7302,-0.0027695565947680016
7303,-0.0027765547348603363
7304,0.0007543902068327217
7305,0.0004330466216203033
7306,0.0003438657282065667
7307,-0.0008106097333391848
7308,-0.0025651959416427804
7309,-0.0019542999628780686
7310,-0.00546644244998909
7311,-0.006539394589370584
7312,-0.0009586709451179405
7313,-0.009731564914770653
7314,-0.005607416091350608
7315,-0.00372102172579793
7316,-0.005348788759742547
7317,-0.00884207986193292
7318,-0.003185570981015441
7319,0.001888329605042479
7320,-0.00407109055791503
7321,-0.002418491019934667
7322,-0.0016094393870569636
7323,-0.0070276361440641325
7324,-0.0034249863693613693
7325,-0.003745212544985617
7326,-0.0036872104940686087
7327,0.0010250162518204778
7328,0.000543277688185493
7329,-0.0044892927112348616
7330,-0.0024465198689315876
7331,-0.00459960223517775
7332,-0.001174806789600226
7333,-0.00574118479946439
7334,-0.0004657083679948243
7335,-0.003855694053103126
7336,-0.003655448731552352
7337,-0.002475675932027091
7338,-0.003865813973645261
7339,-0.005307824008234017
7340,-0.006583379930965087
7341,-0.00434664564306186
7342,-0.005561926008053667
7343,-0.00101479506120827
7344,-0.0015979688564382068
7345,-0.0005185009602058886
7346,-0.0012313283461436487
7347,-0.004147106367607047
7348,-0.009040480572957754
7349,-0.002646836604192869
7350,-0.005439402553753452
7351,-0.002928439987679537
7352,-0.004923759855663623
7353,-0.003028200395620139
7354,-0.004976218494148997
7355,-0.009382751930309494
7356,-0.005551650700481588
7357,0.00018695144690293944
7358,-0.0002188775406460064
7359,-0.00014262686415183676
7360,-0.0033435745810346217
7361,-0.002844937918264727
7362,-0.0010312528444818662
7363,-0.0017408346589839266
7364,-0.005393519998037485
7365,0.00012023400163915787
7366,-0.0043969197150589
7367,-0.00031086703448646516
7368,-0.00238580078998904
7369,0.0005256371520966571
7370,-0.0013633518421474894
7371,-2.5489670396752068e-05
7372,0.0016053148540394573
7373,-0.0026487705857863066
7374,-0.004961783426016275
7375,-0.0041390126858494615
7376,7.487778425312869e-05
7377,-0.005781507315970484
7378,-0.0003053660328964612
7379,-0.0005238946202035764
7380,-0.007245179498872576
7381,-0.00011814611033054284
7382,0.0014080250329369312
7383,-0.0026800488866772984
7384,-0.0015242619908965756
7385,-0.007670252361807611
7386,-0.003839503544570414
7387,-0.000781363060230366
7388,-0.0029867752375978968
7389,-0.003372061876401874
7390,0.0023798777963222988
7391,0.005714814069305841
7392,-0.004619493940383315
7393,-0.0018347872258925903
7394,-0.005412693734830443
7395,0.0011551851826451798
7396,-0.008000160978405547
7397,-0.005893614272942185
7398,-0.0020321609485245
7399,-0.005668725697568433
7400,-0.005366901934085323
7401,-0.0065261703030380196
7402,-0.00425409844493279
7403,-0.0005947959601388421
7404,-0.001231254871953403
7405,-0.0023986487280777853
7406,-0.003840756924595585
7407,-0.00353576769799481
7408,0.001364850359884224
7409,-0.0013659403478405233
7410,-0.005687812331108613
7411,-0.004560941224317463
7412,-0.0021719866936611015
7413,-0.006408998533983232
7414,-0.00017330381161405686
7415,-0.0006595535941647419
7416,-0.0044065457217340315
7417,-0.004071331900873634
7418,-0.0014454658672235499
7419,-0.0020837702453974337
7420,-0.0037165739750634544
7421,-0.00404104008397612
7422,-0.0034857715807742225
7423,6.867570138419793e-05
7424,-0.001907314188276072
7425,-0.003861606050366305
7426,-0.0022643927150509113
7427,-0.004069260764416466
7428,-0.004316445406962469
7429,-0.001283663135933373
7430,0.000623748226159973
7431,-0.0007614190423904897
7432,-0.0011410019806692255
7433,-0.0038496776701177488
7434,-0.0037520045149473658
7435,-0.004652047079689976
7436,-0.004122957348826457
7437,-0.003677545706399176
7438,-0.005372287200322283
7439,-0.0012310352678208958
7440,-0.002471051261593922
7441,-0.00041207372805297446
7442,0.001416652487802629
7443,0.004721171603164289
7444,-0.002103128115077381
7445,-0.0021360643993012032
7446,-0.0023851907259861624
7447,0.0005349285417697372
7448,0.0002852709474448663
7449,-0.0024200969068113275
7450,-0.007729729055394305
7451,-0.000534302111595969
7452,-0.004219596165111077
7453,-0.0024564977157071483
7454,-0.0005363010387958514
7455,-0.005782863401948786
7456,-0.00018201998105014244
7457,-0.00894515179437249
7458,-0.0064954529874664615
7459,-0.003315643115472326
7460,-0.0023946132508114795
7461,0.0006820216692360742
7462,-0.003351252011945048
7463,-0.0024355687301581552
7464,-0.003776024164326444
7465,-0.001779057282265007
7466,-0.008679126728721776
7467,-0.00021377011274779228
7468,0.00406132474653324
7469,-0.001231277786713201
7470,-0.0066461234047062515
7471,-0.006732937762656543
7472,-0.002789746490141593
7473,-0.002836166537810249
7474,0.0010513740512769938
7475,-0.0012812856629526824
7476,-0.010971228977198377
7477,-0.004522212166102053
7478,-0.0027538321443936267
7479,0.003125268756087197
7480,-0.007555315528829567
7481,2.629071177856837e-05
7482,-0.0044143450079741214
7483,-0.009794361850836503
7484,-0.0019734473860263772
7485,-0.0030798752523593653
7486,-0.0023012863999331626
7487,0.0015321268836309097
7488,-0.004005031970766699
7489,-0.00508864987026688
7490,0.0024428307033736753
7491,-0.005337079737857065
7492,0.00041332421403188907
7493,0.0018401575067414494
7494,-0.0004957075827639115
7495,-0.0005030585474208385
7496,-0.005267540393595636
7497,-0.001521855794580241
7498,-0.0045062283938272635
7499,-0.002434655919557667
7500,0.002358764093028376
7501,-0.000968550626224949
7502,-0.0030761308979786323
7503,-0.005638359772016634
7504,-0.0008382645870183836
7505,-5.871843668868795e-05
7506,-0.005740480821426353
7507,-0.002041492478424809
7508,-0.005188367557151949
7509,0.000931018506592933
7510,-0.0028357245575891844
7511,-0.0035223334246637997
7512,-0.0026979278771287543
7513,-0.005146061381054813
7514,0.00012793049756769717
7515,0.002771461803344758
7516,-0.004764040447338573
7517,-0.0019326827839400498
7518,0.002288828629676349
7519,-0.006448079520823595
7520,0.0003063531028251326
7521,0.0010089810720181856
7522,-0.004890178265962147
7523,-0.001000051094927807
7524,-0.008634392429347704
7525,-0.0020137544645803113
7526,-0.0009970601130893306
7527,-0.0005118267665473429
7528,-0.007740747120131147
7529,-0.0007329370819580613
7530,-0.006533132377323093
7531,-0.002649424576038447
7532,-0.0029044723982941043
7533,-0.003791165524732701
7534,-0.006069063855643545
7535,-0.001053802989827917
7536,-0.001574368365591123
7537,-0.0005527352759510731
7538,-0.00548164865336977
7539,0.001479076175023658
7540,-0.0027513490919209814
7541,-0.0004954347808844642
7542,-0.005313970594449723
7543,-0.00749011993528189
7544,-0.004010339815942808
7545,-0.002125534478166862
7546,0.0011073472238217023
7547,-0.005069112896756267
7548,-0.00046012756925380843
7549,-0.00043535021127006496
7550,-0.0010917956258213388
7551,-0.0046406842676258615
7552,-0.006693936490214488
7553,0.0003087958336655504
7554,-0.001791544272783923
7555,-0.004589220745916521
7556,-0.0030379284842880355
7557,-0.002051720803929683
7558,-0.0038588405193991857
7559,-0.001274282841477764
7560,-0.0013730985056535916
7561,-0.002106677336638902
7562,-0.002374949464908547
7563,-0.004809471039483339
7564,-0.00015298224100860833
7565,-0.004677768540949714
7566,-0.0023350604488691917
7567,0.0011213270655013388
7568,-0.0047933951242724315
7569,-0.00493517953386248
7570,-0.0033987860281319768
7571,-0.0038642563116022266
7572,-0.003510287636990822
7573,-0.003460423845215794
7574,-0.0016580506023820794
7575,-0.0020959460812271166
7576,-0.0043807823430882555
7577,-0.00646328460131268
7578,-0.0037349669688668437
7579,-0.002910651249865663
7580,-0.0016600052915540335
7581,-0.0006376212669070916
7582,-0.004088480530506828
7583,-0.0004778960905935728
7584,-4.062880557560364e-05
7585,-0.0047313240080607555
7586,-0.003759925530124844
7587,-0.004013769978042897
7588,-0.00332823225305022
7589,-0.0014093529163756585
7590,-0.0010375508684818645
7591,-0.005514209935591569
7592,-0.0025034493272462904
7593,0.0009406815544059262
7594,-0.0009511554306324416
7595,-0.0038566331301416387
7596,-0.0017943050715419628
7597,-0.004185765227839429
7598,-0.0029485689380194142
7599,-0.0023638435509880755
7600,-0.005349761333262051
7601,0.003983639588828063
7602,-0.004586671328303562
7603,-0.006622879131960132
7604,-0.0017371166829428693
7605,-0.004989049136597132
7606,-0.007356704112637183
7607,-0.0028089263310925212
7608,-0.004702404474246202
7609,-0.001570473493877636
7610,-0.0034232611177788495
7611,-0.00717283969554134
7612,-0.011115438305016833
7613,-0.0015419504357646885
7614,-0.007645035840296632
7615,-0.0016529256429625092
7616,-0.0036495901734097218
7617,-0.006164865480953387
7618,-0.0013711777432896463
7619,-0.002170765470657962
7620,0.0008128151800423852
7621,0.0003093912267266956
7622,-0.004250065372390824
7623,-0.004435101677668651
7624,-0.000870294768749811
7625,-0.0008607694005439842
7626,-0.0007514581768780504
7627,-0.00767200963580059
7628,0.0006100513579361221
7629,-0.004106003903607703
7630,0.0014657006269506861
7631,-0.00423937099335988
7632,-0.0018342900850596248
7633,-0.004485950771036071
7634,-0.0011003264001101312
7635,-0.002876874447564435
7636,0.0005605057277511573
7637,-0.0050940997490441856
7638,-0.0026826732169268827
7639,0.0026391911962679697
7640,0.0019635051110868454
7641,0.0012742280605765634
7642,0.006181563253494858
7643,-0.0014120029363212418
7644,-0.005163005281676587
7645,-0.0006069661354060306
7646,-0.004610867806752971
7647,-0.0048915155245636485
7648,-0.0005270820172209763
7649,-0.004955533614738935
7650,-0.004508653793192877
7651,-0.002330431225163288
7652,0.00029476797660268547
7653,-0.001828380333042827
7654,-0.0016270686672293228
7655,0.0006810863612757706
7656,-0.0003068869733692352
7657,-0.003293569630298431
7658,-0.0008339743245173656
7659,0.0022213829123312427
7660,-0.004874964210933391
7661,0.0025802305801651444
7662,-0.0013556282272762649
7663,-0.0030507642382751506
7664,-0.0057668298921605896
7665,-0.0012585828660523248
7666,-0.008539115079019388
7667,-0.003266757428398697
7668,-0.0033073156319298955
7669,-0.00475872458842538
7670,-0.0038140353813934866
7671,0.0029961057438607636
7672,0.00020961549896877582
7673,-0.007019346047042591
7674,0.0028500243176305257
7675,-0.0014150120413122177
7676,0.0008641655571873345
7677,0.00041814139196695924
7678,0.001040990791706435
7679,-0.0030536370385351175
7680,-0.0028486276167821595
7681,-0.0012652582362866482
7682,-0.0058502951696961375
7683,-0.00453599816221641
7684,-0.004656517435059664
7685,-0.0020041114245334425
7686,-0.006789448187286787
7687,-0.007630058638410812
7688,-0.001570398157213545
7689,0.0006159426463999661
7690,-0.001121326966388482
7691,-0.0024319878615895914
7692,-0.0021696410260313888
7693,-0.0034929543218865863
7694,0.0009205908350888789
7695,-0.002931495796770607
7696,-0.008090486324739982
7697,-0.0023482520808015515
7698,-0.0048972337435125995
7699,-0.0036725378553393896
7700,-0.0019941078636195424
7701,-0.007658268875547398
7702,-0.0012251225138415166
7703,-0.002021106679626395
7704,-0.0005649418739434794
7705,-0.003320205359464201
7706,-0.0006019535605018
7707,-0.0025917393311887388
7708,-0.0029818924348173174
7709,0.0008112335895889555
7710,-0.0029397046460689705
7711,-0.0018796171908607405
7712,-0.006492361252112132
7713,-0.004786362554944034
7714,0.0016384493618266972
7715,-0.007166299021623496
7716,-0.005383810691663174
7717,-0.001715426163433207
7718,-0.00233884157709123
7719,-0.001050781008529747
7720,0.0021117063719738073
7721,-0.005888473612224068
7722,-0.0040825742940675674
7723,-0.0003576342572655031
7724,-0.0020137544645803113
7725,-0.003679969284351936
7726,-0.003636042868081134
7727,-0.004917044636770739
7728,0.0009649745272239038
7729,-0.005154585402924058
7730,-0.0054837070637246375
7731,-0.0007345069050287006
7732,-0.001057526396608735
7733,0.0018979084937509848
7734,-0.003788303358991142
7735,0.0031076124542301353
7736,-0.0008971478187401877
7737,-0.003063935961613997
7738,-0.003388553422570932
7739,-0.002718713898336989
7740,-0.004796391994685047
7741,-0.0054411118369097206
7742,-0.002718454151397265
7743,-0.004378423045357939
7744,0.0014435900020477697
7745,-0.0011050227958095613
7746,-0.0025951397413610106
7747,-0.004681030022033798
7748,-0.006502771371348137
7749,-0.0014477136530797428
7750,-0.003789756171997175
7751,-0.006759666629406705
7752,-0.004054832191167982
7753,-0.002721186592038932
7754,-0.0004696413375087326
7755,-0.004822880540600781
7756,0.00012937752315012735
7757,-0.0036446054898442125
7758,-0.004470249994477669
7759,-0.003681318242507687
7760,0.001053853815596615
7761,-0.004196366751268152
7762,-0.003830146724980943
7763,-0.005123738807439479
7764,-0.0024621112636292776
7765,-0.002665316010459492
7766,-0.002837153275170593
7767,-0.0012456558507131267
7768,-0.003294996997928165
7769,-0.0018493937182393755
7770,-0.0033861699585093497
7771,-0.0037637231975549794
7772,-0.0017948611403661024
7773,-0.004139894192927249
7774,-0.004843451331059692
7775,0.001145936953723302
7776,-0.0043778292247543225
7777,-0.002200292567484212
7778,-0.005448573690429271
7779,-0.004257441865356287
7780,-0.004935722649958649
7781,-0.005820480299302849
7782,-0.00013635076772493607
7783,-0.000401465545747097
7784,0.000625359856418907
7785,-0.005307569425051228
7786,-0.000668480258023605
7787,-0.004131920910700915
7788,-0.003261544656784146
7789,-0.004506905333689512
7790,-0.0013361688960091891
7791,-0.004887687004601158
7792,0.0021613667559906985
7793,-0.005035546681207821
7794,-0.0016709390291801893
7795,-0.0008969616053718411
7796,-0.0009332123675128597
7797,-0.0016749120809652317
7798,-0.0038388089012157504
7799,-0.003243676251285181
7800,-0.00041184725783146095
7801,0.0006233505519203583
7802,-0.0005497826902463969
7803,-0.0046098935521231565
7804,-0.009451751395531727
7805,-0.0030205251076866543
7806,-0.0005879971853885585
7807,-0.006390750334892746
7808,-0.007380629506285222
7809,-0.003717749233548232
7810,-0.0034729080747347534
7811,-0.0018888437653322328
7812,-0.0035241496979097203
7813,0.003469666878111989
7814,-0.0001349697144183981
7815,-0.0002766740747043271
7816,-0.002534228500246434
7817,-0.00167768837781054
7818,-0.0052590497434684205
7819,-0.008023600223818542
7820,-0.004099643240599006
7821,-0.0021567386167803473
7822,0.0008451371004635916
7823,-0.005353438247696237
7824,-0.0002546194589377361
7825,-0.0018871462384429903
7826,5.990462445953915e-07
7827,-0.001099351983426606
7828,-0.005478027261572323
7829,0.0033864815125937663
7830,-0.00891145956426398
7831,-0.006430756719948964
7832,-0.0023445956705658855
7833,-0.003732215107510539
7834,-0.004235398951198566
7835,-0.0029932743117490196
7836,-0.008894249189595804
7837,-0.0044465372646229975
7838,-0.004168040585253
7839,0.0027715114621135427
7840,-0.004251622968118016
7841,-0.0037445196100674774
7842,-0.00801346047984975
7843,-0.003980908421941421
7844,0.0012131926646946171
7845,-0.0009936060913871003
7846,-0.0003943726505611228
7847,-0.004758207670921163
7848,-0.0026606011407631427
7849,-0.007343687229711012
7850,-0.006587040729076805
7851,-0.0019984981829497366
7852,-0.005488939041487426
7853,-0.0024134357205670733
7854,0.0016896587655169763
7855,-0.0012885164141035119
7856,-0.005878327718296463
7857,-0.003233995040677704
7858,-0.003985520910460248
7859,0.0030478820981339576
7860,-0.0007132761784793343
7861,-0.004811812548557018
7862,-0.004994636329848083
7863,-0.003983583344353201
7864,-0.004082091200916807
7865,-5.1232446148317956e-05
7866,-0.00033527650037192686
7867,-0.0029525324684248552
7868,-0.006864608459811787
7869,-0.0018265008191686548
7870,-0.0013852992767256767
7871,-0.005225260755844556
7872,-0.002491946414069565
7873,-0.004341221607599512
7874,-0.004948795991898333
7875,-0.002312899054537354
7876,-0.0027101353537020804
7877,-0.001216477374543383
7878,-0.0021016871197500515
7879,-0.003063390917940837
7880,-0.005260543364150265
7881,-0.0029491698524149526
7882,-0.0063739687649655985
7883,-0.009313490344071022
7884,-0.004233393963326407
7885,-0.0011297415642504138
7886,0.0011017092068752038
7887,-0.008437406843431541
7888,-0.007811181231786996
7889,0.0019119393861243318
7890,-0.006764480885824865
7891,-0.0028406299033118566
7892,-0.001166739456716609
7893,-0.005571546754440722
7894,-0.0016884972137586052
7895,-0.009135337000688824
7896,-0.007561844074173454
7897,-0.0017448531408917577
7898,-0.0036467023399914048
7899,-0.004737805903952733
7900,-0.00040053876276561345
7901,-0.0014546692991453183
7902,-0.0013877298495561519
7903,-0.0010384188644217765
7904,-0.004015276587101168
7905,-0.004197080047036974
7906,-0.003325641722219167
7907,-0.0005597048935246304
7908,-0.0009245522016559093
7909,-0.0015570411741453703
7910,-0.003787724806167087
7911,-0.0077261362911907605
7912,0.0017691613611981946
7913,-0.0028381508524750916
7914,-0.0037537423215473383
7915,-0.0013012737053119186
7916,-0.002788139706715577
7917,-0.004069087681068274
7918,0.0029180010207949317
7919,-0.006325579762952442
7920,-0.0032297826628624876
7921,-0.0026445070434076706
7922,-0.0020894286969461023
7923,-0.003946812780453689
7924,-0.007289138978873892
7925,-0.003933345480100346
7926,-0.00016467669435469429
7927,-0.0011159470234947955
7928,-0.0034166651005180307
7929,-0.0022965557476934337
7930,-0.0020031968737500364
7931,-0.004455390493072867
7932,-0.0021827440726728646
7933,-0.002636634987636246
7934,-0.0021996786540777434
7935,0.00014964448619524812
7936,-0.004997488554884969
7937,-0.004859715176407823
7938,-0.007115922261797983
7939,-0.001501379401257115
7940,3.1301760855285965e-06
7941,-0.0017188198600514362
7942,0.0007847737280702004
7943,-0.007082018017864587
7944,0.00016131974974875618
7945,-0.000910807113825407
7946,4.898627305081199e-05
7947,0.0016239911055641702
7948,-0.006428110872606405
7949,-0.003543605350778769
7950,-0.003915665389060213
7951,-0.001622891115561867
7952,-0.0008918828152502493
7953,-0.004367048222553925
7954,-0.0032335184730273546
7955,-0.0025442685603955725
7956,-0.003626886978558414
7957,0.003383573371408294
7958,-0.003691188101924498
7959,-0.0034587568394160544
7960,-0.0034403064204368908
7961,-0.0031378585868702576
7962,-0.0031268983730679267
7963,0.0011198833927912911
7964,-0.007448536575623086
7965,-0.003327157396800933
7966,-0.0007205979032754196
7967,-0.003887227344937707
7968,-0.0009324779470430214
7969,-0.0018660692129658235
7970,-0.006413316646298472
7971,0.001733322603591915
7972,-0.007808637852220877
7973,-0.005980035068222776
7974,-0.004094504054015416
7975,-0.00250673108688524
7976,0.00025678891465573395
7977,-0.003390266853531939
7978,-0.0017757820923856374
7979,-0.0014799457419738538
7980,-0.005385827315366777
7981,-0.003709991597433838
7982,-0.00037153376475362876
7983,-0.004348823662524155
7984,-0.00011610966810065432
7985,-0.006047889248604325
7986,-0.0005305884549045188
7987,-0.004038362687647935
7988,-0.0047641545438624686
7989,-0.0012843332731957494
7990,-0.001606320932081469
7991,-0.0015202698896140399
7992,-0.004745937816298184
7993,-0.004699018001138269
7994,-0.009205347693459397
7995,-0.004051226017806393
7996,-0.0032373635764932455
7997,5.190102942091018e-06
7998,-0.0005229049661999927
7999,-0.0019963979116228124
8000,-0.0010127878407705272
8001,-0.0030340601475736736
8002,-0.00376661628442369
8003,-0.002310887200627578
8004,-0.005321839582245656
8005,-0.003458743492465541
8006,-0.004564265658740862
8007,-0.0062286581348654745
8008,-0.004363997879882658
8009,-0.00010321882980628833
8010,0.0004987444455881694
8011,-0.003186014559508857
8012,-0.0005373340524979404
8013,-0.0001476071496482323
8014,-0.005398568988633435
8015,0.0008599057564551774
8016,-0.0005202796949318363
8017,-0.00283639069770094
8018,0.0019678776079095593
8019,-0.002016126402469353
8020,-0.0033375125905770846
8021,0.0007191120615403224
8022,-0.003151577989259857
8023,0.0019652185897093277
8024,-0.001567126899555734
8025,-0.004858396261386417
8026,-0.004139138086409429
8027,-0.0028801014219556505
8028,-0.0071086052001564405
8029,-0.002726609398668735
8030,-0.006532243957222409
8031,-0.0036830537360275084
8032,-0.002235933714764854
8033,-0.003979535790643918
8034,-0.00479060718701705
8035,-0.0030446048111356858
8036,0.0020071028839820197
8037,-0.0060454888188935865
8038,-0.001632551182329127
8039,0.003520824633043783
8040,-0.004863528921998442
8041,0.0021654181595651273
8042,0.001036819161126544
8043,-0.005282551047646154
8044,-0.00738698321587607
8045,-0.007354835866347081
8046,0.0001708986378275469
8047,-0.0043470690016894215
8048,-0.0008469041311832196
8049,-0.005409557169120931
8050,-0.0005791353776148575
8051,0.0011798172264111464
8052,0.0022185611765861805
8053,-0.005324118272961167
8054,-0.0012067702183258464
8055,-0.0031034271803344685
8056,-0.004164811281032646
8057,-0.003251614584275385
8058,-0.0013879360632989488
8059,0.0005752714691560495
8060,0.000506368227285732
8061,-0.003029380132844515
8062,-0.004252594196649459
8063,0.0004995713912709331
8064,-0.0008295152939343832
8065,-0.009382402588464792
8066,-0.0017384059491430265
8067,0.0008417981496921557
8068,-0.008308086052432134
8069,-0.0028470057753050074
8070,-0.002645241652852237
8071,-0.001740847444990444
8072,0.0010555053826011816
8073,-0.004222766011661078
8074,-0.004298495056429333
8075,-0.0028432731452272993
8076,-0.0069355167190286865
8077,-0.00414181848161644
8078,-0.004228398463833154
8079,-0.006048073030197002
8080,-0.0030989764798741784
8081,-0.005067457487564705
8082,-0.0009356373906018317
8083,-0.004968357473954688
8084,-0.006396492576219982
8085,-0.0033796440073622334
8086,-0.0025659134513716063
8087,-0.0001353011386686226
8088,-0.004652768059023343
8089,-0.005493177249623768
8090,-0.0022341310666872047
8091,-0.005356603241122207
8092,-0.002429504976779649
8093,-0.0028265486515391194
8094,-0.007451190160781274
8095,-0.0006141299352121869
8096,0.0040282752496871785
8097,-0.0018923401526455032
8098,-0.0016247236249574068
8099,0.005079418518880156
8100,-0.0029889288632182313
8101,-0.003337315466635196
8102,-0.006451691113101725
8103,-0.00017863397930655694
8104,-0.0012385641753004557
8105,0.0012934341954663267
8106,-0.008482027996223794
8107,-0.0010768264175703215
8108,-0.003156341235516561
8109,-0.002672928190690531
8110,-0.0028857637299270072
8111,-0.0019362140754895056
8112,-0.0038071829160857967
8113,0.00028485206913510946
8114,-0.0014417452056919161
8115,-0.003924512036275179
8116,-0.0030931367504465693
8117,-0.004182573536684497
8118,-0.0011098080315051877
8119,-0.004425857049211002
8120,-0.0029485627404243937
8121,-0.003031433536689533
8122,-0.0036824115906458586
8123,-0.004204229423677066
8124,-0.0035960109982608977
8125,-0.0035336374194491517
8126,-0.004076886424574058
8127,-0.008033632311701823
8128,-0.0036106434614187263
8129,-0.009755157434129046
8130,-0.0041732403983978025
8131,-0.003302326210355356
8132,-0.0011330425906956668
8133,-0.004951468573839407
8134,0.003178106462248694
8135,0.0002085261743396613
8136,-0.007711960106633612
8137,0.00157170477369592
8138,-0.0008324800309575942
8139,0.003010539540339762
8140,-0.0016935526293825956
8141,-0.005475331198993322
8142,-0.0014165371287869107
8143,-0.001696497612633456
8144,-0.0006422438202986283
8145,-0.0020059405323000455
8146,0.0006132246683918999
8147,-0.0021127018288342944
8148,0.0033755492561420124
8149,0.0011864598619149881
8150,-0.0038352968403011015
8151,-0.0037718670219509948
8152,0.0005656472700483021
8153,0.0007776948605297818
8154,-0.006982897947430875
8155,-0.004986270512323122
8156,-0.0033390160279398035
8157,-0.0004355111697065331
8158,-0.005418295831323885
8159,-0.0006492268318512295
8160,-0.003619761774067958
8161,-0.0007684224045753432
8162,-0.001967984098881631
8163,-0.005839684893766094
8164,-0.005987617742745321
8165,-0.0020965012127057876
8166,-0.00128476971876779
8167,0.0005984151775138002
8168,-0.0028417214861887925
8169,0.0020838856524489184
8170,-0.007149331679066572
8171,-0.004995507501080621
8172,0.00025683621175688273
8173,-0.0011201097954246127
8174,-0.0021327415067028434
8175,-0.0010776321317989036
8176,-0.005573510997305919
8177,-0.0029400212998303213
8178,-0.006436891869820004
8179,-0.0015254525240294727
8180,-0.00366486671279111
8181,-0.0003609896150544717
8182,-0.008804641583574645
8183,-0.0033289315174622643
8184,-0.0036419591804480456
8185,-0.00446913520438556
8186,-0.004940379472907
8187,-0.0020576221302510862
8188,-0.003667303669886334
8189,-0.00269148807895693
8190,0.000392566722984114
8191,0.0001782698300706355
8192,-0.007170553098985035
8193,-0.005461239537153592
8194,-0.010478552927148468
8195,-0.0015591814444850007
8196,-0.0020804067961271364
8197,-0.0016914331360985482
8198,-0.0022124416626098826
8199,-0.001967411462270637
8200,-0.0051083096793457655
8201,0.0025319085205703813
8202,-0.004687617394061646
8203,-6.206783433884352e-05
8204,-0.0026277470969818043
8205,-0.0015682752860177937
8206,-0.0024636503543662112
8207,-0.0006727358961658575
8208,0.001527892818246522
8209,-0.003618708568264767
8210,-0.007728407112489993
8211,-0.0027287185867221828
8212,0.001734467521658855
8213,-0.005078302748255832
8214,0.0007593245143820357
8215,0.0027172043030660696
8216,-0.004922303414691305
8217,-0.0029335279337920628
8218,-0.007526645479212397
8219,-0.0030972450291665704
8220,-0.005028979641278124
8221,-0.0018445952809113958
8222,-0.004758216391953878
8223,-0.0014102986808015514
8224,-0.0005782164372615528
8225,-0.00251829118770713
8226,-0.0032618563646898066
8227,-0.005168151249804739
8228,-0.0059977383634238005
8229,-0.004745613488746473
8230,-0.0011535596093234651
8231,-0.007076543336219432
8232,-0.003861836090528061
8233,-0.004734359990248724
8234,-0.005321646778412008
8235,-0.0024192941368436464
8236,-0.007387751245446068
8237,-0.0005168142422103915
8238,0.0010403843936512974
8239,-0.0016272181858866218
8240,-0.0005468206758790055
8241,-0.003692123723427067
8242,-0.004914517000471602
8243,-0.0036688085858172133
8244,-0.004916616572422421
8245,-0.00042264684109651757
8246,0.0005966262251357185
8247,5.4523682905999876e-05
8248,-0.0005648355076313984
8249,-0.0016568854895318945
8250,-0.00137792857984163
8251,-0.00428551829422022
8252,-0.002071930162539464
8253,-0.0031260540048921176
8254,0.0007970552875813039
8255,0.0006016166732186884
8256,-0.00435688630524847
8257,0.0010595494719954496
8258,-0.002285098551373245
8259,-0.001418874748983192
8260,-0.009156200470500489
8261,-0.0025713884248719163
8262,-0.0003363576825556047
8263,-0.0010349873817151745
8264,0.00039025661287080474
8265,-0.005535784494380126
8266,-0.000503570735456791
8267,-0.006143912977441327
8268,-0.005224834008313972
8269,-0.005731354912037311
8270,-0.0027596089685224187
8271,-0.005160060382598017
8272,9.699058143207429e-06
8273,-0.0034292650337323163
8274,-0.006999004415566664
8275,-0.001968038595991664
8276,-0.005810046168920852
8277,-0.001097900522832932
8278,-0.0023262948366046636
8279,-0.002312549625086334
8280,-0.00572174283685023
8281,-0.0013210201137800054
8282,-0.002212315756603706
8283,-0.0016712104186942453
8284,-0.000659689513848382
8285,-0.006420114049703954
8286,-0.005496584494677981
8287,-0.0028714284824120397
8288,-0.0013938592498757459
8289,-0.0014334245065855886
8290,-6.396444168165275e-05
8291,-0.0037009346151154615
8292,-0.0006874911000222111
8293,-0.0051327341732865725
8294,-0.004456701891169874
8295,-0.006995465868923398
8296,-0.003191242950728146
8297,-0.0019370090818674086
8298,-0.00673519162787381
8299,-0.0035436091598928104
8300,-0.0042287468333396284
8301,-0.003096190172233504
8302,-0.0049943777747215
8303,-0.0057333606609111624
8304,-0.003163373577414197
8305,-0.0008565837462246977
8306,-0.00548459850884675
8307,-0.00047146821733315414
8308,-0.0021438561655125338
8309,-0.0028157052216948447
8310,-0.0038228593512238257
8311,-0.0027131062226129245
8312,-0.005602104930367224
8313,-0.0020322237494020054
8314,-0.0075625289992212325
8315,-0.0028957465140579293
8316,-0.003328692709792448
8317,-0.0021856258899750243
8318,-0.003469989442196751
8319,-0.0030493106941927098
8320,0.003609073122744468
8321,-0.0010071713148776286
8322,-0.004383238715682421
8323,-0.0038372953637804685
8324,-0.0016444434689058436
8325,-0.0023516220461856537
8326,-0.00537451695323965
8327,-0.0007097960169243946
8328,-0.001005063541812446
8329,-0.006784397743307014
8330,-0.004216651307476844
8331,-0.0029435274190716954
8332,-0.006492692460781428
8333,-0.0033194381395602567
8334,-0.003947308259423552
8335,-0.0019277425584848032
8336,-0.001774020979445727
8337,-0.004276664392673747
8338,-0.0030043782940330846
8339,-0.0005703831067239255
8340,-0.002200689841536603
8341,-0.0053884539416987134
8342,0.00012931071147556303
8343,-0.0046090138546838605
8344,-0.0016202403746633232
8345,0.004526899418963108
8346,-0.00505916706812266
8347,-0.004087369598809825
8348,-0.0005119456245231344
8349,-0.004773444431888409
8350,-0.00673441836859702
8351,-0.0047920704998626155
8352,-0.004631435487423424
8353,-0.010751854167266258
8354,-0.003609625648637007
8355,-0.0023436648813457
8356,-0.00730618335029572
8357,0.0029912056675952224
8358,-0.002004952059148961
8359,0.0006515311728611875
8360,-0.002798035171000298
8361,-0.004491413842043761
8362,-0.0037711691099425286
8363,-0.002821865479396512
8364,-0.003325520881056837
8365,-0.004707949815922551
8366,-0.000667348493032207
8367,0.0012727616686553055
8368,0.001091492357652206
8369,-0.003109245366196993
8370,-0.004411876697119208
8371,-0.0012934868502022107
8372,-0.0021935019323160304
8373,-0.0060403711061767056
8374,-0.004066082675762143
8375,-0.003167024054047264
8376,-0.00164342733388316
8377,-0.0033020059113868863
8378,-0.005579155346329842
8379,-0.004507196324736326
8380,-0.0005731524613029892
8381,0.001249552649344926
8382,-0.00452634762378893
8383,-0.0013286257389275372
8384,-0.0015966718561437401
8385,-0.006147354078684317
8386,-0.0006451826029547567
8387,-0.0005255697013941442
8388,-0.0024778469749140754
8389,-0.0031317600535199636
8390,-0.003435738848190005
8391,-2.499666638072079e-05
8392,0.0005422092715676036
8393,-0.003912652933298216
8394,-0.004301861819573653
8395,-0.005382560526034769
8396,-0.002415338877992494
8397,-0.0024861484600326757
8398,0.000668713726813111
8399,-0.004545918562289055
8400,0.000447829682716179
8401,0.0003446838735907433
8402,-0.0002267204784521283
8403,-0.00246534798341895
8404,-0.005534320587905796
8405,-0.003306071379921973
8406,-0.003954411388266729
8407,-0.00021909031934691167
8408,-0.0034192735261040635
8409,-0.003354958568405529
8410,-0.004173898876263477
8411,-0.0062335142195458285
8412,-0.0058839518853590275
8413,-0.0022074154119921356
8414,-0.0011444439865408301
8415,0.00015183578254560764
8416,-0.0023725996865169782
8417,0.00031851955244189406
8418,-0.0008297233576992011
8419,-0.0001924644404312087
8420,-0.005292050296477974
8421,-0.0014389917037126408
8422,-0.00555585667840755
8423,-0.0006624310518467125
8424,-0.0056361843118888436
8425,-0.0021194743892847256
8426,-0.0063667324206592955
8427,-0.0012215537780867654
8428,0.002209595867582296
8429,0.000518026549368434
8430,0.00035777011323673974
8431,-0.003332705679501391
8432,-0.001604479189086714
8433,-0.0033170463478136084
8434,-0.006852600724750087
8435,-0.004120892926940099
8436,-0.0070850174766916366
8437,-0.0028466868860367554
8438,-0.0026622631954416782
8439,-0.004752956425085844
8440,-0.0010732432290341681
8441,0.0022827219531099813
8442,-0.004376334139240941
8443,-0.0045970572738637284
8444,-0.0005513425611266727
8445,-0.0042323207114041035
8446,0.0002995717677205037
8447,-0.0005201521078571462
8448,-0.0003247665629723326
8449,-0.0035801219918965843
8450,-8.034327840894875e-05
8451,-0.003385066422459452
8452,-0.0032745814163965617
8453,-0.005773056191120538
8454,-0.00550520647602162
8455,-0.005816407289985746
8456,0.002838142180513384
8457,-0.00211110429130814
8458,-0.0016718676868853997
8459,0.0009204478931791153
8460,0.0032736387092287267
8461,-0.005391366356895973
8462,-0.0020861827295649976
8463,-0.005263919070140392
8464,-0.003194721280507209
8465,-0.007148931598189152
8466,-0.0075552159390275125
8467,0.0034427883998621317
8468,-0.0025872384526403613
8469,-0.0040072918622294056
8470,-0.005882904098339012
8471,-0.0026622471341383874
8472,-0.0017318802626901282
8473,-0.005376941296386176
8474,-0.011021313495949106
8475,-0.003407685689284283
8476,-0.0026614803784624115
8477,-0.004882827090329351
8478,0.0002830317875648289
8479,-0.003093584701315065
8480,-0.0021419476363232944
8481,-0.001269636667260897
8482,0.002428033523455081
8483,-0.0016721084661849017
8484,-0.0008889850941037822
8485,-0.0026853392463452863
8486,-0.002555946985134592
8487,0.004852125211118621
8488,-0.0037283618266778853
8489,-0.0021507207013815033
8490,-0.00048175633111588456
8491,-0.0043178748639815905
8492,-0.0019633429973579704
8493,-0.002736911997623461
8494,-0.002932031228023848
8495,0.0028121768619376146
8496,-0.005526511921461544
8497,-0.003339189334801953
8498,-0.005267302643107274
8499,-0.006443659966466418
8500,-0.004203326767418216
8501,-0.001173664936600486
8502,0.00028252066538715995
8503,-0.0015888879286900387
8504,-0.002635337626010037
8505,-0.004686649193274661
8506,-0.006744087910597232
8507,0.001582017063803575
8508,-0.004137764767355771
8509,-0.0047988035198731
8510,-0.00218366071865847
8511,-0.0018645903538342806
8512,-0.0021386334126716026
8513,-0.0032996113114205847
8514,-0.001130702580265052
8515,-0.0016452943929490607
8516,-0.0034038031219409334
8517,-0.007028596159505518
8518,-0.003154654968396623
8519,-0.0022340050306654397
8520,-0.00391365644267324
8521,-0.0018856978669410523
8522,-0.002568075321968455
8523,-0.006350986550994447
8524,-0.0058066578927823825
8525,-0.0012485806952407912
8526,-0.000574644700508331
8527,-0.0035388489945326895
8528,-0.006062960616040367
8529,-0.0036374371001431684
8530,-0.004491355027252453
8531,-0.0056483010100279
8532,-0.009177882125566614
8533,-0.001996925289147189
8534,-0.0020526088647237
8535,0.0013857536070153303
8536,-0.004715950004339851
8537,-0.001289131155188767
8538,-0.0003371423237381148
8539,-0.0023924490334918183
8540,-0.006456842630856163
8541,0.0014722635667177922
8542,-0.0019226056082569457
8543,-0.00035864733313030125
8544,0.0018474607194240746
8545,-0.007682566763633315
8546,-0.00905118915124688
8547,0.0036478806103761065
8548,-0.006399030238984946
8549,-0.008011404612951821
8550,-0.001801449535633881
8551,-0.004983231434680026
8552,-0.005343733323875638
8553,0.0005612654413856624
8554,-0.0017014723355165962
8555,-0.004554876923341687
8556,-0.0014096684686978958
8557,-0.0015185021932196015
8558,-0.0018767438925386959
8559,-0.004867081309759772
8560,-0.0056518714615941025
8561,-0.0051060281506191026
8562,-0.0013302248087170392
8563,-0.001373938679108587
8564,-0.004739716455302186
8565,0.0002972949418484118
8566,-0.004771415218870659
8567,-0.002530614355611617
8568,-0.0008850364607222092
8569,-0.0006763737086976432
8570,-0.005727602008635202
8571,-0.005845795956807849
8572,0.00013922696759849015
8573,-0.0030472156548831016
8574,0.00021017089984502746
8575,-0.0016851673619968054
8576,-0.00023025193663957916
8577,0.0016617302528289246
8578,-0.005139157648342982
8579,-0.004717560767984942
8580,-0.0004193993229243409
8581,-0.000573830691399671
8582,0.002468365912687797
8583,-0.004549814984837943
8584,-0.0030403487222146162
8585,-0.0009241924139866305
8586,-0.005110294390227591
8587,-0.003542191195523115
8588,0.0003096268418772419
8589,-0.011160190520648407
8590,0.0009011544632944977
8591,0.003798922254580079
8592,-0.006067322687326359
8593,-0.0059899286592656545
8594,-0.0037594200136530954
8595,-0.0036894173451822443
8596,-0.003777375583196723
8597,-0.0038077582176461837
8598,-0.004642355240637695
8599,-0.001028453174645963
8600,-0.006668011034648792
8601,-0.0030590135053702554
8602,-0.006530004609720204
8603,0.0007305398574912123
8604,-0.0010615162510313123
8605,-0.005397643953101581
8606,-0.000837573467559527
8607,-0.0021664857976944063
8608,-0.003319890510229021
8609,-0.0019017320468108466
8610,-0.009905348601753225
8611,0.0005208696407543005
8612,-0.003242223931186561
8613,-0.0010967825770310836
8614,-0.006755327377018165
8615,-0.004969941027023219
8616,-0.0021140436123930663
8617,-0.0021051552377630255
8618,-0.004101447649033436
8619,-0.0008898307287268023
8620,-0.00776461237425911
8621,-0.005530059649672826
8622,0.00035368250345886587
8623,-0.003302938468466861
8624,-0.002139543273813216
8625,-0.004185598709679043
8626,-0.0050361148759035
8627,-0.0031605151281860963
8628,-0.0032162257960961574
8629,-0.0015198978687988515
8630,0.0022102505491318515
8631,-0.0008447595417473627
8632,6.717175653027721e-05
8633,-0.0038830065374400695
8634,-0.0037885426454428994
8635,-0.0026675295942786177
8636,-0.002038939783290932
8637,-0.0057251247642915205
8638,-0.0014200274648344252
8639,-0.001795478910021301
8640,-5.130459439941712e-05
8641,-0.0033677805645403423
8642,-0.003772086530936511
8643,0.0010342481769463445
8644,-0.0018186837880678243
8645,-0.005188770355722315
8646,0.0008460944187758841
8647,-0.004338289013068784
8648,-0.005248050193844583
8649,-0.004311234905974081
8650,-0.000713744178322484
8651,-0.004398460989857612
8652,-0.004425187085908184
8653,-0.004156736352044704
8654,-0.004779399028539192
8655,-0.008223001463189966
8656,-0.000767905906549772
8657,-0.0020638272078153212
8658,-0.001283899619670563
8659,-0.0010939129223840986
8660,-0.0031266772138662073
8661,-0.004920722271241941
8662,0.0017536960715187483
8663,-0.004029080003430267
8664,-0.0026343936240238244
8665,-0.0028117115334204516
8666,-0.002743215021625594
8667,-0.004872853768321049
8668,-0.0015070083691248182
8669,-0.0032767136016723583
8670,-0.004406444588877019
8671,-0.008142895629153074
8672,-0.0030413719931055155
8673,-0.0011950686859147595
8674,-0.0036090156846280766
8675,-0.0035559699085115533
8676,-0.0014670960892101785
8677,-0.00488321017677644
8678,-0.001577285128995111
8679,-0.002825090258494766
8680,-0.0032828634288518226
8681,-0.006981512468226994
8682,0.0023844873022413476
8683,0.003289407386905148
8684,-0.0009982503459744566
8685,-0.005604348969071492
8686,-0.005061908416604637
8687,-0.003011461393719928
8688,-0.004594131664219483
8689,0.0003792334963058121
8690,-0.0012264431917004132
8691,-0.005419634286523735
8692,-0.0023889076996120584
8693,-0.0009611408864247002
8694,-0.008071052322215291
8695,-0.0006576185766738567
8696,-0.0016473816987511367
8697,-0.004715464888265984
8698,0.0021409887265161943
8699,-0.0005353281787111829
8700,-0.0045265222804653366
8701,-0.0010880382707969295
8702,-0.001197320075907577
8703,-0.005244371198046147
8704,-0.0008504361422992657
8705,-0.008393200690927041
8706,-0.006423002656328565
8707,-0.0029877305941172737
8708,-0.008295686455639023
8709,-0.004180831607328357
8710,-0.008802006389785805
8711,-0.002876122887204735
8712,-0.0034355123650516572
8713,-0.003017780083021303
8714,-0.0025924139453304476
8715,0.001010030551721941
8716,-0.002226572508174887
8717,-0.0034401901534125354
8718,0.0020004467931858914
8719,-0.0034549347069272734
8720,0.0035548549957985544
8721,-0.003110158335178071
8722,0.0037508708715620273
8723,-0.004074142212304982
8724,-0.0007740163485323026
8725,0.0034056980979344266
8726,0.0004514682047712555
8727,-0.0029270267241183374
8728,-0.0031210978791650183
8729,-0.006128926089708709
8730,-0.005263465651892535
8731,-0.0066679677938393
8732,-0.006538825972288748
8733,-0.00018607595185921033
8734,-0.0011326138127760593
8735,0.0020198768371667494
8736,-0.002572765655520542
8737,-0.0025754643609177605
8738,-0.002248065730472308
8739,-0.007900098720211225
8740,-0.005797966009107359
8741,-0.0026248551653265534
8742,-0.004794567978228893
8743,-0.0018224546059043244
8744,-0.0030734237118684934
8745,6.524061803635933e-06
8746,-0.003317670772863074
8747,-0.0026527160243814615
8748,0.0020464534690262104
8749,-0.0026677515189774854
8750,-0.004820763343733707
8751,-0.0006921823874953895
8752,-0.001399518484912373
8753,-0.002466574681696195
8754,-0.006911875996549386
8755,-0.0013388879280302225
8756,-0.0030955503647515717
8757,-0.002932815675601972
8758,-0.006476195066382619
8759,-0.003325266149136249
8760,-0.00045887030968832024
8761,-0.0018409738374640001
8762,-0.002770025360016186
8763,-0.0037273432450008054
8764,-0.00489068527227593
8765,-0.003699338489204857
8766,-0.0020247443894746593
8767,-0.0014102778985556653
8768,-0.0019060053890330893
8769,-0.007606594440968107
8770,3.133308082202413e-05
8771,-0.004733480346662638
8772,0.001036674841975064
8773,-0.004438479077953392
8774,-0.0009465329789114241
8775,-0.001978925790764873
8776,-0.01177706489513411
8777,-0.004680424601552824
8778,-0.001338954816121906
8779,-0.006205768345530008
8780,-0.007797268939028108
8781,-0.0011529087310996333
8782,0.0003687359432088047
8783,-0.005009490069810142
8784,-0.005506505940006037
8785,-0.0018841855280600506
8786,-0.003659975258188286
8787,0.0013667900610116086
8788,-0.0009616368601051625
8789,-0.0038756288386148224
8790,1.6846967250835898e-05
8791,-0.003995931689690882
8792,-0.003118608952381599
8793,-0.0019368535144959481
8794,-0.0013336579224368893
8795,-0.005168326640387227
8796,-0.003547486401177649
8797,-0.004545085613814424
8798,-0.006856368356314153
8799,-0.0018323046692721688
8800,-0.005336788314517664
8801,-0.006854328372931151
8802,-0.006777193492222087
8803,0.0011291463239857594
8804,-0.006868097290212635
8805,-0.00010376227271767166
8806,-0.002913689239328516
8807,-0.004238472382039834
8808,0.0003849569423724601
8809,0.002268145741136443
8810,-0.0033916018511957052
8811,-0.0026971547632300974
8812,-0.00674770322912626
8813,0.000212329278594936
8814,0.0013418363989112121
8815,-0.004895587705241532
8816,-0.003651954898399312
8817,0.0006206972943178582
8818,-0.004697320863559139
8819,0.0017001877568535856
8820,-0.00916958709683104
8821,-0.0020477999089831694
8822,-0.004155887890879527
8823,-0.0034057969937294277
8824,-0.0015265895828413707
8825,-0.004365440519293044
8826,0.0006024445539799111
8827,-0.002398529442472489
8828,-0.0021914156371147103
8829,0.0008947617660641817
8830,-0.002359604553085988
8831,-0.006178277731891266
8832,-0.005454221551903327
8833,-0.00601957378639106
8834,-0.004241450973885626
8835,0.0004753674259302537
8836,0.0007976271899299142
8837,-0.007813568367650896
8838,-0.005228908405333736
8839,0.00022593622086746618
8840,-0.006337411067625302
8841,-0.007101938070893439
8842,-0.006055889662424117
8843,-0.0017849407989848631
8844,0.0009278896935169915
8845,-0.00016140626006888592
8846,0.004614337595287791
8847,-0.0023352094537394466
8848,-0.0028255322381291158
8849,-0.0032945038535193635
8850,-0.0010726356023534403
8851,-0.002373478903257731
8852,-0.005672907238077313
8853,-0.006162879151802903
8854,0.00022592415875098346
8855,-0.0064103777150178
8856,-0.0013121407633606176
8857,-0.004405640158883738
8858,-0.0034244727652949225
8859,0.0030445571564648548
8860,-0.002701592359572
8861,-0.0030972524993218772
8862,0.0021174668711924083
8863,-0.002447925453054847
8864,-0.0018049143411144088
8865,-0.0006126724506117648
8866,-0.002930328347216543
8867,-0.001979677387759067
8868,-0.0008868461877166375
8869,-0.0038007250517194564
8870,0.0056606739283098055
8871,-0.0025320691029208954
8872,-0.00212816215562181
8873,-0.0007429515154391692
8874,-0.0014489319431334885
8875,-0.0006829080680373217
8876,-0.002008100407935441
8877,-0.0005793959845829567
8878,-0.0013869374759383768
8879,-0.0028132793883907797
8880,-0.0008030107382826224
8881,-0.002097421676381526
8882,-0.005378879763339221
8883,-0.0027423517469210533
8884,-0.0032386773054394677
8885,-0.0024511491441126243
8886,-0.0008882391644192654
8887,-0.005617902774278108
8888,-0.004026478069296631
8889,-0.009266732733167467
8890,-0.004256772401954264
8891,-0.004347460872832651
8892,-0.004150775695468702
8893,-0.004085905117117181
8894,0.001161476941227979
8895,-0.006819518807295054
8896,0.0032369437971713627
8897,-0.005039075794028416
8898,-5.653520236217208e-05
8899,-0.004930196412911973
8900,-0.004643771035203574
8901,0.0009419040625190597
8902,-0.0019876024603833232
8903,-0.005687390861337578
8904,-0.002048057999343357
8905,-0.00028381512725197955
8906,0.0009431759785420851
8907,0.0027554791862261264
8908,-0.002965051772071778
8909,-0.003531632581048414
8910,-0.006107109755583609
8911,-0.002736986405831157
8912,0.002237577341465482
8913,-0.0013977728614174532
8914,-0.0027410625926079894
8915,0.0001829928113138736
8916,-0.002560454980421508
8917,-0.00440141347846764
8918,-0.005128164867931145
8919,-0.004109927511407034
8920,-0.009674013541519765
8921,-0.003436851848682476
8922,0.002296711561325715
8923,-0.001934993991959632
8924,-0.0014903468875527397
8925,-0.0055234381475017
8926,-0.004902407655164483
8927,-0.001294829245828532
8928,-0.002055881718512991
8929,-0.0016692392187852116
8930,-0.002252794849344795
8931,-0.002028090175761544
8932,-0.0017366314735129049
8933,-0.001135064864405018
8934,-0.0004051790986391232
8935,-0.005108369993596193
8936,-0.0025473362000097664
8937,-0.0038171312157012846
8938,0.0004395282831115739
8939,-0.003878908803907656
8940,-0.0031456593510373887
8941,-0.002823559785153664
8942,-0.0015863909484935025
8943,-0.0029808091476558572
8944,-0.004516567446128272
8945,-0.004057233283224684
8946,-0.007707526510945025
8947,0.004355651549156188
8948,0.0006028347401393908
8949,0.00048060070928761245
8950,-0.0010771990469801013
8951,-0.002057426432109495
8952,-0.004520256763033279
8953,-0.00795861678267721
8954,0.000941421253486948
8955,-0.006526616040780017
8956,-0.001892427117407558
8957,-0.0012999988798735908
8958,-0.005617544329177333
8959,-0.003913341084047263
8960,-0.003424130327961031
8961,0.0014071356092936436
8962,-0.0069142976601414274
8963,-0.001980501719213254
8964,0.00011956306419499269
8965,-0.0030693616419929758
8966,-0.0028344244579549885
8967,-0.0029241275777273854
8968,-0.0007026411694855371
8969,-3.616717054928664e-05
8970,-0.008121202465314323
8971,-0.0008357837864444856
8972,-0.0006999321631535362
8973,-0.004657593726886761
8974,-0.007243458347882932
8975,-0.0016082003489989172
8976,-0.007276539536389095
8977,0.0006922759557089243
8978,-0.0020355224360492086
8979,-0.005670860437437284
8980,-0.000959145188349407
8981,-0.006465012007464792
8982,0.000945508831480861
8983,-0.002886399806494685
8984,-0.003907059697973808
8985,-0.0012307721897284116
8986,-0.005629099783918758
8987,1.9618068814224177e-05
8988,-0.003397298226209669
8989,-0.002917609445195906
8990,-0.0015798918862007343
8991,-0.0015757485457390738
8992,-0.004951158975076451
8993,-0.002784878196111309
8994,-0.005579742987622371
8995,-0.005870254688709761
8996,-0.0016792528850679105
8997,-0.00256278174022875
8998,0.0009671533213997559
8999,-0.0077147896867714935
9000,-0.004584203434469511
9001,-0.008151736655663544
9002,-0.004405060098506115
9003,0.0009051663183883701
9004,-0.0002384823581643436
9005,-0.0039119209878715755
9006,-0.006213315090924456
9007,-0.005066685252768117
9008,-0.002482780957723245
9009,-0.0025180560368740917
9010,-0.004520896754812865
9011,-0.004618207489329701
9012,-0.005624118535234174
9013,-0.002026186981399107
9014,0.005788894279025205
9015,0.0008684583059016919
9016,-0.00616129806876841
9017,-0.00574742732574051
9018,-0.007760237214813628
9019,-0.0008624255887272267
9020,-0.0003008039442317194
9021,-0.004539860876051776
9022,-0.006168960367618624
9023,-0.006704828836537578
9024,-0.005158079927732932
9025,-0.004902956919990299
9026,-0.0030412233486989126
9027,-0.004202082023133682
9028,-0.005534752617106571
9029,-0.001597423197186535
9030,-0.005328864464635659
9031,-0.0009380074593080927
9032,-0.005015053738342386
9033,-0.0034368978954748344
9034,-0.006446511210129787
9035,-0.006014164348880829
9036,-0.003173755220233457
9037,-0.0026434920714109578
9038,-0.0025701652459912926
9039,-0.0008780665672327229
9040,-0.002213346186598672
9041,-0.003762253448650898
9042,-0.00024794974221410693
9043,0.0018422003241775897
9044,-0.0002977491035509733
9045,-0.00560520636871923
9046,-0.0038049347579504553
9047,-0.0030407686053925687
9048,-0.0048431488938294395
9049,-0.004642672934707919
9050,0.0004265573738442968
9051,-0.0024566119963797053
9052,-0.0024517913025115592
9053,-0.006244721131349239
9054,-0.0021409944557181197
9055,0.00033288030226599763
9056,-0.0009312917488175435
9057,0.00013201982026092574
9058,-0.002561849501043951
9059,-0.004533047854955639
9060,0.00012144726104447792
9061,-0.0016670326091446086
9062,-0.00039738511926457054
9063,-0.005804158194082948
9064,0.0012317342535198075
9065,-0.002182139606162585
9066,-0.002081875894556072
9067,-0.0045253784848561865
9068,-0.00278121906156268
9069,-0.0064942214749960266
9070,-0.0003021293616415413
9071,-0.0018274249329775678
9072,-0.007046255542960261
9073,-0.0017736811770383068
9074,-0.003424493323570414
9075,-0.003822994317203423
9076,-0.00605235124311853
9077,-0.004612856865307633
9078,-0.004138769880994535
9079,-0.003809477695674343
9080,-0.00165503267030577
9081,-0.004676192477319388
9082,-0.00825808031386039
9083,0.001005763351470016
9084,0.0017713828594202279
9085,-0.001676391131905642
9086,-0.0037951299152027933
9087,-0.003962635135844779
9088,-0.00415692563426109
9089,-0.007880492673167882
9090,-0.0005527641726477371
9091,-0.0037347543891492405
9092,-0.002338009946845885
9093,-0.002127017636459852
9094,-0.00651094711516478
9095,0.0010716017593501853
9096,-0.0021998000970076155
9097,0.0005383750661480148
9098,-0.0009888486123933067
9099,-0.001093921925300563
9100,-0.0018441914810333228
9101,-0.006371067806236669
9102,-0.0038617872087925095
9103,-0.008835890252691402
9104,-0.00100570716574638
9105,-0.006830999602183977
9106,-0.0022509951448772443
9107,-0.0023726136041228793
9108,-0.0012920949676661596
9109,0.0019310557156553762
9110,0.0004477620335584867
9111,-0.00736162036285596
9112,-0.0014820650270537354
9113,-0.006019540486063915
9114,-0.005474881996813407
9115,-0.006597144724837328
9116,0.003284782392331615
9117,5.8176262631170345e-05
9118,-0.000613287924901635
9119,-0.001908013969125582
9120,0.0001539860134147121
9121,-0.0039279278855820915
9122,-0.003352952742349452
9123,-0.008244309568378835
9124,-0.0032108695029661113
9125,-0.00010049552270114184
9126,-0.003298627634684574
9127,-0.0027137278966539308
9128,-0.0041151248365601
9129,0.0029567615712804834
9130,-0.0017321875765644312
9131,-0.0039930197987064
9132,-0.0035461650270565415
9133,-0.005785922278973017
9134,-0.002771358771164717
9135,-0.0018914963880810286
9136,-0.003845612673992263
9137,0.0005362615601721757
9138,-0.0031793169864636414
9139,-0.002589786004452671
9140,-0.0039340944416575326
9141,0.0003170701428625543
9142,-0.0031986101036761
9143,-0.0058273541971249065
9144,0.0010365148233754291
9145,-0.005466437148845555
9146,-0.005748875362139239
9147,-0.00041524609305728863
9148,-0.0034227422065431883
9149,-0.003389673122270922
9150,-0.0030364317918609995
9151,-0.004660471671779347
9152,-0.0013557703570774675
9153,-0.008535949849122648
9154,-0.004536680271314174
9155,-0.0032294462756437096
9156,-0.005949481652759811
9157,-0.0026961628135404384
9158,0.0016870031167374316
9159,-0.004685874520254568
9160,0.0005318781376555774
9161,-0.007977730421918402
9162,-0.0027934541613252144
9163,-0.004134070042184329
9164,-0.004112513901787417
9165,-0.007659656441367013
9166,-0.005721699837279933
9167,-0.004364703694285717
9168,0.0024539323206648617
9169,-0.009025576728900968
9170,-0.0012723984551845577
9171,-0.0006321039812627362
9172,-0.003044070163558975
9173,0.0019459131075263356
9174,0.0033543667210949
9175,-0.005648795183672638
9176,-0.002362311482035459
9177,-0.004204433437799006
9178,-0.003538371318172747
9179,-0.0004209622400626299
9180,-0.0020821711820002975
9181,-0.011015059232182881
9182,-0.001042110573896679
9183,0.0004344194982877081
9184,-0.0030983992457343235
9185,-0.0013355065254007231
9186,-0.006003287425942031
9187,-0.003398241336434113
9188,-0.004144813751798523
9189,-0.0034879079860667406
9190,-0.0011438408191444538
9191,-0.0018427778452985953
9192,-0.00010141426216921448
9193,-0.005327130422540096
9194,0.0017314855721007813
9195,-0.00833916029752867
9196,-0.001918506467582716
9197,-0.0029418900866904803
9198,-0.0018251337243612616
9199,-0.0022438879816067334
9200,-0.001032406194219477
9201,-0.006868294526037426
9202,0.001988631954576242
9203,-0.006605474794616779
9204,-0.002504177544142769
9205,0.0009329761869772864
9206,-0.00027946401132109694
9207,0.0013007607767812415
9208,-0.003688612300258784
9209,-0.010157207564970131
9210,0.002641121038333104
9211,-0.0023615576196639836
9212,-0.0020916602940078202
9213,0.0011291859305839515
9214,-0.009953847132756825
9215,-0.0051109665588705555
9216,-0.005409889681326795
9217,-0.00885973112551007
9218,-0.0015153177461256079
9219,-0.0007922843009626895
9220,-0.0015606401609861327
9221,-0.006142415090373127
9222,0.001409195475015057
9223,-0.003965591753678201
9224,0.001992737659283421
9225,-0.003589479262261143
9226,-0.0026553931948087237
9227,0.0008578273524389689
9228,-0.0033131943137523524
9229,-0.003985938459614598
9230,-0.0029799365427860616
9231,-0.00268029873060803
9232,-0.002027621420473233
9233,0.002307733445968938
9234,0.003007393163863451
9235,0.0034669293657915087
9236,0.0005387917080771736
9237,0.0022111272164516207
9238,-0.0019926776249324235
9239,-0.006869539365590503
9240,-0.000358855081394327
9241,0.0004965440705855667
9242,-0.007230445495741755
9243,-0.004726123336487496
9244,-0.001384038784214961
9245,-0.0024314837474750037
9246,-0.004304888860966284
9247,-0.002468444261082739
9248,-0.006925997351273756
9249,-0.006903275622704923
9250,-0.004361092126182353
9251,-0.003297192815413307
9252,-0.0030314741933546024
9253,-0.004994744488179
9254,-0.0020341673127153986
9255,-0.001464435743725543
9256,-0.006092703367555543
9257,-0.00025032791545541097
9258,-0.0025218956450493574
9259,-0.0003351802941934552
9260,-0.006548858068565363
9261,0.00016975820604099925
9262,-0.005260354363718512
9263,-0.004032502171632438
9264,-0.0028413474529145784
9265,-0.005073618237017012
9266,-0.004292271004125131
9267,0.0011705393028476896
9268,-0.005749974612424529
9269,-0.003066364117233527
9270,-0.0032573422599043965
9271,0.0004813819987411795
9272,0.00038482098486569
9273,-0.002776614527260763
9274,-0.0033440381325062704
9275,-0.006301193341505199
9276,-0.0042056757245263685
9277,-0.003869497623579677
9278,-0.0020218030285975644
9279,-0.0021164386162001066
9280,-0.004352867401758213
9281,-0.0032701314218143984
9282,-0.002063561819464158
9283,0.0004032809940233452
9284,-0.0024263553810515426
9285,-0.002070705645874249
9286,-0.004348135673712325
9287,-0.002106328392499371
9288,-0.0021294895844907215
9289,-0.0006568627571462739
9290,1.8387557754271505e-05
9291,-0.002322723388847467
9292,0.001229145101604722
9293,-0.005513734459846275
9294,-0.00420309324249565
9295,-0.0004466778406210896
9296,-0.0028563349032372128
9297,0.00011868636523653872
9298,-0.0012058425234407547
9299,-0.005119971005335223
9300,-0.006065504568253412
9301,-0.002246144176326282
9302,-0.005581303010034955
9303,-0.003985115485271775
9304,-0.003041216911490445
9305,-0.006194791974978915
9306,-0.0016850513832472117
9307,-0.001496128181731879
9308,-0.002791490720094037
9309,-0.004829045492289713
9310,-0.001569669849249479
9311,-0.008874261100935622
9312,0.0005145096665476814
9313,0.005836114267298763
9314,0.0003711160297848459
9315,-0.0070123921522294436
9316,-0.002318357108587781
9317,-0.001969726266861746
9318,-0.0035676189097239124
9319,-0.006582424520339428
9320,-0.0038860738123828696
9321,-0.0010864854635001704
9322,-0.005111906334409413
9323,-0.0046242273890237835
9324,-0.0054474635257539435
9325,-0.003990295551139261
9326,-0.002019111759736899
9327,-0.0039022970330904183
9328,-0.007364401367016368
9329,-0.004812666933700915
9330,-0.0003849815868443261
9331,-0.0003464837530799923
9332,-0.003208848804274956
9333,-0.00250002147487436
9334,-0.0011855236576235745
9335,-0.004893625208376599
9336,0.00013990935362602486
9337,-0.0012046159726759528
9338,-0.002213316413183855
9339,-0.0008199844444917032
9340,-0.0029251974057968623
9341,-0.004037389083435618
9342,-0.00491719799587699
9343,-0.008035483924225404
9344,-0.0050044387103331915
9345,-0.0021003097793944776
9346,-0.0016310503509189798
9347,-0.006860280277281246
9348,-0.005548277143649295
9349,-0.001325458238555826
9350,-0.003885089085692288
9351,-0.009495471196298677
9352,-0.004221518697713242
9353,-0.0024991475964552153
9354,0.00029466518062236727
9355,-0.006741620686580425
9356,-0.002609832968978789
9357,-0.004164726977881457
9358,-0.005301347793477192
9359,-0.00474364230847928
9360,-0.0007479867896077359
9361,-0.0013310025571152614
9362,-0.004498762379971415
9363,-0.00492120027012604
9364,-0.005466830703229862
9365,-0.0008656525221557437
9366,-0.008176295337593405
9367,0.0003572848306787439
9368,-0.003698376839632589
9369,0.00031681425681501924
9370,-0.00042637386494553606
9371,-0.005683468586386908
9372,-0.008088385990808598
9373,-0.0055681468693261245
9374,-0.0046327219453790695
9375,-0.0005154004061728931
9376,-0.0057562702965533175
9377,-0.003275893857776359
9378,-0.000245581421165722
9379,-0.004606730115503159
9380,-0.005147501781324851
9381,-0.0021790626295696384
9382,-0.0015763296392203863
9383,-0.00032681454597002085
9384,-0.0014162524045986946
9385,-0.008385076193460357
9386,-0.0017718995775092665
9387,-0.00672984421578773
9388,-0.0002817349489093214
9389,-0.00371601513128662
9390,0.0003629318285851557
9391,-0.0012505056397222845
9392,-0.002116357032651006
9393,-0.0002483919774952069
9394,-0.0011027493862697801
9395,-0.003138851696931653
9396,-0.003007402242371948
9397,-0.0013817532185465553
9398,-0.004088274523675769
9399,-0.0021986341199678808
9400,-0.0030126666613073463
9401,-0.006099980221938403
9402,-0.00463957461575594
9403,-0.004381699164498279
9404,-0.002558979604115285
9405,-0.010514000268741355
9406,0.003940979256589747
9407,0.00012698246920174808
9408,-0.00415923610835682
9409,-0.00047615021007149996
9410,-0.007507306162970094
9411,-0.004574095855670084
9412,-0.004339434069433129
9413,-0.0016414018691349556
9414,-0.004765761777954569
9415,-0.00311478792040204
9416,-0.008623414939861723
9417,-0.002911260945697717
9418,-0.005150568859869288
9419,-0.0003357658711607252
9420,-0.0028591444336731053
9421,0.0036062221063409387
9422,-0.002435658477447398
9423,-0.00904422576577828
9424,-0.0042303702494613515
9425,-0.003618746988213975
9426,6.666278887969626e-05
9427,0.0011716918386762282
9428,0.0007107353597460668
9429,-0.003959852809512828
9430,-0.0038462405707705705
9431,0.0005939823229798788
9432,-0.001992193129209008
9433,-0.0034177215626659957
9434,-0.003535154330176468
9435,-0.005744774180067198
9436,-0.003854773622587484
9437,-0.005000420829671386
9438,-0.004991133030427603
9439,5.736610299044917e-05
9440,-0.01158093552712628
9441,-0.0015727764145997102
9442,-0.0051864502195445444
9443,-0.0024236306913085863
9444,-0.004654644303319022
9445,-0.006019996831493065
9446,0.004066435600350103
9447,-0.0034779066209905847
9448,-0.00242582481518383
9449,-0.006431091051678817
9450,-0.0027692036024133462
9451,-0.0035125448805168394
9452,-0.0012721022311932458
9453,-0.0008242318339035867
9454,0.0008388165047297051
9455,-0.00171548615627648
9456,-0.0022692244401343008
9457,-0.001941743142321678
9458,-0.005294818406246744
9459,-0.0007808618825504952
9460,-0.002241029450002121
9461,0.0011889965347358852
9462,-0.004553493137600253
9463,-0.000524102601233787
9464,-0.0014455630737256649
9465,-0.004194386654468203
9466,-0.0037391668994311497
9467,-0.0027888026997771806
9468,-0.0014024961252924392
9469,0.00010836526092394133
9470,-0.003917354041122572
9471,-0.0004298194371279082
9472,-0.0038947668760433776
9473,-0.0040267004824319184
9474,-0.002873690157721518
9475,-0.003481468689134421
9476,0.0036375494277022247
9477,-0.0023012864692344495
9478,-0.001131752999150113
9479,-0.0015468194574545027
9480,-0.008750577949522359
9481,-0.004053251921019043
9482,-0.0022813972952324367
9483,0.0005864074996108325
9484,-0.00036223306560181565
9485,0.0012570234452097644
9486,-0.0008003324459737587
9487,-0.0008821338518762746
9488,-0.00568917931913147
9489,-0.0012752757790441688
9490,-0.009729477954825042
9491,-0.0038243399043228037
9492,-0.008254150475482617
9493,-0.0014295296233497526
9494,-0.004944591175500293
9495,-0.0027407868126595666
9496,-0.0015395224063299573
9497,-0.0020610109707921292
9498,-0.004053699410051095
9499,-0.004532083204710758
9500,-0.006767442332579678
9501,-0.00526890969377412
9502,0.00030854624369449496
9503,-0.002151365722767258
9504,-0.005170115949055528
9505,-0.003676957949391546
9506,-0.002175104978118441
9507,-0.0018092628505910445
9508,-0.005913141130281522
9509,0.003337703389572129
9510,-0.0023508910869746817
9511,-0.004612188635045523
9512,0.00033149127941153184
9513,-0.002280837898088913
9514,-0.0011202105194829635
9515,-0.004512157867834259
9516,-0.0008878154208260894
9517,-0.005860760509005563
9518,0.0008110090411497621
9519,-0.00405251315588491
9520,-0.0019467728291615513
9521,0.0034546727381842626
9522,-0.005645196738142646
9523,-0.0020950843969674976
9524,-0.0025953634364645206
9525,-0.004200160564766589
9526,-0.00554136668651431
9527,-0.007893041856355025
9528,-0.0015691004680982099
9529,-0.0033577647915023594
9530,-0.005000517757784921
9531,-0.003135153782320689
9532,-0.008674011024657431
9533,-0.004446420452160975
9534,-0.0033710254597530513
9535,-0.0022260731867632527
9536,-0.003611244502043885
9537,-0.0009753135305578323
9538,-0.005112374055706918
9539,-0.0034772719528585183
9540,-0.0071990114797197
9541,-0.00815743094425915
9542,-0.0020735148329482506
9543,-0.0019521650456765377
9544,-0.005247023225174216
9545,-0.004433098623048842
9546,-0.007771676563083203
9547,-0.006419443913359246
9548,-0.004691171998167685
9549,-0.0015526476075234628
9550,-0.007195227467420778
9551,-0.0069872657568190236
9552,0.0006722156816342459
9553,-0.0035732443417280484
9554,-0.001996568110173111
9555,0.00023114918730884199
9556,-0.011499661683739046
9557,-0.006515421381769002
9558,-0.0033839346633649167
9559,0.0007727560210709153
9560,-0.003982130179388765
9561,-0.007638495662016329
9562,-0.003239531380432155
9563,-0.0020066003168455297
9564,-0.0030117083706049062
9565,-1.4875017210414648e-05
9566,-0.0024234030079522684
9567,-0.002575180234779057
9568,-0.004158237213940048
9569,-0.0020815245579558217
9570,-0.0014212286457306808
9571,-0.0040384305631380665
9572,-0.004034360346792339
9573,-0.002653199236165825
9574,-0.004197043071251762
9575,-0.00030424540788906093
9576,-0.004465773552352847
9577,-0.004985958927832046
9578,-0.005083206959395965
9579,0.0005965358138909742
9580,-0.001647592961766274
9581,-0.007424904769834196
9582,-0.006732039441351305
9583,-0.0008285712722102198
9584,-0.004537892666166547
9585,-0.0028044239835260977
9586,-0.0004705988644593227
9587,0.0039210569916201254
9588,-0.009457155120737738
9589,-0.0012680909656975457
9590,-0.00041918734176175573
9591,0.0003754139822183568
9592,-0.0037638287675618165
9593,-0.0037889765287888455
9594,-0.0014971664137760111
9595,-0.0046831194827136255
9596,-0.0018242104960019684
9597,-0.004391654891655876
9598,-0.009726674222246386
9599,-0.00470234080915671
9600,0.0010795748636567397
9601,0.0022589355823691704
9602,0.0008824270739706021
9603,-0.004258294179854627
9604,-0.002406709922626888
9605,0.0019354607006091887
9606,-0.008230616220574399
9607,0.0026552095787845745
9608,-0.004898773131844426
9609,-0.003936652698121202
9610,-0.008544616157829032
9611,-0.006085988532873104
9612,-0.0014319505332779925
9613,-0.004021957544911983
9614,-0.0027578832155577652
9615,-0.006817927590617393
9616,-0.005044815505019944
9617,-0.0033215961912986813
9618,0.004239351685755292
9619,-0.003066111048649324
9620,-0.0021373308371365474
9621,0.001544497769112179
9622,-0.0002822595151059093
9623,-0.00539288906012015
9624,-0.0004770311930736501
9625,-0.002661033543779435
9626,-0.0011828169767511623
9627,0.0032366999299762306
9628,-0.0034468461441507503
9629,0.0006246753392101997
9630,-0.006657849672136722
9631,-0.003641447117309002
9632,0.0013499055203491095
9633,-0.0041714592526974695
9634,-0.0013158795787337717
9635,-0.0005390527819332074
9636,-0.00369572330563819
9637,-0.002780360933318269
9638,-0.001372570119885199
9639,-0.004418070008028772
9640,-0.0023230853067167656
9641,-0.006534955854819852
9642,-0.003425983348158884
9643,-0.004067352416353625
9644,-0.0039999824885091975
9645,-0.004781251151530649
9646,-0.00554803727819057
9647,-0.005967892076987186
9648,-0.004429526297227121
9649,-0.006610344373111192
9650,0.00308396270426136
9651,0.002305286030322082
9652,-0.003314651309894938
9653,-0.005598695482525229
9654,0.0004836661599919058
9655,-0.002305131000827583
9656,-0.0014309527323121268
9657,-0.003053811845264931
9658,-0.007361695253271572
9659,-0.0028529391776069384
9660,-0.0035270384944796687
9661,-0.005978526356483469
9662,-0.0005632540640263597
9663,-0.0027903730948482842
9664,-0.0014812238748881656
9665,-0.0020922632739358953
9666,-0.00966844048311492
9667,-0.0008805957943550935
9668,-0.002604048403035703
9669,-0.003766449608889902
9670,-0.003056561655807727
9671,-0.0013436886261174417
9672,-0.0013559196868976192
9673,-0.00438970343850471
9674,-0.0028974907257338957
9675,-0.0016687523072953028
9676,-0.001475066655081153
9677,-0.0005407079655290123
9678,-0.0024991342040457734
9679,-0.003712982373012534
9680,-0.0020559097743702293
9681,-0.0008900089309082926
9682,-0.006008883238073109
9683,-0.004550645453186217
9684,-0.008208543452009186
9685,-0.0045685674189957885
9686,-0.0004114732854899779
9687,-0.009005022035250033
9688,0.003268158628555038
9689,-0.0038415285901949175
9690,-0.004959729958405174
9691,-0.003564462230115334
9692,-0.004053707784523044
9693,-0.006429300580809826
9694,-0.004943868467079556
9695,-0.0003898186782961867
9696,-0.00266233872182383
9697,-0.003076067075959577
9698,-0.001980197398213361
9699,-0.005744061068826443
9700,-0.0018760828290005187
9701,-0.002495150225128827
9702,-0.0009260384197979504
9703,-0.0018208094547451509
9704,-0.0056433642758840635
9705,-0.004054652927145248
9706,-0.0063446685868417466
9707,-0.00299873078056628
9708,-0.002527746765103884
9709,-0.00738797145711393
9710,-0.0005543290881914464
9711,-0.004869054534941655
9712,-0.0006341832271202739
9713,-0.001611524365530595
9714,-0.005115855869943075
9715,-0.006275159664067137
9716,-0.004759716107956377
9717,-0.006413602772240901
9718,-0.003732550941919023
9719,0.00020370902977247599
9720,-0.00797168829658542
9721,-0.004157213778211322
9722,-0.003038958113957317
9723,-0.0027019931337947216
9724,-0.0012651157295694333
9725,0.0013388456784370756
9726,0.0008770339307236329
9727,-0.005014696522700375
9728,-0.0024631157037872907
9729,-0.0032885694634443505
9730,-0.00541253989628623
9731,-0.004371792637517875
9732,0.0005402349130267554
9733,-0.004525099147283863
9734,-0.004400101840854032
9735,-0.0014883795448001787
9736,-0.002959333917269772
9737,0.0013680005892913669
9738,-0.0006418079533717369
9739,-0.00590157516111613
9740,0.0028424913249091473
9741,-0.0052514055749813444
9742,0.0005485455796282387
9743,-0.005634366793879617
9744,-0.007912365489950095
9745,-0.006689073662501741
9746,0.005649032218521602
9747,-0.00022426481494064107
9748,-0.003896762070608503
9749,-0.006113270387851918
9750,-0.006164785137775838
9751,-0.004012237106487255
9752,-0.0020635416911256414
9753,-0.0017361189280510753
9754,-0.006824681778167283
9755,-0.005298639330208518
9756,-0.0006852822439535437
9757,-0.00013923855496392537
9758,-0.00502854904929605
9759,-0.0020848723771284897
9760,-0.008378930639444719
9761,-0.0035329268057799935
9762,-0.003000046117608769
9763,-0.0029648737231277866
9764,-0.002016231040727467
9765,-0.0016430701853534478
9766,-0.002424435540507461
9767,0.0026412489522196284
9768,-1.7783801183966774e-05
9769,-0.00041569473238170507
9770,-0.004954388839631448
9771,-0.008739110911104311
9772,-0.0016734107893839091
9773,-0.0019143046646175367
9774,-0.002118623850354124
9775,-0.0010846209698526926
9776,-0.004758130167495576
9777,-0.0006724162215873616
9778,-0.004320290037210947
9779,0.0009393642233061668
9780,-0.004129186912684227
9781,-0.002330010856596513
9782,-0.00399865563234119
9783,-0.0037140285949612793
9784,-0.0015715496672919042
9785,-0.005427754600831437
9786,-0.004436407718115536
9787,-9.096746444733211e-05
9788,-0.0009342755469548131
9789,-0.003247947325299788
9790,-0.0014722788596629628
9791,-0.002103044183318494
9792,-0.00360910748460478
9793,-0.005497208566304226
9794,-0.007421845135848402
9795,-0.004273202827196808
9796,-0.0033450332788692444
9797,0.00038793270038081987
9798,-0.0038217976442619025
9799,-0.007163837667653147
9800,0.000619112695194355
9801,0.00111578561288396
9802,-0.005421606051961708
9803,-0.004426769807081836
9804,-0.00034734857309773326
9805,-0.005589113650071302
9806,-0.0021512755302512156
9807,-0.006237810691566571
9808,-0.004654670676257307
9809,-0.008007585238367095
9810,-0.009037760423630407
9811,-0.0031811863561547124
9812,-0.007051434888492664
9813,-0.0010943102565408175
9814,-0.001744085546902429
9815,-0.004301600135749574
9816,-0.004267345337491037
9817,-0.0026027009167237103
9818,-0.006423569163865748
9819,0.002633545022234531
9820,-0.0010951852899287566
9821,-0.002458088538811333
9822,0.0006488846456366854
9823,0.0017319683366290584
9824,-0.00334407630165727
9825,-0.0036043646681116273
9826,-0.009490912487120293
9827,0.0011702860012753336
9828,3.0245164733169738e-05
9829,-0.00035745676330081744
9830,-0.0035158420105172485
9831,-0.005622615020046896
9832,0.00274999135595598
9833,-0.006410348134052668
9834,-0.0047394135809380004
9835,-0.004840701097990476
9836,-0.0011025091957918703
9837,-0.001916773128692685
9838,-0.006509919302377282
9839,-0.007328059583196905
9840,-0.0011356592912664075
9841,-0.008083010706240849
9842,-0.005899119832182977
9843,-0.004944951954796335
9844,-0.0034855705136090757
9845,-0.0027122267000956185
9846,-0.002534756405086446
9847,0.0007500820744743009
9848,-0.0025926806656338605
9849,-0.0027169827118553765
9850,-0.0047812100098949956
9851,-0.00875869276589571
9852,8.681737768227032e-05
9853,-0.0024992278539728817
9854,-0.004268324629763572
9855,-0.0036971050354553878
9856,-0.0020494342493236548
9857,-0.005090236331104253
9858,-0.009477784900321196
9859,-0.003139307593444208
9860,-0.0026357893474970376
9861,-0.0016955725651453847
9862,-0.001682976299267322
9863,-0.006381883185258515
9864,-0.0026052451030227908
9865,0.003293333464995468
9866,0.003945480676381882
9867,-0.0024604274897889675
9868,-0.004341504248845152
9869,-0.007303154402184847
9870,-0.006579394835989832
9871,0.00038461669795777226
9872,-0.005836064189358777
9873,0.0003840485564690563
9874,-0.0015387491538144359
9875,-0.0014211273287076907
9876,-0.002131888783889393
9877,-0.0027320184547277547
9878,-0.0025779656883518284
9879,0.000812536687674708
9880,0.0006343561077874864
9881,-0.005758317438161836
9882,0.003076829504201628
9883,-0.013312990759364363
9884,0.002166193946969066
9885,-0.0008781984340099497
9886,0.0012936909123509553
9887,0.0010079057888958583
9888,-0.003701701702739653
9889,0.0007770024104984327
9890,-0.0036627672057949964
9891,-0.005613541793788708
9892,-0.004266697079357902
9893,-0.00024339644485908002
9894,-0.0025529342443703987
9895,-0.002983160579734981
9896,-0.005427186511717162
9897,-0.004067252843084193
9898,-0.00923485007147297
9899,-0.006040966329616575
9900,-0.0012220014475054879
9901,-0.002745276974701779
9902,-0.001934090624528869
9903,-0.00539735202787605
9904,-0.003987004311320506
9905,-0.000314813641726093
9906,-0.0032511734558072214
9907,-0.00019714383921690115
9908,0.00011301248421729387
9909,-0.0007765906153033124
9910,-0.004777220528509971
9911,-0.003516521691899435
9912,0.0016582835352531196
9913,-0.000554158303827948
9914,-0.0011371486680094578
9915,-0.008010619975739972
9916,-0.006388661580300929
9917,0.001304383808372299
9918,-0.0026343627554842215
9919,-0.002716191319884303
9920,-0.006596826110662358
9921,-0.0026128947996488447
9922,-0.0012173897862484025
9923,-0.004255459947884441
9924,-0.0024662856371924988
9925,-0.0048293188283423175
9926,-0.003310535153014476
9927,0.0004811207842854298
9928,-0.0027139096491333344
9929,0.0032279190481827175
9930,-0.0013679021855522652
9931,-0.005841614190369392
9932,-0.0015245149858072356
9933,-0.011682097538099189
9934,-0.0007738255520526906
9935,-0.003701220519193287
9936,-0.004212794991492411
9937,0.0006495051849277796
9938,-0.0014429077695279763
9939,-0.0007279677732636818
9940,-0.004629830727687686
9941,-0.006583989485873926
9942,0.00048767140920433563
9943,-0.0004937567703817841
9944,-0.007120081733715835
9945,-0.009819685719848696
9946,-0.0068348517912342616
9947,-0.003873989956885898
9948,-0.0010672691427474484
9949,-0.0017479515717752116
9950,-0.003448137841204929
9951,-0.007866621741462361
9952,-0.003632616262016178
9953,-0.0034533779231341807
9954,-0.0033592953899431247
9955,0.0013321801796134063
9956,0.0025398507120488155
9957,-0.003052294028537565
9958,-0.0017173942136124581
9959,-0.004948234846154101
9960,-0.0035827698617037287
9961,0.0010217794400960885
9962,-0.005261273930679485
9963,0.0005114234607417507
9964,-0.006108413384787556
9965,-0.0022262803250024457
9966,-0.0010363820909913418
9967,-0.005381424486706934
9968,-0.0051868763996104
9969,0.0010504022667524836
9970,-0.0037699209211122867
9971,-0.0041038107838866494
9972,-0.002056358722129243
9973,0.0018282375054755884
9974,-0.005562260894552633
9975,-0.0018993274903774601
9976,-0.0019362779970258925
9977,-0.00113171326236447
9978,-0.002518216715027142
9979,-0.002128644505914108
9980,-0.005654988787573131
9981,-0.0023140602426194763
9982,-0.005505329851384671
9983,-0.002043641455228163
9984,-0.00974865041077555
9985,-0.007089626021979177
9986,-0.004022174770495386
9987,-0.005739825362160909
9988,0.0006821452301054541
9989,-0.005579877951663308
9990,-0.0002847524779294938
9991,9.493413258510053e-06
9992,-0.00231914703018778
9993,-0.001630661332263774
9994,-0.0005924517358647935
9995,0.0002481982831082641
9996,-0.0009262470738424129
9997,-0.0008975582141632112
9998,-0.0006043568411220196
9999,-0.002334145611600228
