bootstrap_replicate,bootstrap_statistic,n_contributing_bootstrap_clusters,n_unique_source_patients,n_source_patients_selected_more_than_once,n_bootstrap_copies_from_repeated_source_patients,n_profiles_from_repeated_source_patient_copies,n_pre_exclusion_zero_distance_external_candidates
1,0.014963499463440208,41,31,9,24,77,136
2,0.015379182568630162,45,30,13,29,104,128
3,0.022690769923948285,40,29,11,28,126,192
4,0.008908537313187838,46,31,10,25,83,128
5,0.016812430507350797,44,29,13,30,129,200
6,0.012113179192429109,41,34,9,21,78,110
7,0.019072718931826743,41,29,11,28,98,156
8,0.016049793162583356,45,29,12,29,129,192
9,0.013013559374312159,46,32,12,26,114,150
10,0.014397395704125411,44,28,11,29,113,196
11,0.013212189150442376,44,31,14,29,136,148
12,0.020151825305866594,44,35,9,20,100,142
13,0.010154000794556268,46,32,10,24,108,172
14,0.015271219188422738,44,30,10,26,101,162
15,0.016280453944299,45,30,14,30,128,146
16,0.009263659649031378,45,30,11,27,122,202
17,0.01431842702349384,46,29,13,30,141,188
18,0.012340903332418302,44,28,10,28,114,224
19,0.010486654827323638,45,30,14,30,144,186
20,0.009712597457312858,43,28,13,31,128,200
21,0.022239621367498325,43,27,11,30,96,210
22,0.014488324032932792,43,28,11,29,110,182
23,0.01950413217441993,42,26,15,35,132,194
24,0.02708436300054272,44,28,14,32,143,218
25,0.015873811860382947,44,30,13,29,108,156
26,0.01470196530243087,44,28,12,30,130,220
27,0.021412611133382053,45,30,12,28,113,146
28,0.02457374435318059,46,30,11,27,110,158
29,0.0126775922007661,46,28,12,30,126,200
30,0.011847225625340838,44,32,11,25,115,160
31,0.024505680597964236,43,29,11,28,114,204
32,0.013714155478419407,46,29,12,29,149,204
33,0.014549793779300518,44,30,14,30,142,158
34,0.012982704988490058,44,28,12,30,100,154
35,0.014156810936796216,45,27,11,30,139,258
36,0.011594607420957637,44,30,13,29,109,142
37,0.012541471793928099,46,24,14,36,122,242
38,0.025638821691920582,43,30,13,29,95,122
39,0.016391642213392586,45,29,12,29,106,172
40,0.01436499384375689,45,34,10,22,77,92
41,0.013363571032238373,44,29,12,29,123,174
42,0.022408590055653044,46,28,11,29,139,226
43,0.01744544072810658,44,32,11,25,117,174
44,0.015209944895758724,42,29,14,31,105,126
45,0.007571629621049444,40,27,13,32,107,160
46,0.016049793162583356,45,26,16,36,156,196
47,0.011827667598670127,44,30,12,28,143,194
48,0.024640775781298134,46,28,13,31,125,200
49,0.011114329730810224,44,29,12,29,127,176
50,0.01779788506841011,44,29,12,29,95,134
51,0.01832694889935918,45,29,13,30,146,206
52,0.013241145506320311,44,30,12,28,121,192
53,0.02254494136992749,43,28,15,33,173,224
54,0.018919541434434566,42,31,10,25,97,202
55,0.01820807634099172,44,28,13,31,146,208
56,0.013904046123074644,43,27,15,34,143,200
57,0.023900074494852444,44,30,12,28,118,172
58,0.01299809424257714,43,31,13,28,127,148
59,0.010401244953191648,42,26,10,30,103,230
60,0.015308832147723397,43,30,10,26,94,164
61,0.018415290272784463,45,29,11,28,99,156
62,0.021464689837623216,45,29,10,27,151,304
63,0.011258233038658153,45,25,15,36,186,334
64,0.028947632033053936,45,29,13,30,167,230
65,0.01316294685292245,44,36,7,17,94,130
66,0.016026878739802075,45,29,11,28,102,156
67,0.010750708415896766,42,24,14,36,139,264
68,0.01787104736308103,44,31,13,28,143,176
69,0.01721484292482335,42,30,14,30,99,108
70,0.016244864352647586,46,28,12,30,135,210
71,0.011864825464077716,43,29,14,31,127,162
72,0.02066622134328567,45,24,12,34,135,288
73,0.012812333344967342,45,31,9,24,144,290
74,0.00923095050094768,45,31,10,25,99,156
75,0.0196662070744002,43,34,11,23,88,94
76,0.01217358904557541,45,31,12,27,108,142
77,0.018272426968341582,45,31,11,26,112,154
78,0.012897857877762986,45,31,14,29,156,186
79,0.01777667789113684,44,29,12,29,133,228
80,0.015404155008675806,41,31,11,26,88,136
81,0.01310503377341421,43,31,12,27,125,182
82,0.021565896766523415,43,32,11,25,94,116
83,0.014604533936830158,43,34,12,24,84,84
84,0.010046964451885805,44,29,11,28,107,182
85,0.012211123078541275,43,26,13,33,175,308
86,0.019944610411504093,44,25,13,34,128,204
87,0.008894698891765696,43,29,12,29,122,216
88,0.011416289030596494,44,31,11,26,109,172
89,0.011020804172606521,44,28,13,31,155,270
90,0.018917839507502296,44,32,14,28,112,112
91,0.025480254650771327,42,26,13,33,103,156
92,0.011933780719725881,42,27,15,34,158,218
93,0.0167313703196423,44,29,13,30,130,170
94,0.019437072986066423,44,29,13,30,139,226
95,0.01413951015929607,43,33,11,24,98,130
96,0.020980107402401384,44,31,12,27,106,142
97,0.024631566865230742,42,32,11,25,133,190
98,0.02524804780424242,45,32,11,25,97,130
99,0.021283138585217076,45,29,12,29,106,168
100,0.01621690668885846,45,30,13,29,138,166
101,0.021943105760983142,44,27,12,31,105,174
102,0.017262289090395996,43,29,11,28,145,296
103,0.013208037234462497,45,32,13,27,98,110
104,0.02561346746260562,45,28,12,30,135,222
105,0.012532988752480795,46,30,14,30,120,150
106,0.010811989393817091,44,29,12,29,133,246
107,0.01805435682047387,45,32,12,26,104,128
108,0.012509276362126731,43,31,11,26,138,242
109,0.014520268822003031,41,29,12,29,116,156
110,0.011633758682172979,44,28,15,33,151,202
111,0.01821647761171611,44,26,13,33,126,230
112,0.015357745431584913,46,29,13,30,127,212
113,0.015797169872567768,43,30,14,30,131,140
114,0.02362699044001175,44,30,15,31,108,114
115,0.013840941308827424,44,29,10,27,109,198
116,0.0205094822713225,45,30,12,28,98,140
117,0.017941610062369877,44,30,10,26,164,330
118,0.008642473381475488,46,29,11,28,119,200
119,0.02287508401919866,43,24,13,35,119,220
120,0.012349658685565063,44,31,12,27,118,148
121,0.01896606777251443,45,28,12,30,112,188
122,0.007884738336876362,45,30,13,29,146,216
123,0.014202746173260769,46,27,10,29,142,326
124,0.017720497380036206,45,29,12,29,122,206
125,0.01004017548482207,43,29,11,28,108,168
126,0.013603233125622782,43,28,14,32,130,188
127,0.013518885085911161,44,31,13,28,133,166
128,0.016038335951192723,46,30,11,27,144,260
129,0.009613253761639438,44,29,14,31,105,138
130,0.017600319693477307,41,30,10,26,95,158
131,0.009330153806405395,43,30,13,29,142,196
132,0.020953645371304896,45,27,14,33,139,214
133,0.01545809208417434,41,29,12,29,84,124
134,0.022160001995985334,45,27,15,34,144,178
135,0.0234932144518194,46,30,12,28,108,162
136,0.01002787958981971,45,31,10,25,140,236
137,0.026066706104223902,45,28,10,28,143,296
138,0.019725835930212265,46,26,12,32,111,198
139,0.015204816114149228,42,30,12,28,104,134
140,0.024444627141795593,43,31,13,28,88,112
141,0.016280453944299,43,33,10,23,126,196
142,0.016971154904189722,44,31,11,26,123,180
143,0.009547104096852124,46,30,13,29,112,142
144,0.009595218669781455,43,32,12,26,122,170
145,0.021504558490958094,45,27,15,34,118,154
146,0.011869191704669168,42,26,14,34,119,206
147,0.010378537181727817,44,29,13,30,104,156
148,0.011792578157461042,43,28,13,31,101,160
149,0.016638014406221063,42,27,14,33,116,162
150,0.016214895945886376,44,28,12,30,120,174
151,0.02333387748216872,46,25,12,33,144,330
152,0.017844622281514937,44,25,14,35,151,300
153,0.01798965475867094,43,25,17,38,144,220
154,0.012224173801380557,44,31,10,25,144,278
155,0.011820893087295621,45,30,11,27,124,208
156,0.014323444520114845,45,35,9,20,81,108
157,0.013443054792838076,44,30,12,28,114,156
158,0.019179912752151716,46,31,11,26,128,224
159,0.015569069744396813,44,32,10,24,97,192
160,0.02047573643739943,43,24,12,34,128,294
161,0.014338112169153726,44,31,10,25,147,222
162,0.009155521838262556,44,31,14,29,140,164
163,0.03153569368248381,43,28,12,30,166,460
164,0.016402913151970677,42,26,12,32,108,170
165,0.01638850351935038,46,27,11,30,111,206
166,0.025906022140839785,45,27,13,32,129,198
167,0.021345139214156435,46,30,13,29,125,156
168,0.018749529478188753,45,28,13,31,159,256
169,0.01925305467133874,44,33,10,23,111,150
170,0.004560822365843015,45,27,15,34,162,246
171,0.01669675449240319,45,29,9,26,81,172
172,0.02611974688440745,44,33,10,23,112,172
173,0.011391654548324123,41,29,15,32,124,142
174,0.01630855750538661,44,33,12,25,116,140
175,0.017013867525076908,45,32,10,24,93,156
176,0.027238006102195435,43,29,13,30,137,194
177,0.015995156242253908,44,30,10,26,116,202
178,0.026749341065560473,46,28,13,31,123,220
179,0.017939748040332132,41,28,12,30,111,218
180,0.02887578601255586,44,26,13,33,135,252
181,0.01299809424257714,43,26,16,36,161,230
182,0.018778739828000955,42,30,11,27,107,166
183,0.02254494136992749,42,28,12,30,148,234
184,0.01958688030847563,44,29,12,29,106,166
185,0.021760845610203514,44,29,13,30,131,176
186,0.014847457795809545,43,30,11,27,98,162
187,0.012899868562612285,46,27,11,30,143,290
188,0.022855172082087406,41,31,13,28,103,112
189,0.022229802724322123,45,29,15,32,154,172
190,0.016518568742527745,46,25,13,34,135,230
191,0.030254352993977274,44,29,12,29,124,178
192,0.008473595135592371,45,33,7,20,82,174
193,0.01683693623570337,45,30,12,28,91,128
194,0.016139021074853405,45,30,13,29,132,168
195,0.008808062344880352,45,26,12,32,117,230
196,0.009815554797416033,43,30,11,27,94,142
197,0.014564184468683891,45,25,15,36,159,266
198,0.013205498539321014,43,32,12,26,109,148
199,0.012509276362126731,45,31,11,26,113,162
200,0.016389718695735495,45,32,12,26,109,130
201,0.0118514097364842,43,25,14,35,142,236
202,0.020195851286851765,44,26,16,36,175,250
203,0.028352562794287238,42,27,12,31,135,228
204,0.009767747761333639,44,28,14,32,117,170
205,0.00930917513695204,44,30,14,30,103,118
206,0.017587163519936062,44,31,11,26,114,180
207,0.020156427582006406,45,28,12,30,120,202
208,0.012712316730337382,45,31,11,26,142,202
209,0.016496902126980757,42,32,11,25,86,104
210,0.014371796666544812,44,31,13,28,121,142
211,0.012673738646907753,45,31,11,26,142,240
212,0.016276857545742558,44,30,15,31,120,132
213,0.01725696758157738,42,30,11,27,111,178
214,0.027097977704760988,43,24,14,36,170,284
215,0.010245445005326231,46,27,13,32,129,196
216,0.013314934648694363,44,28,12,30,118,208
217,0.02000172669348404,46,28,15,33,146,182
218,0.01291920443551682,46,27,14,33,167,242
219,0.01590518734541995,42,29,10,27,109,218
220,0.01173120579880221,46,30,12,28,118,178
221,0.015068388050884424,43,29,8,25,94,242
222,0.01895415653784443,41,28,12,30,113,194
223,0.01166925176609539,44,31,14,29,129,138
224,0.013958337514029119,45,36,8,18,51,66
225,0.01068655342340872,43,28,14,32,124,166
226,0.02778046275050798,45,26,11,31,135,258
227,0.005973355423411139,43,26,12,32,108,216
228,0.017769788553976082,45,31,13,28,101,116
229,0.019807399135088555,44,27,15,34,124,158
230,0.02208168453537631,40,24,16,38,141,220
231,0.010673749499685525,43,29,12,29,110,162
232,0.01557534634563193,44,28,15,33,151,184
233,0.02522538633981164,46,27,13,32,144,196
234,0.014984365695823718,43,31,11,26,112,160
235,0.013873030142864878,44,31,11,26,116,182
236,0.021427505814324233,42,30,13,29,111,132
237,0.015963325824758814,44,29,13,30,137,238
238,0.013168465416061783,44,32,12,26,93,108
239,0.015195565934552284,45,28,13,31,129,192
240,0.012838045945319732,45,29,11,28,123,236
241,0.019869066362113087,44,26,13,33,177,338
242,0.010065538962291093,45,31,13,28,117,132
243,0.013923539074159295,44,32,10,24,120,196
244,0.012851572679382417,44,31,13,28,85,100
245,0.02368966570770263,45,33,9,22,100,226
246,0.015199021275964897,45,29,12,29,124,218
247,0.022298216456217608,44,24,14,36,159,324
248,0.007309878957517613,45,28,12,30,112,176
249,0.017050749857721655,45,30,13,29,133,166
250,0.01683693623570337,44,28,15,33,150,174
251,0.021768034534145317,43,27,12,31,153,298
252,0.012410313790881755,45,30,10,26,139,424
253,0.01498019802639746,45,32,11,25,113,178
254,0.012566267647879867,44,29,12,29,100,166
255,0.012304533842033075,43,30,13,29,121,184
256,0.01365447200900876,42,27,14,33,147,216
257,0.010463293516921292,46,26,13,33,124,212
258,0.013771189893261176,44,29,12,29,163,268
259,0.02096806229046412,42,28,11,29,111,202
260,0.024561023528232206,42,29,11,28,116,186
261,0.01980057066062957,45,31,12,27,94,130
262,0.022274550768460626,46,32,10,24,90,138
263,0.011114329730810224,43,30,11,27,102,182
264,0.016335552771324216,43,31,13,28,91,106
265,0.0250879341794809,45,28,10,28,107,200
266,0.012374694734128625,42,28,12,30,119,204
267,0.02171696958910889,45,27,14,33,158,232
268,0.009136094948344275,44,27,14,33,135,198
269,0.011259133361423687,42,25,13,34,152,282
270,0.015269543848261291,41,33,7,20,84,152
271,0.03022991628646502,46,27,11,30,153,310
272,0.02005830432740502,44,26,14,34,169,272
273,0.01995550160622663,46,31,10,25,126,212
274,0.006610517192213464,42,25,12,33,131,238
275,0.012282164958563865,42,30,14,30,107,128
276,0.014718133193612239,42,29,12,29,124,200
277,0.01775925349583702,42,29,15,32,102,126
278,0.020786003752316658,44,30,11,27,118,184
279,0.024672995269721013,40,26,12,32,133,264
280,0.013848243941236127,46,30,11,27,114,202
281,0.012797200360792446,46,30,11,27,121,234
282,0.020126794174014216,45,32,11,25,163,276
283,0.02122045704259301,45,30,13,29,131,176
284,0.019542838220268782,45,27,12,31,153,246
285,0.013868510905785107,45,30,12,28,109,194
286,0.018892760067793495,44,26,15,35,141,198
287,0.016562805567646714,46,32,12,26,105,126
288,0.014300761508085083,44,29,14,31,144,186
289,0.00937453517604682,44,32,12,26,91,118
290,0.026172429169717952,46,27,13,32,156,248
291,0.009699495503021682,44,31,12,27,116,202
292,0.013044195883077231,42,29,11,28,122,224
293,0.012404573265394146,43,31,10,25,146,264
294,0.013076759815666007,45,28,13,31,155,270
295,0.019477242069374415,42,29,14,31,117,148
296,0.012769459678378628,44,30,13,29,124,148
297,0.013164819305913539,44,32,12,26,96,114
298,0.018736905417095072,43,31,13,28,116,140
299,0.01401809376811769,43,29,11,28,110,162
300,0.015461762299012242,45,28,12,30,168,328
301,0.013693865041691913,43,31,11,26,141,300
302,0.02180211400939487,45,31,13,28,115,130
303,0.012402181134452434,45,29,11,28,114,174
304,0.02903484459228808,44,30,14,30,153,180
305,0.03017721579468427,41,27,12,31,118,210
306,0.020971182823577038,45,30,13,29,121,172
307,0.015507951232207086,45,31,12,27,154,232
308,0.012354349607750566,45,32,10,24,125,188
309,0.030227483061534725,45,29,13,30,144,216
310,0.017327091288410177,44,27,12,31,123,202
311,0.01948918808397094,45,28,12,30,106,180
312,0.020523213749995932,43,29,11,28,98,176
313,0.022292808336664038,42,30,12,28,95,122
314,0.007094295919259835,43,30,12,28,131,206
315,0.017262289090395996,45,27,13,32,141,198
316,0.00943679240090746,41,32,10,24,101,132
317,0.022153945075593623,45,32,10,24,121,166
318,0.01208714434455408,45,29,12,29,120,176
319,0.018516128384744826,46,30,13,29,130,168
320,0.017471910888762692,42,29,14,31,101,118
321,0.01814230356005619,40,31,11,26,96,128
322,0.02048675090096227,44,28,13,31,130,182
323,0.023666159866839717,45,30,13,29,112,136
324,0.022050672198520783,45,27,12,31,137,242
325,0.017945333941108275,44,29,14,31,135,180
326,0.014365696430868626,44,33,9,22,90,158
327,0.016498983447172003,43,30,13,29,123,174
328,0.011114329730810224,45,31,13,28,80,92
329,0.011477372464076332,44,28,15,33,133,154
330,0.014604533936830158,39,27,14,33,108,138
331,0.021914505623390167,44,27,13,32,146,230
332,0.019908016419630428,43,31,12,27,81,114
333,0.00824504037290754,44,33,10,23,116,158
334,0.015965937085718022,42,28,14,32,140,176
335,0.016280453944299,43,33,11,24,95,134
336,0.02451609964057324,45,26,11,31,130,310
337,0.019634383027764397,44,30,14,30,146,188
338,0.027976760811721353,45,32,11,25,103,176
339,0.01694003905194502,44,33,10,23,81,106
340,0.012851768544750286,46,29,12,29,135,242
341,0.01803753189561904,44,30,11,27,127,234
342,0.012282164958563865,44,27,13,32,112,188
343,0.017503157309933605,45,27,14,33,111,168
344,0.018900856442385622,46,31,12,27,107,158
345,0.012653592689452112,44,30,14,30,145,172
346,0.018585050885742145,41,29,9,26,74,134
347,0.02259131461315627,40,27,13,32,110,166
348,0.019467622764455267,45,31,9,24,117,216
349,0.014558810572128392,42,28,14,32,106,154
350,0.025616572076546502,44,26,12,32,176,370
351,0.015204816114149228,41,27,12,31,129,234
352,0.01250831710232339,45,29,15,32,135,156
353,0.01319856520660341,43,30,11,27,80,134
354,0.02039673299711879,45,30,10,26,94,152
355,0.01819897708654704,45,31,12,27,143,192
356,0.012115899568781688,45,32,12,26,125,164
357,0.011624131651517364,45,29,11,28,119,220
358,0.01215596866435234,45,32,12,26,107,146
359,0.03466488440736107,45,26,12,32,172,300
360,0.018055318016495292,44,31,13,28,95,116
361,0.016049793162583356,45,32,10,24,109,164
362,0.006975264683901555,44,32,12,26,104,146
363,0.024585518943301778,44,30,12,28,92,128
364,0.0069583451995720025,43,31,11,26,120,198
365,0.01528304317067361,45,29,11,28,116,190
366,0.02081510731868333,45,32,11,25,109,148
367,0.015632458272327156,43,30,13,29,107,128
368,0.02691059617016507,46,29,12,29,105,170
369,0.011962766405678345,44,29,13,30,101,128
370,0.02813440629302978,44,31,12,27,122,156
371,0.01284570769431051,46,30,12,28,127,196
372,0.024981244729658694,43,28,16,34,141,168
373,0.011574392770435971,44,30,12,28,116,144
374,0.012849523940546184,43,29,15,32,138,150
375,0.012051202588798049,45,31,12,27,107,134
376,0.012304533842033075,43,33,10,23,126,198
377,0.01811601464411932,44,30,12,28,98,148
378,0.01534002607584279,44,27,12,31,109,208
379,0.02201163509363198,45,32,11,25,141,168
380,0.004248524357899894,43,30,13,29,122,198
381,0.01985813702566623,44,30,14,30,140,182
382,0.009777099541568093,44,32,11,25,94,118
383,0.010030895728924166,46,26,14,34,199,404
384,0.004447068867129013,44,30,11,27,90,144
385,0.015124957622018126,43,31,10,25,95,138
386,0.020008017215296048,45,28,12,30,126,214
387,0.017916614303000733,42,29,10,27,100,174
388,0.021777396847206337,43,30,10,26,129,244
389,0.012532988752480795,45,27,11,30,135,296
390,0.013198606252291259,45,29,10,27,111,222
391,0.014677987561642784,44,31,12,27,125,176
392,0.011391654548324123,43,32,12,26,95,110
393,0.03404037079669429,43,28,9,27,105,244
394,0.021108230910627145,42,30,11,27,88,136
395,0.014712451050559308,44,29,10,27,76,146
396,0.012304533842033075,43,29,12,29,119,162
397,0.019830747845568535,46,28,12,30,120,186
398,0.009983219685829818,46,32,11,25,108,150
399,0.021176705538038527,43,28,14,32,116,164
400,0.012386315281748467,43,27,12,31,77,128
401,0.016597920292000287,43,30,12,28,101,140
402,0.011735128219982481,40,28,11,29,125,236
403,0.019250747341412112,45,32,12,26,104,152
404,0.02342145773106119,43,29,10,27,75,136
405,0.014822898079345545,44,31,11,26,95,146
406,0.012659435712553735,44,30,15,31,135,150
407,0.011648536183777605,44,26,15,35,157,238
408,0.01676650576703285,44,31,12,27,138,198
409,0.025077668978176607,45,34,9,21,81,114
410,0.021760550768035715,44,31,11,26,117,176
411,0.024858526492160672,43,28,12,30,102,170
412,0.014141881873067225,43,28,11,29,89,162
413,0.01013204150753283,44,29,14,31,124,172
414,0.02254494136992749,43,29,13,30,141,248
415,0.01230283431234102,40,28,13,31,95,122
416,0.012163817522542728,46,24,16,38,149,206
417,0.022759166018876703,43,27,13,32,172,256
418,0.013299992133277865,43,29,11,28,106,158
419,0.012967243347146825,46,25,15,36,170,292
420,0.014429358703061945,44,29,12,29,127,186
421,0.014194641120602064,44,29,14,31,98,122
422,0.01145152059457951,46,29,11,28,126,190
423,0.014202746173260769,43,31,10,25,102,184
424,0.03288625338671716,45,27,14,33,128,190
425,0.01752068520235631,44,32,12,26,105,126
426,0.0032135171994935735,44,27,14,33,185,322
427,0.016352934751104845,44,29,15,32,147,168
428,0.016049793162583356,45,29,11,28,104,164
429,0.02142423669941096,43,29,11,28,112,194
430,0.019989257626930906,45,29,14,31,147,192
431,0.016990918769331086,43,25,13,34,124,222
432,0.013003588863244084,45,30,11,27,141,228
433,0.01131143710674521,44,32,11,25,127,196
434,0.017221493072980126,43,28,13,31,128,196
435,0.01864534335382885,44,30,13,29,106,136
436,0.02070020683777425,45,28,12,30,128,200
437,0.007789387993784286,42,30,14,30,132,150
438,0.012409086009882754,42,27,11,30,128,226
439,0.010589190139558675,46,29,11,28,81,132
440,0.01336969801479012,44,28,14,32,173,252
441,0.01928560424000939,44,31,11,26,81,120
442,0.006644584344521948,43,26,13,33,112,190
443,0.016688952418163552,42,31,10,25,136,298
444,0.009319097412539099,44,28,10,28,106,234
445,0.03051019880439485,43,27,15,34,136,170
446,0.014011614203439257,43,30,14,30,96,114
447,0.021113747005448862,46,31,11,26,102,134
448,0.009663304890368242,45,29,12,29,98,168
449,0.01086515744078946,43,30,14,30,113,122
450,0.01868854262147547,45,33,12,25,106,118
451,0.0200567975900977,44,30,11,27,159,266
452,0.017696522853091475,46,30,11,27,132,238
453,0.020024432167619323,44,31,12,27,127,154
454,0.02076163611214601,44,26,13,33,134,222
455,0.012741948102890734,43,30,12,28,116,152
456,0.02150327389346863,44,30,11,27,145,240
457,0.010700096079940803,44,31,8,23,85,226
458,0.01253664985631947,46,28,13,31,149,230
459,0.012172530302709858,44,25,14,35,180,376
460,0.00616161509720408,42,27,13,32,153,222
461,0.014248350240007257,43,32,9,23,85,142
462,0.01481181835609982,42,30,9,25,128,330
463,0.01886794751899316,42,29,11,28,110,186
464,0.01583400880712091,43,27,12,31,123,234
465,0.016963969258466764,43,31,14,29,105,120
466,0.010630378443977871,44,30,12,28,110,140
467,0.015600710277208763,42,33,11,24,76,94
468,0.01805023074635133,43,28,12,30,136,238
469,0.01240531970067937,44,29,12,29,155,242
470,0.01545809208417434,45,29,14,31,175,244
471,0.016205699375821156,41,31,10,25,98,144
472,0.011279377271849928,42,32,9,23,116,200
473,0.014569558365239398,45,27,11,30,140,276
474,0.015209826431059614,42,29,10,27,101,210
475,0.009336522601780799,45,26,12,32,179,380
476,0.010198912735385778,45,30,14,30,148,172
477,0.010230452611409924,44,28,14,32,151,210
478,0.011760275400049716,45,30,13,29,138,180
479,0.011741820185354076,44,32,8,22,102,186
480,0.010649975809771943,43,33,11,24,128,176
481,0.013198606252291259,44,26,13,33,137,248
482,0.027995200378897633,45,27,11,30,146,342
483,0.027249546309966947,45,29,11,28,107,170
484,0.019550317057782624,44,26,13,33,189,428
485,0.020354848654802946,42,28,15,33,124,160
486,0.02615629888038952,44,30,7,23,128,552
487,0.02254494136992749,45,26,13,33,190,374
488,0.017600319693477307,44,29,12,29,163,254
489,0.012370946416322942,44,27,12,31,105,174
490,0.01437635962117468,45,31,8,23,102,196
491,0.0037987193794222357,43,30,12,28,158,240
492,0.010305588859401818,43,32,12,26,91,106
493,0.014207119357835758,44,29,14,31,133,166
494,0.02387193219076464,43,32,11,25,106,142
495,0.02082277557322315,43,32,10,24,77,102
496,0.016105858491675937,45,29,12,29,146,224
497,0.00935166104047401,43,29,13,30,115,154
498,0.011258233038658153,45,31,10,25,105,168
499,0.014261444126195542,42,31,10,25,112,200
500,0.022217135437334643,46,27,12,31,141,234
501,0.006345907228870018,45,28,13,31,178,288
502,0.011744056958128538,43,28,14,32,143,194
503,0.017958861358346297,46,28,13,31,134,210
504,0.031453526461398595,42,29,12,29,132,198
505,0.016558695090001185,43,28,12,30,119,210
506,0.014954626883867075,43,29,12,29,91,154
507,0.024774720602135647,45,29,11,28,145,286
508,0.009465374379672147,42,30,11,27,118,176
509,0.01985003103002636,45,29,9,26,68,132
510,0.01980057066062957,45,29,9,26,106,220
511,0.01158501739924716,46,29,12,29,180,326
512,0.017756663776987834,45,31,15,30,158,158
513,0.026274558385080915,40,28,13,31,101,142
514,0.025312677916943603,44,30,12,28,112,184
515,0.0163337910880387,44,29,14,31,159,234
516,0.00937453517604682,44,31,12,27,109,158
517,0.01495056474928342,44,32,13,27,147,180
518,0.014488324032932792,45,31,10,25,126,222
519,0.021633167796873194,46,28,11,29,119,224
520,0.017862198258315663,41,29,11,28,90,132
521,0.010820864286661014,44,29,11,28,149,242
522,0.011785620909893275,43,30,13,29,154,216
523,0.020729395325790333,44,27,13,32,125,196
524,0.013475128415612776,42,34,10,22,79,88
525,0.011638349978074378,44,32,11,25,102,150
526,0.01454767014926029,45,29,13,30,168,274
527,0.005071557888084645,44,26,13,33,139,236
528,0.025168709908529957,45,30,11,27,104,160
529,0.01587607150820394,44,31,12,27,111,158
530,0.01333278746005706,43,28,12,30,143,278
531,0.01811794259174213,44,34,10,22,78,102
532,0.011883397741473085,42,30,12,28,98,154
533,0.03186308114054793,46,26,13,33,143,266
534,0.013106751375951214,45,26,12,32,167,440
535,0.02265278128841191,43,31,12,27,112,154
536,0.029720089049164226,43,29,11,28,111,202
537,0.014489636337957777,46,27,16,35,143,170
538,0.008063969526191407,43,27,12,31,139,296
539,0.012604579366136737,43,27,15,34,138,174
540,0.012593695832927049,46,30,13,29,126,148
541,0.013184204513228673,43,27,12,31,116,222
542,0.014329665439223517,42,30,11,27,99,148
543,0.012370946416322942,43,29,14,31,115,134
544,0.016971225437036302,44,31,14,29,140,152
545,0.01567313703732609,43,31,9,24,109,170
546,0.01159128347961335,43,25,11,32,99,222
547,0.01215596866435234,43,29,13,30,124,200
548,0.018418335090054166,43,33,11,24,85,100
549,0.0146767517668977,46,31,10,25,99,180
550,0.012200286401961073,46,28,12,30,159,290
551,0.013883236779433317,44,27,14,33,124,204
552,0.013528387204033945,46,28,13,31,137,252
553,0.018834747919050307,41,30,11,27,111,276
554,0.012931332761900588,45,29,14,31,155,202
555,0.012632082284591645,42,26,13,33,134,232
556,0.014916305132825464,43,31,8,23,96,198
557,0.02611742774482387,43,28,14,32,128,188
558,0.014754768996923441,45,29,12,29,129,198
559,0.012849523940546184,44,28,13,31,188,298
560,0.015407736119426297,44,26,13,33,111,178
561,0.01291275521646907,44,27,16,35,109,130
562,0.016345915566438832,46,29,13,30,156,212
563,0.013488224501743959,45,29,15,32,115,136
564,0.013198606252291259,45,30,11,27,121,206
565,0.013693865041691913,44,27,11,30,128,280
566,0.014315517333784833,45,26,12,32,153,288
567,0.019425993773858008,45,29,14,31,159,204
568,0.01672780406455413,46,27,12,31,136,244
569,0.013184204513228673,45,32,11,25,119,146
570,0.012701559777717447,43,28,12,30,154,276
571,0.013429165258686024,42,28,14,32,128,170
572,0.01023257919901992,44,28,13,31,106,168
573,0.01387531362109673,45,28,13,31,164,266
574,0.0168729328572549,44,29,12,29,115,158
575,0.010245445005326231,43,29,14,31,130,158
576,0.010230452611409924,44,30,11,27,148,280
577,0.01020426161859134,46,32,14,28,134,134
578,0.01437179169518607,45,32,11,25,93,120
579,0.007658298914938216,43,26,13,33,130,232
580,0.013241624468034764,45,33,11,24,100,136
581,0.01390139818776788,43,33,12,25,101,110
582,0.024505680597964236,43,28,12,30,121,232
583,0.019842753121286125,45,29,12,29,174,284
584,0.012172643759920568,44,27,12,31,136,238
585,0.032324509720356415,44,25,11,32,108,236
586,0.021002731376996042,45,30,9,25,102,206
587,0.02527930928914084,46,28,11,29,127,286
588,0.0153317419954705,45,28,11,29,108,204
589,0.018247367383236936,45,25,15,36,149,222
590,0.015507635414099455,45,26,12,32,165,308
591,0.0182314054563172,44,32,9,23,120,300
592,0.016802974047015265,46,28,11,29,138,316
593,0.015665389681484343,45,29,12,29,91,148
594,0.022851323191960683,44,29,12,29,137,202
595,0.017049863425008187,43,28,14,32,131,184
596,0.013767575616491251,43,29,10,27,125,236
597,0.013314934648694363,45,31,10,25,116,224
598,0.01427367303092869,44,28,12,30,92,158
599,0.007698399160025144,44,30,11,27,126,198
600,0.016990918769331086,41,34,11,23,57,60
601,0.011387306782439308,45,30,11,27,138,232
602,0.015354878773725426,43,30,11,27,79,118
603,0.019581233157135225,45,28,13,31,132,212
604,0.01433767199215897,44,31,11,26,117,168
605,0.024159389176493316,44,27,15,34,155,216
606,0.014973930333700237,43,28,13,31,152,326
607,0.02373332536861211,42,31,14,29,96,102
608,0.01658708553951701,42,30,10,26,78,138
609,0.011418830005193004,46,33,11,24,110,128
610,0.012409846594359543,44,26,13,33,118,204
611,0.018723353155357933,44,36,9,19,93,108
612,0.028785230143209488,45,28,11,29,131,268
613,0.006922312970522385,46,30,11,27,107,204
614,0.013868844997472665,43,32,11,25,139,190
615,0.013711302969748686,43,29,12,29,112,158
616,0.011723598683455745,45,31,11,26,117,162
617,0.022772007945261796,43,30,13,29,106,154
618,0.019565331825218912,46,31,11,26,109,172
619,0.02035760671498625,45,28,13,31,134,188
620,0.035598204791344235,43,28,10,28,126,296
621,0.023156184381492924,42,30,12,28,127,184
622,0.014488324032932792,43,32,9,23,81,124
623,0.022808793412100993,42,28,13,31,150,242
624,0.007787880133177737,45,28,12,30,118,186
625,0.010706976350707192,45,27,11,30,92,182
626,0.014252207266334763,42,32,12,26,97,124
627,0.014712451050559308,45,30,14,30,132,144
628,0.015125552619112005,44,30,13,29,136,184
629,0.01778838107914464,43,28,12,30,99,174
630,0.020658885777614322,42,29,11,28,95,144
631,0.02522538633981164,45,29,12,29,124,196
632,0.016017828251051774,43,32,9,23,86,140
633,0.01829462985628018,46,28,14,32,119,152
634,0.02158452025553928,45,31,12,27,165,240
635,0.009494854730739799,45,28,14,32,142,196
636,0.01299809424257714,43,31,12,27,104,152
637,0.012497007304836036,44,27,13,32,136,246
638,0.012894371464055733,44,28,13,31,165,250
639,0.01342180859905132,44,30,12,28,112,204
640,0.023386015215405745,44,27,14,33,133,192
641,0.025845294958720143,44,29,13,30,140,206
642,0.01770211408827759,41,29,12,29,78,120
643,0.013723995229066935,45,30,12,28,84,120
644,0.014604533936830158,45,32,11,25,86,122
645,0.015024336934839306,42,28,13,31,133,210
646,0.022167926048595733,46,28,14,32,171,242
647,0.02465378140282673,43,29,13,30,101,146
648,0.012293320060110236,42,29,12,29,95,146
649,0.02175979307158664,42,28,12,30,102,184
650,0.022517254441013407,43,31,11,26,109,204
651,0.009016704169360654,46,25,15,36,141,228
652,0.017525551353912892,45,27,15,34,146,230
653,0.017591849196360712,45,33,10,23,123,188
654,0.01733036482787368,45,29,11,28,94,176
655,0.01662472239255653,45,30,13,29,132,156
656,0.013411248265447831,45,28,11,29,108,198
657,0.014363524631234352,42,26,15,35,160,228
658,0.017047297883674383,44,24,15,37,168,268
659,0.010983383586840853,44,27,14,33,119,194
660,0.015278403126086734,44,28,11,29,139,308
661,0.007808903671449881,44,26,15,35,149,206
662,0.018808790062925063,46,30,13,29,137,234
663,0.013258506346386173,43,32,10,24,81,126
664,0.025389546342776844,40,29,12,29,106,158
665,0.011607374457203837,44,30,11,27,115,188
666,0.025523301469415127,44,32,10,24,129,182
667,0.01647920708332547,42,27,13,32,109,162
668,0.009494854730739799,45,30,14,30,138,180
669,0.009595218669781455,45,28,14,32,166,220
670,0.024435325060902527,43,28,14,32,96,120
671,0.009360789369685082,45,33,10,23,83,104
672,0.013644120688660891,46,28,10,28,146,360
673,0.013683414372867377,44,27,12,31,97,172
674,0.02143407000015457,42,29,12,29,96,132
675,0.02553018520532184,43,29,10,27,97,184
676,0.013693865041691913,44,31,13,28,139,202
677,0.012436311759245453,42,30,12,28,97,170
678,0.0259734659820548,45,28,12,30,138,228
679,0.012566267647879867,44,29,15,32,121,142
680,0.020881078814130663,44,28,15,33,152,182
681,0.019779273564670484,43,30,12,28,127,198
682,0.008975417841895882,42,30,12,28,128,272
683,0.02193978990218173,42,32,13,27,102,114
684,0.01683693623570337,44,30,10,26,84,152
685,0.019970139632129152,43,32,11,25,104,146
686,0.01670071417183233,45,30,13,29,114,158
687,0.01762854219390471,44,29,13,30,109,170
688,0.029621281401422866,43,29,12,29,128,188
689,0.012816233534040808,45,34,7,19,87,208
690,0.01209451893489942,46,29,12,29,129,184
691,0.01881001630154471,42,31,13,28,112,130
692,0.01342086927226524,44,29,12,29,166,300
693,0.021198049494605763,43,32,13,27,117,132
694,0.020427233020867484,43,30,11,27,83,128
695,0.016529251287092102,43,31,13,28,125,152
696,0.017446877325910354,43,33,10,23,84,108
697,0.006293650700322818,46,27,12,31,123,186
698,0.028187827258901996,45,28,11,29,128,244
699,0.012976629018267322,44,26,11,31,142,276
700,0.01639288922434827,45,28,15,33,162,216
701,0.01390139818776788,41,31,12,27,81,98
702,0.00937453517604682,43,28,14,32,153,198
703,0.022460650237115413,44,23,16,39,194,328
704,0.016498983447172003,46,27,16,35,154,190
705,0.014769622952574148,45,28,13,31,108,180
706,0.018802142634659742,46,30,13,29,152,200
707,0.01668497479662214,41,29,13,30,115,144
708,0.012944915751117059,45,30,12,28,128,194
709,0.004940312672252565,44,25,14,35,123,228
710,0.02466267073260331,46,30,12,28,113,168
711,0.014479767289619049,46,30,13,29,136,230
712,0.013588258797938124,43,33,10,23,83,116
713,0.017600319693477307,43,29,13,30,110,146
714,0.01268494954226388,44,37,8,17,82,106
715,0.020303590573794453,43,26,13,33,113,168
716,0.020534839085924853,46,31,12,27,96,120
717,0.009595218669781455,45,29,13,30,152,236
718,0.01593351783566075,45,28,14,32,158,242
719,0.016205699375821156,45,28,12,30,168,270
720,0.028068164752364802,43,29,13,30,125,172
721,0.013205498539321014,45,29,11,28,136,230
722,0.023607028610615907,45,33,10,23,97,144
723,0.021992579477926093,44,31,10,25,120,240
724,0.014182251584289225,44,27,14,33,124,184
725,0.011844141745560175,44,32,11,25,124,224
726,0.01641082180545421,43,26,14,34,122,230
727,0.009065091671101297,44,31,12,27,175,250
728,0.012838045945319732,45,31,11,26,148,264
729,0.011391654548324123,43,31,12,27,101,134
730,0.012979477890044791,46,31,11,26,117,174
731,0.012301336966166955,42,31,12,27,81,108
732,0.0277673301029858,44,32,11,25,72,108
733,0.02092966067721426,44,30,11,27,109,184
734,0.009263659649031378,45,29,14,31,138,160
735,0.01492097208416203,44,29,10,27,100,220
736,0.012830335552057596,46,29,12,29,133,254
737,0.01550236056147096,44,29,12,29,131,188
738,0.012741831913820174,42,28,14,32,94,130
739,0.02356076167154022,46,31,11,26,125,170
740,0.015459760248046385,42,30,14,30,111,126
741,0.016990918769331086,43,28,14,32,149,212
742,0.015507635414099455,45,29,13,30,152,332
743,0.013329669867521848,46,29,10,27,104,198
744,0.017571065439426832,44,30,12,28,98,144
745,0.018983272493012335,46,27,14,33,161,252
746,0.014202746173260769,45,31,14,29,138,150
747,0.00853372882025668,43,33,11,24,89,98
748,0.016083719262001958,43,31,12,27,124,154
749,0.010330216168666313,45,28,10,28,155,314
750,0.014715069061845859,42,24,13,35,176,434
751,0.018126588310523193,44,32,11,25,98,128
752,0.017953586174177378,42,29,13,30,121,148
753,0.01062736332986142,44,29,14,31,118,154
754,0.00690256101543401,45,27,9,28,111,262
755,0.01212110663154859,42,28,16,34,117,144
756,0.021221162797035092,46,24,12,34,132,256
757,0.019842753121286125,46,25,14,35,158,302
758,0.014721386210175182,44,30,13,29,130,190
759,0.01401809376811769,43,29,15,32,143,182
760,0.012440111389224837,46,33,9,22,89,146
761,0.014967457796983656,43,28,14,32,152,212
762,0.023666159866839717,45,29,14,31,115,148
763,0.0121484626281846,45,29,12,29,101,164
764,0.013726786058877213,46,32,9,23,104,272
765,0.014146278638936617,45,33,9,22,136,258
766,0.024161596514162102,44,28,10,28,120,240
767,0.022393922473430514,45,28,14,32,152,196
768,0.012100552812830422,43,33,10,23,77,104
769,0.023850650666843717,44,29,12,29,126,200
770,0.020963424659151388,42,32,11,25,84,114
771,0.023118783446653947,44,31,9,24,114,234
772,0.018209978032178997,45,33,11,24,123,150
773,0.018178671554721734,45,25,13,34,106,174
774,0.009442842329529626,45,28,14,32,158,212
775,0.0088804011789353,43,29,11,28,101,164
776,0.015957721935945635,45,28,13,31,111,160
777,0.015811010600656268,46,30,12,28,120,162
778,0.012098847960031571,44,30,11,27,107,164
779,0.011106485423084317,46,29,11,28,100,152
780,0.0210529857713641,45,35,10,21,92,104
781,0.01085590515545344,45,29,12,29,171,334
782,0.028072080842760055,45,28,13,31,146,240
783,0.01228318949890738,45,29,10,27,124,252
784,0.01878113264877942,46,28,12,30,124,244
785,0.02050459343808641,46,29,13,30,103,136
786,0.014483893895109696,46,31,12,27,108,138
787,0.01980057066062957,45,32,10,24,95,148
788,0.011494681125315674,44,26,15,35,174,240
789,0.008414862607484572,45,25,13,34,165,280
790,0.012133276197908861,40,27,12,31,128,208
791,0.019842753121286125,45,33,10,23,86,116
792,0.017998292605577823,42,29,13,30,132,168
793,0.017852970932911872,44,31,13,28,146,194
794,0.012148010506537618,42,33,11,24,113,128
795,0.016160438425496026,45,31,12,27,97,176
796,0.017132045535206322,45,30,12,28,124,182
797,0.013471780973442898,43,31,11,26,89,138
798,0.01621690668885846,44,30,11,27,121,184
799,0.014279727450631677,43,28,16,34,130,142
800,0.031219795138651016,41,29,12,29,89,134
801,0.015507635414099455,43,35,11,22,76,76
802,0.02175061695063503,42,29,13,30,111,168
803,0.015330558306193794,44,30,10,26,87,150
804,0.014186536067943359,44,28,11,29,98,156
805,0.018723562697040938,45,33,13,26,84,84
806,0.009283892763805111,45,31,10,25,106,166
807,0.011566713747100922,42,30,13,29,98,112
808,0.017601457185948,43,31,12,27,141,204
809,0.017985049940713062,44,28,12,30,121,190
810,0.01649562693624764,41,26,13,33,110,164
811,0.012532988752480795,43,29,13,30,111,156
812,0.013323449954785072,45,31,12,27,111,144
813,0.006603095979784021,44,31,8,23,96,196
814,0.02013014746378185,44,29,12,29,109,166
815,0.01302838779365928,43,28,16,34,147,168
816,0.013255381338873884,43,30,12,28,120,216
817,0.01268804538540895,46,29,11,28,137,260
818,0.016355558253734845,43,28,13,31,153,280
819,0.012931059161832376,46,27,13,32,175,268
820,0.021672476142281745,43,25,13,34,162,368
821,0.011151377270635851,42,28,10,28,123,226
822,0.02387193219076464,43,31,11,26,120,186
823,0.015176884447863252,46,29,12,29,164,252
824,0.0182314054563172,45,29,10,27,82,160
825,0.01215596866435234,43,28,12,30,137,270
826,0.005683364574098702,45,31,12,27,125,182
827,0.014011614203439257,45,31,10,25,112,232
828,0.016396323797282047,46,32,9,23,81,132
829,0.02167506617118671,45,29,10,27,103,226
830,0.024986636582318943,44,31,12,27,115,148
831,0.023666026883721547,44,26,14,34,124,206
832,0.018419898516677254,45,30,11,27,93,138
833,0.022962266999933513,44,30,11,27,125,208
834,0.017510652649041038,43,30,12,28,117,162
835,0.019361895653640895,43,24,15,37,142,238
836,0.01667285135705823,44,31,12,27,112,136
837,0.012506810141344804,45,26,13,33,120,200
838,0.014282290512617458,42,30,12,28,107,134
839,0.01354316875899484,42,29,11,28,156,326
840,0.01661778901349406,44,32,12,26,103,118
841,0.011391654548324123,45,32,12,26,106,130
842,0.015543794703421904,45,28,15,33,138,168
843,0.019491553243019807,45,29,13,30,141,218
844,0.01619809161740863,46,30,10,26,163,386
845,0.01932477686272919,46,31,11,26,95,146
846,0.021772429554402034,46,30,11,27,115,198
847,0.010847104814516593,44,29,13,30,123,162
848,0.012376126217071855,45,29,12,29,119,162
849,0.02615629888038952,41,28,12,30,114,170
850,0.011208987654018045,46,28,13,31,155,250
851,0.01857558470886385,44,31,11,26,94,142
852,0.010673913882891913,43,29,13,30,114,168
853,0.01906591640517591,45,30,11,27,116,178
854,0.01262480542049138,43,31,14,29,121,136
855,0.02772286545465416,43,34,11,23,68,74
856,0.014701530477174998,45,29,12,29,127,190
857,0.02566886282028676,42,30,13,29,101,134
858,0.01082541169754607,44,34,9,21,97,186
859,0.0157487340890713,45,28,13,31,173,344
860,0.012990926708523157,45,31,11,26,106,160
861,0.010933712020491065,41,30,13,29,112,136
862,0.01702877645446204,43,25,15,36,184,300
863,0.011545241749987403,45,30,13,29,140,210
864,0.011009281654396609,45,30,11,27,120,198
865,0.02561346746260562,43,32,11,25,99,150
866,0.006783025768190707,44,31,12,27,92,114
867,0.015437322475901374,44,32,10,24,99,152
868,0.016049793162583356,44,27,15,34,151,196
869,0.009335657688773716,44,28,12,30,142,244
870,0.023583292321508513,44,32,11,25,138,230
871,0.010304592230775012,43,35,8,19,78,148
872,0.019994579972826915,45,28,12,30,106,178
873,0.02053928386286185,43,31,12,27,108,162
874,0.024949190804766326,42,28,11,29,116,212
875,0.02532117397654622,43,32,10,24,72,116
876,0.017468733294844725,44,28,10,28,74,150
877,0.020084925986391774,44,31,11,26,125,194
878,0.006830042673236503,44,33,11,24,134,214
879,0.02548529207796399,45,33,11,24,74,98
880,0.012029408591756854,44,30,13,29,171,234
881,0.01643916664057231,45,30,14,30,104,116
882,0.021760845610203514,46,29,14,31,162,192
883,0.019087077847185108,46,30,10,26,116,200
884,0.012701559777717447,43,29,14,31,154,184
885,0.021934910420864644,44,29,11,28,157,448
886,0.013978922827630011,43,33,10,23,82,124
887,0.014521480363105316,44,26,12,32,163,298
888,0.014363091525492595,46,30,14,30,115,136
889,0.02564266073008948,43,29,12,29,107,182
890,0.02370417530140148,43,27,13,32,117,194
891,0.01585663972612476,44,27,12,31,111,198
892,0.018426192212441364,45,27,11,30,144,308
893,0.01661778901349406,45,30,10,26,109,248
894,0.010894299046249549,43,32,12,26,157,196
895,0.02048003005426234,41,34,9,21,95,178
896,0.022481603865750016,46,27,15,34,159,246
897,0.015379182568630162,45,27,14,33,150,196
898,0.011688855833401731,42,27,14,33,143,218
899,0.013214328099532872,46,28,12,30,173,274
900,0.019540047153198035,45,26,16,36,161,236
901,0.0165853694955566,43,29,12,29,127,202
902,0.013518885085911161,43,32,10,24,81,114
903,0.009319097412539099,45,27,16,35,157,178
904,0.016578138995681346,42,29,9,26,94,212
905,0.01733036482787368,43,30,12,28,131,200
906,0.01648330812716376,45,29,12,29,123,186
907,0.014234519948036668,44,28,13,31,157,254
908,0.012172530302709858,45,31,10,25,112,178
909,0.022090429787909784,46,28,14,32,139,196
910,0.014011614203439257,45,28,15,33,148,208
911,0.020583105978029897,45,31,11,26,107,172
912,0.008620861032409735,44,28,12,30,106,154
913,0.009563584154867622,46,26,13,33,138,232
914,0.013198606252291259,45,31,12,27,141,210
915,0.022696272551440477,42,30,13,29,84,102
916,0.013205498539321014,45,33,9,22,78,118
917,0.018696788479094444,46,28,14,32,144,218
918,0.019072215435909486,45,31,10,25,141,252
919,0.012365498020435014,46,31,10,25,98,144
920,0.024877186498126022,43,32,9,23,121,310
921,0.010069645372229138,44,28,15,33,117,144
922,0.01751013370633428,46,28,14,32,130,166
923,0.015552312683932763,42,34,11,23,108,120
924,0.011114329730810224,44,28,14,32,161,218
925,0.020534820637369854,42,25,13,34,133,240
926,0.010751975462654065,45,28,14,32,145,232
927,0.0163205318094305,44,30,10,26,140,234
928,0.022879044768474875,45,29,14,31,161,254
929,0.016425081519687974,45,30,11,27,106,186
930,0.012427907579036914,42,31,12,27,102,174
931,0.014510205728731396,42,30,11,27,132,222
932,0.014808796377338736,43,30,10,26,94,176
933,0.014555089061776084,45,29,12,29,110,166
934,0.009394217604249765,43,28,15,33,135,192
935,0.011864825464077716,45,28,14,32,153,206
936,0.013592156229948124,43,31,11,26,123,202
937,0.015277753135604005,42,28,11,29,92,170
938,0.018626095888756022,45,30,13,29,155,206
939,0.011257326261017192,42,28,13,31,115,184
940,0.024184863680556855,43,28,12,30,137,194
941,0.012035121361082396,44,30,13,29,105,138
942,0.012476022837837206,46,32,11,25,105,144
943,0.012321149012651161,44,30,14,30,111,132
944,0.013777141765947479,43,29,12,29,88,140
945,0.019382047445482338,46,28,12,30,102,176
946,0.01129789207615678,43,27,13,32,132,248
947,0.011343101157461677,43,27,13,32,137,200
948,0.016149527431144124,42,32,10,24,93,142
949,0.013856844606848613,44,30,11,27,116,196
950,0.014465435336651351,45,30,11,27,77,126
951,0.018624358929039297,46,34,8,20,66,108
952,0.029632749918661105,45,30,12,28,142,202
953,0.010723223501765456,44,29,11,28,109,216
954,0.013939853388929797,44,30,13,29,145,196
955,0.013533223644282128,44,31,12,27,122,182
956,0.024367990495684718,42,32,9,23,79,118
957,0.013897058060019306,40,29,13,30,91,112
958,0.021263437886842387,42,27,13,32,86,134
959,0.01986988401458254,45,30,12,28,174,298
960,0.011547422651470199,43,29,12,29,105,142
961,0.018775183209697503,41,27,13,32,112,160
962,0.01976706770550328,45,28,14,32,151,194
963,0.011897441447488812,46,31,11,26,119,176
964,0.014323444520114845,45,28,10,28,139,316
965,0.015476904486854414,42,30,14,30,129,138
966,0.012037974271309496,45,32,12,26,91,106
967,0.020784889965716334,46,27,15,34,160,226
968,0.010085882766974696,42,34,9,21,82,96
969,0.013859372901617463,45,30,11,27,114,202
970,0.01109396455468268,44,29,11,28,129,210
971,0.027612503783956407,44,28,15,33,138,174
972,0.013715962640728205,44,28,14,32,126,186
973,0.014703062640195587,44,25,14,35,158,248
974,0.022697179214489778,46,28,12,30,151,430
975,0.008808062344880352,43,29,12,29,139,214
976,0.012304533842033075,46,27,16,35,133,154
977,0.016211896371948073,43,25,15,36,156,228
978,0.012282164958563865,45,32,11,25,108,144
979,0.013413944549968124,45,31,12,27,107,140
980,0.009793287397856044,43,27,11,30,139,280
981,0.016205699375821156,43,29,12,29,115,178
982,0.015351802496730217,45,28,13,31,127,172
983,0.018958035081246077,44,32,9,23,99,168
984,0.020809424675961037,45,29,13,30,139,196
985,0.009293718196251528,43,28,13,31,133,242
986,0.009603558090283904,45,30,13,29,126,148
987,0.008069820450328336,46,30,12,28,138,238
988,0.021506561508432238,44,26,14,34,169,296
989,0.011387439453416942,45,35,6,17,94,226
990,0.012016312812419307,46,27,15,34,137,184
991,0.014608557522041293,44,26,15,35,149,198
992,0.013871150084271977,45,25,12,33,161,420
993,0.014879458210734067,45,28,12,30,147,260
994,0.012599874079205035,44,32,11,25,105,184
995,0.014000107970433093,43,30,13,29,96,126
996,0.017753109121247675,45,24,16,38,150,210
997,0.013127955888938704,43,29,11,28,133,234
998,0.016178746717217377,44,29,12,29,118,208
999,0.030259595465257923,44,25,15,36,125,180
1000,0.0163337910880387,44,28,13,31,125,198
1001,0.006318364435014073,45,28,13,31,133,188
1002,0.021533360417525835,44,30,11,27,158,276
1003,0.012124143957737608,43,28,12,30,169,364
1004,0.030240054076839884,41,29,10,27,96,172
1005,0.011569641211218059,46,28,12,30,104,158
1006,0.013247698846213185,45,27,15,34,164,218
1007,0.0118514097364842,45,27,14,33,160,250
1008,0.015026960416650768,41,29,12,29,120,192
1009,0.011537655193627268,44,33,11,24,108,120
1010,0.02181114726112238,40,28,13,31,123,182
1011,0.016810043160307896,45,31,13,28,119,146
1012,0.025293894828069523,40,30,12,28,124,156
1013,0.02361258386165106,44,32,12,26,101,140
1014,0.01306680796148316,42,27,14,33,127,198
1015,0.01453812252349131,44,25,12,33,152,372
1016,0.007122469224923728,46,29,13,30,141,174
1017,0.01907815018773032,45,29,11,28,101,156
1018,0.01607505488622943,43,26,13,33,143,284
1019,0.012977413117813037,44,32,12,26,138,186
1020,0.023587999700100636,42,32,12,26,97,118
1021,0.0182314054563172,43,30,13,29,151,220
1022,0.01579226498442872,44,29,13,30,127,172
1023,0.02100544495223781,44,28,13,31,117,166
1024,0.009629337756012227,44,26,12,32,122,210
1025,0.02223964069427302,43,32,11,25,105,150
1026,0.014011614203439257,45,25,14,35,128,278
1027,0.012362270381273188,45,32,13,27,89,98
1028,0.01545809208417434,41,26,14,34,134,196
1029,0.013862137380677556,44,27,13,32,151,278
1030,0.014947514577393503,45,29,12,29,134,210
1031,0.010879972495841883,45,28,12,30,153,252
1032,0.01017841065835004,43,25,15,36,145,220
1033,0.01087928282476416,46,27,13,32,105,156
1034,0.023286458170525486,43,31,14,29,120,132
1035,0.012279406029002432,46,31,12,27,149,246
1036,0.014991835119491023,43,28,14,32,135,198
1037,0.01677653418475448,46,32,11,25,109,154
1038,0.01683693623570337,43,31,11,26,159,274
1039,0.014914781920069092,41,33,9,22,72,104
1040,0.018250922038977095,45,32,11,25,98,128
1041,0.02070020683777425,43,31,13,28,113,128
1042,0.017957573928308893,45,31,12,27,92,122
1043,0.009250352353573646,44,33,9,22,121,224
1044,0.013027623018189001,43,29,15,32,174,210
1045,0.02521909013446153,44,28,12,30,104,154
1046,0.023035459970812446,42,32,10,24,86,130
1047,0.018983272493012335,44,29,13,30,136,184
1048,0.012120454260097113,43,31,12,27,113,134
1049,0.03222502548036413,39,28,12,30,133,194
1050,0.013934149366984672,44,27,13,32,110,170
1051,0.013831898923296532,41,33,11,24,97,124
1052,0.01152854067822336,44,27,12,31,114,240
1053,0.011650483131750537,45,32,11,25,81,102
1054,0.017262289090395996,41,30,12,28,107,136
1055,0.01611696561454385,46,31,14,29,125,134
1056,0.016823093761129497,44,28,14,32,143,194
1057,0.025946141826295212,44,30,10,26,96,154
1058,0.025328614034456326,43,31,12,27,107,128
1059,0.018767151455940503,41,31,12,27,84,108
1060,0.022249834378515285,46,29,15,32,141,156
1061,0.015382832395010065,45,32,10,24,88,124
1062,0.02353138250587926,45,29,15,32,125,140
1063,0.016744951108251544,42,31,10,25,70,114
1064,0.02879778534876974,46,30,12,28,105,152
1065,0.013277874399996455,45,25,13,34,132,238
1066,0.007319817149334856,44,32,11,25,100,136
1067,0.01299809424257714,45,31,10,25,89,148
1068,0.012849523940546184,43,30,13,29,151,226
1069,0.015562629089465662,44,27,15,34,151,214
1070,0.014635731879633938,46,28,14,32,140,218
1071,0.019565331825218912,44,28,13,31,151,340
1072,0.010948176270157817,45,27,12,31,154,250
1073,0.012838045945319732,45,32,11,25,138,186
1074,0.016612005412884615,43,32,11,25,94,118
1075,0.02296969633094742,45,28,13,31,146,220
1076,0.02126955503217809,44,29,13,30,116,158
1077,0.028689099605550675,43,28,13,31,130,190
1078,0.016049793162583356,44,28,14,32,171,222
1079,0.022229802724322123,43,28,12,30,99,160
1080,0.025288810987368363,43,31,11,26,118,182
1081,0.007938135818439024,45,28,12,30,138,222
1082,0.018950151013235605,43,31,10,25,82,154
1083,0.017051461152068077,44,31,13,28,106,124
1084,0.013177741475428724,45,29,14,31,154,210
1085,0.01169849694608402,44,29,14,31,162,240
1086,0.022892653089056553,45,27,11,30,150,310
1087,0.017929494716787585,45,30,14,30,152,170
1088,0.030673300146861773,46,28,13,31,140,200
1089,0.011181751446416012,44,32,12,26,127,166
1090,0.011269208419516716,46,32,9,23,109,222
1091,0.011760275400049716,46,29,12,29,139,188
1092,0.018276995693371073,44,28,14,32,128,176
1093,0.011237669499842659,41,29,12,29,117,202
1094,0.021809589661972627,42,29,10,27,80,172
1095,0.022194754670542577,45,28,8,26,106,282
1096,0.017247093274285717,45,31,11,26,102,178
1097,0.014608281431451983,46,28,13,31,104,166
1098,0.017234098689233507,44,26,14,34,130,210
1099,0.014831643569279993,44,30,14,30,101,122
1100,0.009704532062810016,44,30,14,30,127,142
1101,0.010245445005326231,43,28,13,31,152,248
1102,0.018544439245107083,45,28,13,31,143,218
1103,0.01831968812807271,44,28,12,30,100,150
1104,0.01857121759547601,43,27,14,33,137,212
1105,0.014488324032932792,42,34,9,21,51,66
1106,0.015507635414099455,46,30,14,30,142,184
1107,0.02448981559484411,45,31,10,25,106,172
1108,0.03140135886016472,43,27,12,31,156,364
1109,0.02329545145017775,45,34,9,21,119,194
1110,0.029685922596126037,44,30,12,28,88,130
1111,0.016355558253734845,43,27,14,33,112,174
1112,0.015200771441852556,45,26,11,31,116,214
1113,0.02319168788791358,45,30,11,27,142,226
1114,0.027826460432823157,43,30,13,29,90,114
1115,0.01350176363504943,46,29,12,29,149,236
1116,0.018352119499820498,45,32,10,24,88,136
1117,0.011955320670931517,43,29,11,28,151,270
1118,0.018723562697040938,45,28,14,32,136,186
1119,0.0189453830717229,46,26,12,32,120,226
1120,0.021760845610203514,45,33,8,21,140,338
1121,0.014754768996923441,43,33,12,25,118,142
1122,0.010719285034880989,45,34,9,21,109,156
1123,0.020945499088567538,44,30,14,30,114,144
1124,0.012849523940546184,43,30,14,30,105,120
1125,0.018051898262888465,45,26,14,34,187,302
1126,0.009822366799956003,43,27,11,30,117,234
1127,0.010627609634519669,45,27,12,31,147,234
1128,0.009479781663345885,46,29,13,30,146,250
1129,0.020413082491260875,46,28,13,31,133,204
1130,0.014614637948146561,44,25,12,33,131,238
1131,0.022433195739216413,41,25,14,35,116,194
1132,0.012291005299858583,46,32,10,24,112,188
1133,0.013573086626270738,40,30,10,26,120,200
1134,0.017978689315405475,42,28,12,30,142,232
1135,0.01343782568500862,43,28,13,31,115,178
1136,0.01958984470448043,46,28,14,32,123,162
1137,0.02254494136992749,43,31,11,26,125,188
1138,0.01896606777251443,45,29,14,31,112,142
1139,0.010732462965612526,42,29,10,27,113,198
1140,0.015404155008675806,45,29,11,28,96,170
1141,0.02395674760456168,45,28,12,30,141,254
1142,0.010844153290057036,44,29,11,28,146,290
1143,0.01661778901349406,45,31,14,29,138,144
1144,0.009586481383675328,45,30,11,27,121,188
1145,0.01267328048872856,46,27,11,30,148,256
1146,0.019097360351430413,42,30,10,26,93,164
1147,0.024236281015208617,44,28,11,29,136,250
1148,0.01728545274905437,44,32,9,23,95,166
1149,0.009075715474555171,42,31,12,27,105,138
1150,0.010087475573499767,46,26,13,33,120,196
1151,0.02349257754869178,42,31,13,28,127,136
1152,0.012483897602208641,46,29,14,31,150,202
1153,0.009494854730739799,43,32,11,25,120,168
1154,0.018983047964612365,45,29,15,32,147,174
1155,0.011760275400049716,43,27,13,32,119,182
1156,0.01636473201051658,46,27,15,34,159,198
1157,0.02261453228578028,45,27,13,32,124,242
1158,0.011913833935498094,43,29,15,32,121,148
1159,0.015959895709367684,45,31,8,23,93,228
1160,0.021844980485816734,46,24,14,36,155,254
1161,0.020250039499072597,46,30,13,29,169,244
1162,0.014466500679421748,40,29,12,29,82,110
1163,0.012639739796601455,44,29,14,31,145,196
1164,0.0179289665417691,45,31,10,25,123,206
1165,0.024303463838432612,46,27,12,31,140,258
1166,0.019780070411257594,44,30,11,27,143,258
1167,0.014284866553819657,42,28,14,32,121,160
1168,0.01424342991008775,46,31,13,28,133,178
1169,0.028731231957586038,44,27,14,33,136,260
1170,0.013868510905785107,43,29,14,31,121,148
1171,0.012849523940546184,44,28,11,29,95,184
1172,0.00937453517604682,45,28,17,35,170,194
1173,0.014941774801487184,44,28,11,29,115,180
1174,0.019361877854218973,45,33,13,26,114,114
1175,0.011391654548324123,44,28,15,33,144,192
1176,0.009595218669781455,44,30,12,28,125,172
1177,0.02463054811339488,45,30,11,27,131,188
1178,0.015749295603329598,43,25,14,35,151,224
1179,0.019322027274698596,44,31,10,25,117,238
1180,0.02039413128764903,44,25,13,34,154,274
1181,0.024020324492163847,45,29,14,31,166,212
1182,0.023607028610615907,43,30,9,25,102,264
1183,0.012532988752480795,45,30,12,28,135,186
1184,0.015428608009726175,42,28,14,32,114,174
1185,0.017349332409207885,45,27,17,36,166,208
1186,0.016372971534281175,41,31,12,27,94,112
1187,0.013007419893166033,44,29,12,29,123,186
1188,0.01477759274675805,45,32,7,21,94,242
1189,0.012896168062784943,44,29,15,32,118,136
1190,0.02164779248721503,45,28,13,31,105,154
1191,0.009319097412539099,45,31,11,26,115,166
1192,0.012175323820767234,45,30,13,29,106,142
1193,0.010836292720176374,42,27,13,32,118,184
1194,0.012533529977201224,40,30,13,29,102,122
1195,0.012304533842033075,45,27,13,32,138,238
1196,0.019817682523898067,43,31,11,26,109,184
1197,0.014011614203439257,45,30,10,26,123,202
1198,0.008449498251370258,43,28,14,32,130,170
1199,0.015444300539993069,44,27,13,32,102,162
1200,0.0293429904102254,41,31,12,27,118,142
1201,0.016049793162583356,45,28,14,32,175,256
1202,0.025844672639508293,45,31,13,28,134,170
1203,0.015373292107561824,43,32,12,26,120,152
1204,0.016150607379397067,44,29,11,28,94,146
1205,0.01647849863758108,45,30,11,27,142,264
1206,0.02657384597585386,43,27,13,32,144,240
1207,0.00946470859595197,46,27,14,33,134,180
1208,0.011163651924185211,44,29,13,30,188,284
1209,0.014269104237658453,43,32,11,25,105,150
1210,0.012838045945319732,45,28,14,32,143,244
1211,0.016575618836171053,46,28,16,34,134,150
1212,0.017898176288484655,45,30,12,28,92,122
1213,0.02523086234318519,45,25,13,34,168,312
1214,0.014824389411668651,45,28,14,32,120,156
1215,0.011720807041979715,46,31,9,24,81,144
1216,0.026223671585655715,44,30,10,26,106,166
1217,0.01764589221161652,45,27,12,31,143,284
1218,0.013180463043731994,44,28,11,29,101,170
1219,0.014969066647261081,44,26,12,32,145,262
1220,0.014195373520624267,46,30,12,28,112,148
1221,0.018066545273610568,45,32,12,26,97,112
1222,0.02265491834556429,44,30,10,26,109,178
1223,0.01545809208417434,43,27,12,31,163,316
1224,0.030197490700921314,42,29,11,28,107,178
1225,0.012577616005066378,46,28,13,31,173,266
1226,0.02301825066651452,44,29,13,30,107,166
1227,0.010629999454089128,43,30,13,29,161,212
1228,0.010055699354992693,40,29,12,29,95,140
1229,0.017039050129959515,46,25,12,33,165,324
1230,0.01563064815848339,43,31,13,28,106,118
1231,0.012340903332418302,45,29,14,31,133,174
1232,0.02150206045640131,44,31,13,28,108,126
1233,0.012665106780282289,44,29,16,33,126,138
1234,0.011177001774536004,45,31,10,25,101,180
1235,0.017563824860149145,44,29,13,30,131,194
1236,0.012849901502324925,44,28,13,31,144,270
1237,0.014690609903790688,43,26,12,32,125,212
1238,0.012446102336649528,43,26,14,34,113,176
1239,0.009005849976407493,45,28,11,29,129,238
1240,0.014253274144189976,43,27,13,32,122,242
1241,0.018159762213251503,43,30,11,27,127,240
1242,0.006276521832568455,42,28,11,29,158,272
1243,0.017044835083259893,46,27,11,30,167,394
1244,0.011760275400049716,41,30,13,29,119,154
1245,0.014298079482711674,45,29,14,31,161,182
1246,0.01871483468007952,44,25,14,35,153,264
1247,0.013903390471461788,44,30,11,27,129,206
1248,0.02273888902564332,44,30,14,30,153,168
1249,0.01906122899918397,42,30,11,27,94,142
1250,0.023925684315891482,43,26,12,32,123,228
1251,0.01638992228711467,44,28,12,30,133,220
1252,0.014949382904965225,43,27,14,33,132,216
1253,0.021820732245557244,45,30,12,28,173,244
1254,0.007927066795119238,45,26,10,30,94,194
1255,0.0243840562173298,44,28,13,31,154,242
1256,0.014186536067943359,43,29,12,29,136,230
1257,0.009210615110523915,43,27,13,32,183,282
1258,0.02244198529490462,45,32,11,25,116,178
1259,0.01611671357980117,43,30,11,27,94,154
1260,0.016623700976762856,42,26,16,36,151,208
1261,0.02053928386286185,43,34,9,21,79,112
1262,0.02015539826355172,44,33,10,23,72,100
1263,0.007798419798812503,43,27,14,33,137,194
1264,0.007254441194009892,46,28,13,31,148,202
1265,0.007632290471168361,46,29,12,29,134,222
1266,0.020158310923606766,43,28,11,29,128,234
1267,0.018594020436539925,46,28,16,34,132,150
1268,0.011257326261017192,44,29,11,28,122,242
1269,0.017646608738355433,44,30,14,30,110,128
1270,0.012636688716571115,43,28,16,34,180,268
1271,0.012370946416322942,46,29,10,27,129,232
1272,0.014368720639938291,45,35,11,22,130,130
1273,0.01661778901349406,45,33,11,24,105,120
1274,0.016674719825750632,41,29,13,30,114,146
1275,0.018209978032178997,40,27,12,31,91,162
1276,0.019764626850526712,42,31,10,25,88,140
1277,0.015040821633655548,42,26,15,35,131,198
1278,0.016841279999966242,42,31,12,27,120,214
1279,0.019361895653640895,42,30,10,26,77,154
1280,0.013648707958307638,42,32,10,24,100,130
1281,0.02287992671687812,43,32,9,23,95,158
1282,0.025138674755600943,45,29,12,29,131,196
1283,0.01887561331481173,43,29,14,31,149,218
1284,0.011059144387656886,44,32,13,27,111,120
1285,0.023996867461130174,45,31,11,26,99,142
1286,0.016049793162583356,45,29,12,29,132,178
1287,0.016581163409116598,44,30,10,26,133,276
1288,0.014178584515202736,45,32,11,25,110,140
1289,0.00933339004426608,43,25,17,38,159,216
1290,0.023533149052227545,45,29,11,28,109,210
1291,0.018204772306700347,45,28,10,28,158,300
1292,0.011258233038658153,43,29,13,30,135,196
1293,0.019492447838628107,43,32,12,26,94,130
1294,0.021793359626704374,44,30,11,27,136,220
1295,0.009263659649031378,45,28,13,31,152,256
1296,0.010290969854678929,44,28,15,33,127,148
1297,0.012838045945319732,45,30,10,26,98,164
1298,0.016623700976762856,44,31,11,26,114,186
1299,0.013868844997472665,45,35,9,20,92,122
1300,0.016226858745217572,45,28,12,30,122,196
1301,0.012481735491837856,44,29,11,28,97,168
1302,0.019668794194344492,42,29,13,30,132,206
1303,0.026413561308566758,46,27,12,31,178,346
1304,0.007406759106125923,44,28,15,33,137,182
1305,0.013748609750698044,44,28,13,31,122,194
1306,0.014399640689520592,45,26,12,32,124,228
1307,0.01672570897882314,44,37,8,17,61,76
1308,0.01287033796731353,44,29,13,30,109,154
1309,0.026166083403078487,45,30,12,28,113,178
1310,0.019287910529151686,45,31,11,26,145,220
1311,0.02440394232576676,41,29,13,30,112,160
1312,0.012953012784943999,46,28,12,30,131,226
1313,0.01793851547806976,46,27,13,32,112,180
1314,0.017286624522094347,41,29,13,30,117,158
1315,0.01752230478509645,45,33,10,23,82,112
1316,0.015533648889727157,43,28,11,29,102,176
1317,0.015365854703914009,45,25,14,35,153,222
1318,0.020427233020867484,45,33,12,25,114,126
1319,0.013573972441331204,43,29,14,31,151,186
1320,0.016211896371948073,44,29,13,30,102,156
1321,0.017994104738415725,44,27,13,32,169,306
1322,0.01794534217236577,44,30,13,29,117,162
1323,0.01881577071124358,42,26,13,33,146,230
1324,0.018027590224719385,44,28,13,31,118,160
1325,0.010604032908097867,46,31,9,24,83,156
1326,0.016526921462280908,41,30,11,27,130,214
1327,0.02523212251082886,44,27,14,33,118,184
1328,0.013518885085911161,42,29,14,31,126,150
1329,0.012254127464243786,44,33,11,24,102,120
1330,0.010608995285664703,45,30,10,26,89,152
1331,0.016038335951192723,44,31,9,24,145,430
1332,0.011817420674245516,44,28,15,33,142,196
1333,0.022022469303948966,44,30,12,28,100,136
1334,0.011833157238957615,44,26,13,33,183,324
1335,0.02218457032383559,45,29,12,29,163,296
1336,0.01424725959809147,44,28,13,31,103,176
1337,0.012282164958563865,43,28,11,29,116,214
1338,0.026461927784072685,44,27,11,30,112,216
1339,0.011391654548324123,43,32,14,28,138,138
1340,0.014527310593862253,43,29,12,29,124,196
1341,0.019925439987697503,41,26,11,31,120,224
1342,0.025809268590471127,45,31,13,28,112,136
1343,0.019039447495375058,44,28,14,32,114,154
1344,0.0161037936370838,43,30,13,29,138,186
1345,0.01894852671356298,45,31,9,24,111,260
1346,0.014914884428131603,46,27,16,35,139,166
1347,0.027170705182800514,40,26,12,32,125,210
1348,0.014116229477985891,44,27,14,33,134,212
1349,0.018782287566588014,46,26,13,33,128,218
1350,0.011670630738259285,44,31,11,26,106,142
1351,0.016558695090001185,46,32,11,25,101,134
1352,0.028351256601148466,46,30,12,28,137,180
1353,0.016049793162583356,44,30,12,28,118,158
1354,0.012425754016279475,44,23,12,35,133,340
1355,0.020418756814123182,44,30,12,28,102,154
1356,0.012282164958563865,43,30,11,27,76,110
1357,0.014659794246187973,44,32,11,25,92,122
1358,0.01649562693624764,43,34,9,21,99,138
1359,0.02569560453695531,44,27,12,31,103,184
1360,0.00952217242765924,46,32,11,25,115,172
1361,0.009626870471336361,46,29,10,27,104,216
1362,0.017463292471562968,44,31,10,25,88,150
1363,0.014284039340626525,44,27,14,33,116,182
1364,0.010948176270157817,45,27,11,30,151,288
1365,0.011622443641793274,44,31,12,27,116,152
1366,0.008414862607484572,45,29,15,32,125,152
1367,0.011391654548324123,44,28,13,31,145,208
1368,0.016026878739802075,43,31,15,30,130,130
1369,0.012037974271309496,45,32,10,24,86,140
1370,0.012172530302709858,43,29,13,30,124,180
1371,0.014481519297347464,44,29,13,30,132,198
1372,0.027545704295685855,45,27,14,33,141,214
1373,0.008776895773063523,44,31,10,25,97,196
1374,0.02093845884850752,43,29,12,29,142,266
1375,0.00937453517604682,46,30,11,27,128,224
1376,0.012701559777717447,43,30,12,28,149,264
1377,0.015308832147723397,43,31,11,26,81,130
1378,0.01595719376092715,46,24,13,35,159,292
1379,0.011336650790889885,45,30,13,29,142,202
1380,0.01526263123555938,44,31,12,27,105,132
1381,0.021760845610203514,43,27,16,35,146,164
1382,0.025324622339716232,43,28,14,32,140,176
1383,0.021672476142281745,41,27,14,33,134,188
1384,0.012837834937690827,45,32,10,24,84,140
1385,0.018066545273610568,45,33,9,22,55,86
1386,0.0259734659820548,44,31,9,24,131,268
1387,0.02380033861497307,44,29,11,28,136,234
1388,0.02212735520256247,44,30,13,29,130,190
1389,0.014186536067943359,43,28,13,31,120,186
1390,0.02218457032383559,45,27,16,35,170,200
1391,0.0163301571234276,45,30,14,30,108,120
1392,0.015507635414099455,43,31,12,27,95,122
1393,0.014011614203439257,44,29,12,29,104,158
1394,0.016238559433361388,43,31,8,23,80,162
1395,0.019842753121286125,44,24,14,36,149,298
1396,0.01721486627471927,41,28,14,32,116,146
1397,0.020438544614347673,43,30,13,29,123,168
1398,0.016355558253734845,43,30,14,30,129,144
1399,0.009077540894651511,42,30,12,28,81,112
1400,0.0172211828615334,44,32,13,27,97,112
1401,0.019286405438260795,45,29,12,29,163,276
1402,0.010252351308372515,44,26,14,34,121,196
1403,0.012882436950085563,44,30,12,28,127,212
1404,0.019842753121286125,43,29,15,32,122,146
1405,0.02069292813085912,43,30,12,28,88,138
1406,0.014896907980336889,44,30,12,28,126,168
1407,0.026641511233031438,43,28,12,30,115,166
1408,0.027837850309303427,43,28,16,34,148,160
1409,0.014984324768495955,44,29,15,32,152,194
1410,0.0216377254297606,46,29,15,32,142,174
1411,0.01907815018773032,45,28,11,29,106,200
1412,0.01680774619008992,44,28,12,30,122,202
1413,0.014698883267799858,42,31,13,28,108,132
1414,0.018179071975104096,42,32,13,27,111,114
1415,0.00672373863621005,46,31,13,28,129,174
1416,0.014732575979870238,44,29,11,28,137,286
1417,0.0150308014511608,46,34,8,20,57,94
1418,0.015192265202253332,44,27,12,31,138,256
1419,0.016585105408047356,44,26,12,32,114,204
1420,0.01557534634563193,41,27,13,32,166,314
1421,0.013387574999796998,46,28,14,32,138,174
1422,0.01697225456864814,44,31,13,28,124,160
1423,0.023859161040190112,46,28,14,32,166,226
1424,0.012116970226805489,42,31,10,25,142,300
1425,0.021840961652956056,46,31,10,25,127,194
1426,0.020794673381366886,44,27,15,34,117,154
1427,0.018262310813201177,46,32,12,26,124,136
1428,0.01401809376811769,45,32,10,24,126,168
1429,0.013358401484746284,44,28,13,31,108,170
1430,0.009713709918130302,43,31,13,28,108,124
1431,0.015839887492060757,43,31,9,24,82,148
1432,0.023607028610615907,44,25,14,35,148,274
1433,0.01192849172516608,43,26,13,33,118,220
1434,0.014832517143843565,43,31,10,25,155,270
1435,0.014011614203439257,43,25,14,35,137,226
1436,0.027480245140547477,43,32,10,24,109,142
1437,0.018900856442385622,44,33,9,22,109,160
1438,0.018723562697040938,43,32,10,24,97,154
1439,0.02379574180252813,43,29,10,27,115,234
1440,0.013868844997472665,43,26,13,33,124,202
1441,0.012370946416322942,45,30,13,29,119,158
1442,0.028370240424406244,45,30,13,29,134,182
1443,0.017767391989174576,43,30,11,27,93,144
1444,0.011466166670383016,40,28,12,30,114,164
1445,0.028937575993776964,43,29,13,30,145,208
1446,0.009661049314208761,44,30,14,30,132,150
1447,0.015308832147723397,43,26,12,32,119,238
1448,0.023268800975786555,46,29,12,29,140,270
1449,0.008944219071921854,44,28,11,29,110,204
1450,0.01211794442010352,46,28,12,30,158,280
1451,0.00568378416391957,44,26,14,34,152,286
1452,0.01954339279451589,45,29,13,30,163,238
1453,0.02164779248721503,43,28,12,30,140,218
1454,0.016961810906868623,44,32,12,26,124,148
1455,0.019550254742194573,45,26,13,33,133,232
1456,0.013921869037566273,45,25,12,33,147,278
1457,0.02515744639087134,46,30,11,27,124,172
1458,0.011391654548324123,43,29,12,29,98,158
1459,0.016577869851113994,45,29,12,29,132,186
1460,0.010870644660449614,44,32,12,26,87,114
1461,0.022625678948696853,45,29,12,29,139,210
1462,0.0293429904102254,45,29,15,32,179,194
1463,0.030715258068304795,41,25,14,35,154,270
1464,0.0186102252874542,46,31,12,27,117,162
1465,0.013434889400564157,41,28,12,30,120,200
1466,0.017428975990234602,43,29,13,30,148,214
1467,0.02508492825959989,43,28,13,31,169,286
1468,0.013539356154236178,42,30,11,27,83,132
1469,0.019227819126222494,42,33,10,23,74,98
1470,0.02749687276084324,45,26,13,33,126,196
1471,0.015422291757191266,41,27,14,33,113,164
1472,0.020075355885501148,46,31,12,27,95,128
1473,0.015535650940693015,46,28,13,31,116,168
1474,0.016778629138151202,44,32,13,27,108,132
1475,0.014184683751461154,45,31,12,27,116,164
1476,0.012337740129178015,45,30,13,29,136,166
1477,0.009172794444685148,46,28,13,31,126,194
1478,0.01235533539504468,46,27,13,32,122,200
1479,0.023427257281833435,45,28,12,30,181,448
1480,0.02213337847580421,45,30,13,29,140,212
1481,0.016384962252247726,46,26,14,34,145,220
1482,0.013665818624437602,45,32,11,25,103,128
1483,0.01310503377341421,44,26,12,32,123,214
1484,0.013048355568987948,46,28,14,32,112,166
1485,0.00977096879858328,43,29,14,31,168,278
1486,0.010056088408212698,45,31,11,26,107,162
1487,0.012115899568781688,45,29,11,28,156,302
1488,0.0227975841323088,44,30,12,28,113,158
1489,0.02838240597983728,45,26,15,35,148,220
1490,0.0114099391197321,45,29,11,28,108,188
1491,0.02789203067765869,43,30,14,30,124,136
1492,0.021097055052696472,46,31,12,27,121,166
1493,0.011015606025240238,45,29,12,29,136,224
1494,0.011141379243554246,45,32,12,26,130,146
1495,0.024082140796106787,44,31,12,27,104,142
1496,0.017434357644564302,43,29,12,29,130,230
1497,0.016716021258787007,40,30,10,26,71,116
1498,0.013003588863244084,45,27,13,32,130,200
1499,0.02081510731868333,39,25,16,37,167,224
1500,0.019562833859538845,45,27,13,32,156,308
1501,0.027129741583890657,44,33,10,23,94,124
1502,0.014068447770122727,43,30,11,27,95,144
1503,0.011404242846655921,43,28,10,28,123,268
1504,0.012770424842900162,45,29,11,28,158,370
1505,0.016946482124770842,44,33,11,24,82,106
1506,0.015271219188422738,43,29,11,28,98,150
1507,0.017492943557568315,44,32,12,26,141,198
1508,0.02522538633981164,44,30,14,30,142,154
1509,0.024050804046467693,41,28,12,30,136,196
1510,0.014910570256553117,44,36,10,20,78,78
1511,0.01273446924608293,45,31,12,27,133,160
1512,0.014971529046439606,44,28,12,30,103,196
1513,0.021994383196992845,44,34,10,22,93,126
1514,0.013871150084271977,43,28,12,30,122,206
1515,0.012027432860578582,44,27,13,32,109,194
1516,0.012724659808530044,42,29,13,30,126,200
1517,0.015459268055083977,45,32,11,25,101,150
1518,0.012283767471592197,45,32,11,25,103,152
1519,0.01896606777251443,43,31,11,26,113,176
1520,0.018952734051716685,42,28,15,33,110,132
1521,0.01918032103644742,44,31,10,25,98,192
1522,0.014011614203439257,44,30,12,28,131,176
1523,0.012849523940546184,44,27,13,32,137,242
1524,0.014470716358205089,46,30,13,29,109,142
1525,0.015507635414099455,43,29,11,28,114,192
1526,0.010294527508566145,43,29,13,30,181,346
1527,0.018261763131433482,44,32,10,24,90,124
1528,0.013496451221869581,44,32,10,24,85,136
1529,0.018723562697040938,44,29,13,30,118,178
1530,0.013198606252291259,45,29,13,30,144,184
1531,0.016565754880178314,44,27,14,33,144,208
1532,0.016322333876648068,46,31,11,26,90,132
1533,0.016962737643401806,46,28,14,32,178,246
1534,0.017931493472540153,43,28,11,29,131,246
1535,0.012667917185877578,42,32,13,27,107,110
1536,0.017170011658834076,41,28,10,28,77,158
1537,0.012041370286476578,44,29,14,31,104,132
1538,0.015531344468288633,45,30,13,29,140,194
1539,0.014847457795809545,45,32,11,25,154,258
1540,0.012835701822650175,44,29,15,32,158,200
1541,0.013679759541658808,42,28,14,32,88,130
1542,0.009164523965176037,46,29,12,29,137,206
1543,0.014434290338424048,44,30,11,27,143,280
1544,0.03169025361747954,45,27,12,31,112,208
1545,0.013360027568421848,45,36,8,18,59,80
1546,0.016934107242488616,44,30,12,28,115,210
1547,0.016150607379397067,43,30,10,26,85,156
1548,0.01876488852373835,43,30,12,28,99,136
1549,0.012290525543551426,42,28,13,31,109,164
1550,0.01711162806349502,44,30,11,27,95,146
1551,0.0118514097364842,43,29,11,28,152,322
1552,0.019287910529151686,43,29,12,29,106,148
1553,0.007938135818439024,45,29,11,28,131,226
1554,0.017262289090395996,43,32,11,25,70,100
1555,0.018262310813201177,44,34,10,22,85,100
1556,0.022494176572697026,44,29,12,29,127,202
1557,0.021041196907779572,44,30,12,28,111,162
1558,0.012566267647879867,46,31,11,26,112,176
1559,0.006774057567486669,45,29,11,28,120,210
1560,0.01687700562695158,45,25,13,34,145,262
1561,0.0041129634649150065,45,28,13,31,114,166
1562,0.017433263672278848,44,31,10,25,137,276
1563,0.012812333344967342,43,29,10,27,128,280
1564,0.016619855897126126,46,28,12,30,130,226
1565,0.012282164958563865,45,29,9,26,101,202
1566,0.014323444520114845,43,27,13,32,117,180
1567,0.018066545273610568,45,33,12,25,110,116
1568,0.01867653353573761,43,28,13,31,168,286
1569,0.013491738167671949,46,30,13,29,129,180
1570,0.016026878739802075,45,25,15,36,193,354
1571,0.02210651208966425,44,30,13,29,93,120
1572,0.013307676222148075,44,30,12,28,148,216
1573,0.002602642518249945,46,28,12,30,121,194
1574,0.016634979143390922,44,30,12,28,126,192
1575,0.015176550029344139,44,31,13,28,145,166
1576,0.013214872292646306,44,30,12,28,94,138
1577,0.023292276976606744,44,28,14,32,140,206
1578,0.012568381590582295,43,31,10,25,103,184
1579,0.0088804011789353,43,30,11,27,127,196
1580,0.007859120225809278,43,30,11,27,112,184
1581,0.022704062290560267,45,26,12,32,157,334
1582,0.012566267647879867,46,34,11,23,96,120
1583,0.013518885085911161,43,29,13,30,125,158
1584,0.012914002645151468,44,34,10,22,84,102
1585,0.01873637920232985,43,34,10,22,91,130
1586,0.023541118696567682,42,27,10,29,86,174
1587,0.022153945075593623,45,32,10,24,109,178
1588,0.022153945075593623,44,29,12,29,158,254
1589,0.013201478560657183,45,31,9,24,113,208
1590,0.008658145655113629,44,30,12,28,126,198
1591,0.026179757292230744,44,28,13,31,137,234
1592,0.01651872503704218,45,30,13,29,123,164
1593,0.016663769850991945,44,26,15,35,154,224
1594,0.019796456998544064,45,33,11,24,72,84
1595,0.019028246270890153,46,26,15,35,165,284
1596,0.024978654482584534,45,30,10,26,76,126
1597,0.01843097986796712,44,30,12,28,87,120
1598,0.015271219188422738,42,28,11,29,103,184
1599,0.01633667053038674,45,28,15,33,116,146
1600,0.011641236977524987,44,30,13,29,160,208
1601,0.024592560960018786,45,29,12,29,126,200
1602,0.011706033765554125,44,32,8,22,77,146
1603,0.01661778901349406,45,28,12,30,117,180
1604,0.018048131100802455,44,30,11,27,100,152
1605,0.022663424206447826,42,28,10,28,74,154
1606,0.02451609964057324,43,25,14,35,130,216
1607,0.013381996920393269,45,30,11,27,101,164
1608,0.013470527870168711,43,26,13,33,159,300
1609,0.0263769018870719,44,26,13,33,126,222
1610,0.017262289090395996,41,31,11,26,116,142
1611,0.017603281959523362,45,25,17,38,185,254
1612,0.02342855279956283,46,27,14,33,123,196
1613,0.014353120833195357,46,30,12,28,159,230
1614,0.008076085104028366,45,32,10,24,127,202
1615,0.02026303831971648,46,26,13,33,151,248
1616,0.008316541115111677,42,32,9,23,79,124
1617,0.011305863413729411,44,32,11,25,113,176
1618,0.01182302608476004,46,27,12,31,119,188
1619,0.00803812024146304,45,31,12,27,140,194
1620,0.012381769382639941,44,31,14,29,102,120
1621,0.019994579972826915,45,29,14,31,127,154
1622,0.01586783772404005,44,26,12,32,141,318
1623,0.014547723164676805,42,29,14,31,92,110
1624,0.032049102220582625,41,28,12,30,125,220
1625,0.011544826649768358,42,28,13,31,138,220
1626,0.013017213527343335,45,29,12,29,149,230
1627,0.017643951009382285,46,29,12,29,110,178
1628,0.02522538633981164,45,26,13,33,147,354
1629,0.02591059549040528,44,31,13,28,85,100
1630,0.019302741013725817,44,30,13,29,141,174
1631,0.02192595951393485,44,26,15,35,110,168
1632,0.01218204572435646,44,28,14,32,154,242
1633,0.012284274385483601,44,29,12,29,143,240
1634,0.011284494201910706,44,28,13,31,123,180
1635,0.018348817636055337,42,30,11,27,100,154
1636,0.017132045535206322,43,29,13,30,134,178
1637,0.02201163509363198,44,29,13,30,136,202
1638,0.012370946416322942,45,29,12,29,117,160
1639,0.01747005390412338,40,24,16,38,155,210
1640,0.015117994948404902,46,29,12,29,98,158
1641,0.016922648674514405,44,33,12,25,101,110
1642,0.009809990090686532,43,28,14,32,135,186
1643,0.019842753121286125,41,24,13,35,132,262
1644,0.025402273233338477,43,29,12,29,144,202
1645,0.016238559433361388,43,32,9,23,85,144
1646,0.012974808675621473,44,28,13,31,156,222
1647,0.019308941239263515,45,31,12,27,83,110
1648,0.020433672651328692,43,31,13,28,103,136
1649,0.013417622143522032,45,31,12,27,97,124
1650,0.019273467563010044,44,29,16,33,136,142
1651,0.016248680316578723,44,30,11,27,93,152
1652,0.019156689140375806,44,29,12,29,133,172
1653,0.02382688951549801,46,33,11,24,131,170
1654,0.008709407203205878,42,30,13,29,114,132
1655,0.01983699653192997,44,31,9,24,89,150
1656,0.01299809424257714,46,27,12,31,130,232
1657,0.02273830274405786,45,28,12,30,122,170
1658,0.016150607379397067,45,30,12,28,106,172
1659,0.01594110674457703,45,30,13,29,94,124
1660,0.03386915329300218,43,28,13,31,96,144
1661,0.01273446924608293,45,28,16,34,136,154
1662,0.014302575782147858,45,30,12,28,122,182
1663,0.011039686746989085,44,27,15,34,111,144
1664,0.019216091603735868,46,28,11,29,139,298
1665,0.020195355252354885,44,27,12,31,148,220
1666,0.011832662054822446,46,25,15,36,133,190
1667,0.014308371079197826,46,27,13,32,130,216
1668,0.01557338165158513,44,29,12,29,139,202
1669,0.010852067302714263,45,30,13,29,128,170
1670,0.013868844997472665,45,25,14,35,135,222
1671,0.019673825111827477,42,30,10,26,80,126
1672,0.013749057041927262,44,29,15,32,125,158
1673,0.023155231609909177,45,30,13,29,89,110
1674,0.016853792015324782,43,35,9,20,66,78
1675,0.016653108044881973,44,31,11,26,136,214
1676,0.018900856442385622,46,28,14,32,107,146
1677,0.016270846983232008,45,30,9,25,81,168
1678,0.008896822639244004,41,32,10,24,119,166
1679,0.018991256308610968,45,30,11,27,86,128
1680,0.022614304607490424,46,28,13,31,168,248
1681,0.026235445240973196,45,27,11,30,107,210
1682,0.009723271785744492,44,30,14,30,138,162
1683,0.013897883039111228,45,29,11,28,114,174
1684,0.02025881303261625,45,31,12,27,113,154
1685,0.025859384938311615,44,29,10,27,128,242
1686,0.015743631422725498,42,30,10,26,113,182
1687,0.02150241560337567,46,28,12,30,122,212
1688,0.02534066658497919,44,28,11,29,148,260
1689,0.019201600968489406,45,30,10,26,104,160
1690,0.01687975805779747,44,33,9,22,90,154
1691,0.015985391721679305,42,26,12,32,102,190
1692,0.017262289090395996,43,26,17,37,127,172
1693,0.020394075462461442,40,26,13,33,136,238
1694,0.02370417530140148,45,27,12,31,95,162
1695,0.009712597457312858,43,30,12,28,126,184
1696,0.006906648723005428,45,27,12,31,113,200
1697,0.027020288580204388,41,29,13,30,106,134
1698,0.010277505521376587,45,33,11,24,74,92
1699,0.009263659649031378,44,34,10,22,108,132
1700,0.020796324411400502,44,29,13,30,141,210
1701,0.016990678228793243,45,34,9,21,113,140
1702,0.02073118098674586,41,31,10,25,111,216
1703,0.012849523940546184,44,27,13,32,142,232
1704,0.012921863141676433,46,27,15,34,134,176
1705,0.021073030553992213,44,34,10,22,78,102
1706,0.020412810270865334,44,29,12,29,121,208
1707,0.014198813764128071,42,30,12,28,127,190
1708,0.016038335951192723,44,27,13,32,147,222
1709,0.016243669999668336,46,30,13,29,109,142
1710,0.004265924467867395,46,25,13,34,173,340
1711,0.01740815031494737,44,27,12,31,154,308
1712,0.01507861507896972,44,32,11,25,119,152
1713,0.02708500320479166,45,30,13,29,112,148
1714,0.02615629888038952,46,30,11,27,131,258
1715,0.016248680316578723,46,29,10,27,107,206
1716,0.018820556114866667,43,32,11,25,109,144
1717,0.015016306988787233,44,29,11,28,110,196
1718,0.014950699369659242,44,28,12,30,136,244
1719,0.01907815018773032,43,30,13,29,110,140
1720,0.008776895773063523,44,27,14,33,129,220
1721,0.019284813642030975,42,29,12,29,110,172
1722,0.014563393415867952,40,28,11,29,107,176
1723,0.020122239172542744,46,29,11,28,134,180
1724,0.016205699375821156,45,28,14,32,129,184
1725,0.02035110463737648,43,30,12,28,102,150
1726,0.009789500329969895,46,29,16,33,128,140
1727,0.013763667010515318,41,28,15,33,115,136
1728,0.00937453517604682,42,29,9,26,135,308
1729,0.015199021275964897,44,29,14,31,138,198
1730,0.01545809208417434,46,27,12,31,138,244
1731,0.027150486860802903,45,30,12,28,106,178
1732,0.01864534335382885,44,29,12,29,140,244
1733,0.01851704384840533,43,32,12,26,104,146
1734,0.012983313677209403,46,32,11,25,156,248
1735,0.014266645374172389,45,28,15,33,121,176
1736,0.01399098085976417,44,26,11,31,132,284
1737,0.022310271867855835,44,31,12,27,102,138
1738,0.005767536953113911,45,30,11,27,115,164
1739,0.019842753121286125,40,29,13,30,131,182
1740,0.02619898961182829,43,25,15,36,172,280
1741,0.012282164958563865,45,31,11,26,125,182
1742,0.00898681449214457,44,33,11,24,108,132
1743,0.021711042590260896,42,31,9,24,102,226
1744,0.01436454590958381,43,31,12,27,114,144
1745,0.021825223897242868,45,26,10,30,120,276
1746,0.011185405855696568,46,28,13,31,117,180
1747,0.018983272493012335,43,29,14,31,159,216
1748,0.013883236779433317,45,28,14,32,165,228
1749,0.013003588863244084,43,30,10,26,120,202
1750,0.016498983447172003,43,32,10,24,76,136
1751,0.02322537216678349,44,28,13,31,123,182
1752,0.01229525830622543,44,29,12,29,154,256
1753,0.015797459491086602,45,31,10,25,121,190
1754,0.009263659649031378,44,31,12,27,118,166
1755,0.01215596866435234,44,27,12,31,135,250
1756,0.0038452340268849625,45,24,15,37,187,342
1757,0.013253524719787108,43,28,11,29,109,206
1758,0.0158370661701967,42,27,14,33,145,184
1759,0.01836797051711457,44,29,12,29,108,170
1760,0.014184947838970396,45,31,12,27,104,190
1761,0.014690609903790688,43,32,12,26,120,150
1762,0.008414862607484572,45,28,11,29,150,306
1763,0.012944915751117059,44,26,13,33,135,264
1764,0.0194790444884166,44,29,16,33,112,118
1765,0.014186536067943359,44,30,12,28,106,162
1766,0.021316304747480818,44,29,10,27,105,210
1767,0.012509276362126731,43,28,14,32,150,218
1768,0.015441099329516192,43,29,13,30,105,156
1769,0.018338816248006,45,26,13,33,124,266
1770,0.01341669763294958,42,31,12,27,108,128
1771,0.01624367164082455,44,31,11,26,112,170
1772,0.015362865652623,46,29,12,29,138,224
1773,0.020079343759058774,45,28,12,30,124,196
1774,0.012099337570443677,46,29,12,29,98,146
1775,0.01535302360337916,45,34,10,22,120,150
1776,0.016558695090001185,43,31,14,29,119,122
1777,0.02236499901785992,43,28,13,31,109,154
1778,0.016049793162583356,45,30,14,30,99,120
1779,0.02067103938366937,42,28,11,29,109,248
1780,0.018059982686388698,41,31,8,23,88,198
1781,0.01896606777251443,43,28,15,33,158,224
1782,0.026481238922701156,43,24,15,37,141,212
1783,0.024641823143407474,45,27,12,31,139,222
1784,0.016150607379397067,45,30,9,25,94,182
1785,0.015850096510047155,44,30,11,27,129,204
1786,0.013381996920393269,44,28,15,33,176,236
1787,0.016809791415659817,45,29,11,28,100,166
1788,0.011317888002028754,46,29,11,28,123,186
1789,0.017080637730389175,45,29,14,31,125,158
1790,0.01581086559089496,45,29,13,30,122,176
1791,0.023895334491585582,40,27,12,31,82,132
1792,0.013316747826427708,44,29,13,30,80,108
1793,0.016402913151970677,45,29,10,27,109,208
1794,0.01253664985631947,45,30,11,27,142,274
1795,0.02183687085340273,44,32,11,25,115,142
1796,0.01808466784055308,42,25,13,34,154,400
1797,0.019688293242443276,45,30,11,27,84,126
1798,0.011904683470980733,41,31,11,26,116,178
1799,0.019074596396710546,45,29,14,31,139,172
1800,0.02081510731868333,44,30,12,28,131,176
1801,0.019385498689412667,44,33,12,25,91,124
1802,0.015199021275964897,45,34,8,20,79,126
1803,0.021367367830672328,46,28,12,30,120,200
1804,0.010438618712689397,44,28,12,30,127,208
1805,0.02104716659596321,43,30,10,26,114,210
1806,0.014505016026463764,42,29,16,33,124,130
1807,0.01677562208410207,41,32,10,24,95,122
1808,0.023691223463184446,43,30,15,31,128,140
1809,0.02039643551096062,46,30,13,29,115,142
1810,0.01739697534844538,44,30,12,28,114,184
1811,0.010245445005326231,45,27,12,31,159,282
1812,0.024949800152767848,44,29,12,29,94,156
1813,0.01607505488622943,43,29,12,29,147,242
1814,0.010432649282947223,44,31,10,25,116,184
1815,0.013935060796846824,44,31,12,27,132,172
1816,0.02372996838191374,44,31,10,25,103,184
1817,0.019997235245035022,45,33,11,24,114,132
1818,0.02486490788821713,43,28,12,30,91,196
1819,0.015558638871052105,44,31,11,26,100,136
1820,0.017262289090395996,43,28,15,33,152,188
1821,0.022112503146396817,45,30,12,28,132,204
1822,0.014003772199175278,46,30,14,30,95,116
1823,0.004905802945372989,44,28,12,30,101,224
1824,0.008179928027674185,45,26,13,33,135,222
1825,0.013040369256030426,42,29,14,31,130,172
1826,0.019292986986812567,46,33,11,24,123,162
1827,0.016971225437036302,43,25,11,32,95,192
1828,0.012509276362126731,43,29,12,29,128,188
1829,0.019799279844076385,44,29,14,31,118,160
1830,0.014350031742999286,42,27,12,31,135,252
1831,0.013561357557508324,44,30,13,29,94,132
1832,0.011733994484125314,44,27,12,31,108,222
1833,0.010713521917498692,45,27,12,31,153,280
1834,0.02035110463737648,45,26,15,35,152,212
1835,0.0258267845821683,46,28,12,30,130,214
1836,0.00986842308695041,46,26,16,36,181,214
1837,0.01461274249604666,44,29,13,30,124,160
1838,0.03070422505253429,45,26,13,33,173,322
1839,0.017679707833799265,46,28,12,30,103,164
1840,0.013184204513228673,43,32,13,27,97,112
1841,0.01980057066062957,45,28,13,31,169,250
1842,0.010465934730335663,45,28,13,31,165,234
1843,0.01331412465419439,46,29,14,31,138,168
1844,0.013383549249064212,44,28,14,32,162,220
1845,0.01332282889346463,45,31,12,27,126,180
1846,0.02708500320479166,45,31,11,26,111,156
1847,0.020121007695153216,45,28,12,30,113,198
1848,0.02741559254948028,46,29,14,31,125,158
1849,0.023367935610619575,44,28,12,30,113,196
1850,0.010147353956053595,43,32,13,27,113,128
1851,0.018735894969343178,45,25,13,34,159,294
1852,0.005899735694157873,43,23,15,38,142,250
1853,0.012304533842033075,45,30,13,29,109,142
1854,0.013228389593592144,44,34,9,21,117,174
1855,0.01898122575423229,46,31,9,24,127,234
1856,0.02035110463737648,45,29,13,30,167,242
1857,0.018512897477953646,44,25,16,37,142,216
1858,0.01595719376092715,44,31,10,25,83,128
1859,0.012325719050078746,44,29,15,32,131,146
1860,0.023418376458720948,46,29,13,30,131,188
1861,0.014011614203439257,43,33,12,25,92,104
1862,0.014063998358279338,39,28,15,33,111,122
1863,0.008678396620679388,45,29,13,30,120,168
1864,0.007884738336876362,44,27,13,32,168,282
1865,0.015517093585312294,43,28,12,30,121,216
1866,0.011913833935498094,45,30,12,28,114,174
1867,0.013693865041691913,42,31,13,28,151,184
1868,0.01762325057382247,45,33,11,24,108,148
1869,0.011636306030346433,43,33,10,23,98,128
1870,0.017587310051767426,44,25,13,34,176,326
1871,0.014186536067943359,43,33,12,25,114,144
1872,0.0127888882736929,45,28,13,31,115,166
1873,0.021036189002150096,44,31,12,27,114,150
1874,0.016680530933141712,44,29,12,29,105,150
1875,0.012911709463972118,46,29,9,26,79,172
1876,0.016280453944299,41,29,12,29,105,214
1877,0.006345907228870018,43,28,12,30,164,278
1878,0.010245445005326231,45,30,13,29,137,188
1879,0.017612337972320882,43,26,14,34,150,288
1880,0.01896606777251443,43,30,12,28,135,210
1881,0.012226576087599854,46,27,14,33,140,214
1882,0.02370417530140148,45,31,11,26,85,122
1883,0.02155740002232484,43,29,11,28,90,148
1884,0.019884655953307045,42,30,15,31,124,130
1885,0.0135173102460018,46,27,14,33,118,172
1886,0.011870697288550239,45,30,11,27,119,182
1887,0.025801114660829044,40,30,10,26,78,118
1888,0.016322333876648068,44,29,14,31,102,132
1889,0.017718544468723077,46,26,12,32,144,304
1890,0.01702877645446204,45,29,13,30,128,192
1891,0.01730419889401502,43,30,13,29,117,168
1892,0.014477717108575504,45,29,12,29,112,160
1893,0.010948176270157817,45,29,9,26,115,244
1894,0.013501412746150965,44,31,12,27,104,128
1895,0.025043760606307044,45,31,12,27,137,170
1896,0.016280453944299,46,28,13,31,160,220
1897,0.013641070215856706,42,28,10,28,113,296
1898,0.010503434360447657,42,28,11,29,111,202
1899,0.013711640891858612,44,30,10,26,105,166
1900,0.016699059917506476,43,27,12,31,132,270
1901,0.01398655487845045,45,29,16,33,122,128
1902,0.033133533424494044,44,30,14,30,118,142
1903,0.011257326261017192,45,31,13,28,137,152
1904,0.017316924296310557,41,29,12,29,101,160
1905,0.013857674605104106,43,28,16,34,114,144
1906,0.011864825464077716,45,30,11,27,128,216
1907,0.010735898068162476,45,29,13,30,142,198
1908,0.014202746173260769,45,27,12,31,133,252
1909,0.014947514577393503,45,32,10,24,104,168
1910,0.01263492760850303,44,27,16,35,149,194
1911,0.006369441602977657,39,25,14,35,144,200
1912,0.01691081823396407,45,29,13,30,126,162
1913,0.013014963236506458,38,27,12,31,110,186
1914,0.01573656453252195,45,32,10,24,87,140
1915,0.019562964968763547,44,26,13,33,111,178
1916,0.01885707783610506,43,29,13,30,137,194
1917,0.017132045535206322,44,27,14,33,116,170
1918,0.019842753121286125,45,30,11,27,140,236
1919,0.020158310923606766,45,29,12,29,129,196
1920,0.013501412746150965,45,30,10,26,105,192
1921,0.013949325698250033,46,27,13,32,145,224
1922,0.016280453944299,45,31,14,29,118,124
1923,0.01743151489069706,46,29,10,27,136,252
1924,0.017026774104263422,44,34,10,22,127,172
1925,0.02008082516284153,44,27,14,33,122,170
1926,0.02387193219076464,41,30,11,27,96,140
1927,0.013068261038262596,44,29,12,29,134,206
1928,0.016935403952127302,44,23,14,37,154,464
1929,0.008449498251370258,43,31,10,25,92,132
1930,0.012053857912039091,46,32,11,25,132,176
1931,0.02201163509363198,44,30,10,26,109,178
1932,0.022850025740694564,45,26,14,34,142,196
1933,0.008646637264776158,44,26,16,36,178,256
1934,0.012884729258867671,46,31,11,26,87,132
1935,0.022757651783639456,46,30,12,28,105,148
1936,0.021206714997049493,42,32,9,23,107,222
1937,0.015101150341906885,43,29,12,29,120,194
1938,0.02333803517537731,45,27,14,33,118,172
1939,0.018944236506373363,43,31,11,26,114,182
1940,0.015196532224895854,44,33,10,23,87,120
1941,0.022239621367498325,46,29,11,28,99,178
1942,0.017705723980080294,46,28,11,29,151,294
1943,0.015507635414099455,44,29,10,27,100,188
1944,0.02466267073260331,43,26,10,30,137,410
1945,0.01261023517843457,45,27,13,32,165,252
1946,0.011516436687230316,46,32,12,26,122,140
1947,0.01683693623570337,45,33,11,24,96,114
1948,0.022112503146396817,44,30,14,30,132,156
1949,0.021976648244498583,45,27,13,32,131,218
1950,0.00981991644753475,43,30,14,30,102,126
1951,0.021713514844832582,44,30,12,28,176,298
1952,0.016355558253734845,45,29,10,27,171,408
1953,0.00937453517604682,46,25,14,35,171,262
1954,0.018422420007811878,45,29,14,31,137,170
1955,0.021777396847206337,43,27,13,32,146,234
1956,0.02013755647436496,44,27,13,32,128,198
1957,0.015204816114149228,45,31,14,29,137,152
1958,0.022603375177207174,45,29,12,29,150,218
1959,0.01291920443551682,44,28,13,31,122,164
1960,0.015769607957738224,44,32,12,26,106,118
1961,0.01896606777251443,42,32,11,25,120,156
1962,-0.0003762406194571001,46,28,14,32,126,208
1963,0.015507635414099455,43,28,12,30,169,354
1964,0.01767326694132385,44,31,11,26,123,238
1965,0.009957468167775055,45,25,14,35,147,264
1966,0.02194807354570872,42,30,13,29,149,206
1967,0.018600496940379234,45,29,11,28,105,198
1968,0.019785410023698477,46,32,10,24,105,154
1969,0.020933217471790944,45,27,12,31,129,226
1970,0.018074271055283746,44,32,12,26,106,138
1971,0.012282164958563865,44,29,12,29,124,190
1972,0.01791312017018562,42,31,12,27,112,148
1973,0.010246582052921935,42,31,10,25,131,208
1974,0.012631756833883706,45,31,12,27,102,154
1975,0.011032310208692324,43,28,13,31,132,198
1976,0.029508507152448175,43,30,10,26,70,136
1977,0.014488324032932792,43,27,14,33,122,164
1978,0.0079703241443458,44,33,10,23,125,194
1979,0.017946831779821634,46,25,14,35,143,248
1980,0.015271219188422738,43,29,13,30,148,266
1981,0.018723562697040938,43,30,11,27,103,158
1982,0.02015330517298477,44,32,13,27,96,108
1983,0.0118514097364842,45,28,10,28,138,256
1984,0.018544642989628463,44,30,14,30,128,152
1985,0.014604533936830158,43,28,13,31,111,174
1986,0.017417543179418703,41,28,13,31,103,160
1987,0.025043760606307044,43,30,12,28,128,188
1988,0.017132045535206322,44,30,12,28,92,122
1989,0.009606835061467346,43,31,11,26,102,136
1990,0.009330153806405395,45,30,13,29,121,172
1991,0.014302397608859783,44,28,14,32,123,162
1992,0.019361895653640895,45,29,12,29,106,168
1993,0.006213859884729611,46,30,11,27,124,172
1994,0.012277032235297032,45,28,14,32,132,180
1995,0.015223691744736215,43,28,11,29,92,194
1996,0.0239923686736651,44,27,16,35,180,246
1997,0.014488324032932792,43,28,11,29,148,332
1998,0.03231476902699276,44,28,14,32,126,162
1999,0.009520315157244923,44,31,10,25,129,220
2000,0.012123557996289558,43,30,13,29,113,146
2001,0.020088387268497723,42,26,10,30,116,270
2002,0.014139811565299296,43,27,13,32,128,220
2003,0.018260879362622977,44,32,12,26,141,204
2004,0.02684612317889893,40,28,10,28,126,232
2005,0.01217358904557541,44,32,12,26,74,90
2006,0.024958571883272933,43,24,16,38,153,228
2007,0.023602589178996235,44,29,12,29,113,172
2008,0.022500413570049175,44,27,13,32,153,242
2009,0.017293089246061197,45,29,13,30,84,114
2010,0.02334881530725924,43,27,13,32,113,176
2011,0.015044357664656352,44,33,10,23,73,114
2012,0.02810094859453982,44,30,16,32,162,162
2013,0.016809791415659817,43,28,12,30,108,182
2014,0.007133051847177739,42,28,14,32,151,210
2015,0.01625628024510519,43,27,13,32,177,328
2016,0.015660543880435585,45,30,12,28,163,262
2017,0.009073728826349214,43,28,12,30,149,242
2018,0.016049793162583356,43,31,11,26,96,138
2019,0.012718014511900189,42,30,12,28,131,170
2020,0.015102017493296087,46,31,12,27,101,134
2021,0.012838045945319732,45,25,14,35,148,248
2022,0.02934525058189056,40,28,13,31,105,146
2023,0.017793232856946062,44,32,12,26,108,126
2024,0.014156810936796216,45,28,12,30,155,276
2025,0.020126044653727096,46,26,13,33,133,230
2026,0.013711640891858612,42,30,13,29,152,206
2027,0.016222496630901886,44,32,12,26,104,134
2028,0.012269661998598046,45,32,11,25,86,124
2029,0.019497866588863537,44,36,9,19,90,102
2030,0.00937453517604682,45,28,11,29,115,206
2031,0.021760845610203514,43,29,12,29,132,204
2032,0.019330131223464518,44,30,12,28,122,164
2033,0.018749529478188753,43,27,17,36,150,174
2034,0.010063246712774386,43,30,13,29,104,128
2035,0.00772818397896291,45,30,12,28,87,132
2036,0.0047138005303189595,44,28,13,31,125,190
2037,0.014317945254958803,42,29,13,30,134,200
2038,0.012467970858087048,41,25,14,35,125,192
2039,0.01196176875800959,44,30,14,30,126,168
2040,0.013720377061738717,44,29,11,28,108,184
2041,0.019477764671627342,44,27,15,34,120,162
2042,0.009513304450841604,44,28,13,31,94,140
2043,0.017949389535705136,44,32,12,26,94,118
2044,0.014682676373260817,42,29,14,31,135,186
2045,0.03505401337509055,44,30,10,26,78,162
2046,0.02016807751439081,44,33,9,22,98,152
2047,0.014280653730072534,45,31,13,28,109,136
2048,0.012304533842033075,43,26,15,35,119,158
2049,0.011760275400049716,43,32,10,24,106,206
2050,0.018372085495090687,45,29,14,31,146,184
2051,0.017262289090395996,43,28,13,31,126,184
2052,0.02601192239033944,45,26,13,33,132,228
2053,0.010674110589214136,45,28,10,28,165,414
2054,0.016597920292000287,41,28,13,31,150,276
2055,0.015177999792637516,42,29,14,31,97,128
2056,0.012370946416322942,45,32,11,25,78,108
2057,0.010230452611409924,45,31,12,27,121,148
2058,0.009553093383251249,45,30,11,27,116,216
2059,0.016049793162583356,45,31,12,27,129,186
2060,0.013518885085911161,45,31,12,27,122,214
2061,0.01578308475168344,45,29,11,28,82,132
2062,0.020042584850322002,44,30,10,26,102,172
2063,0.012816233534040808,43,31,10,25,116,202
2064,0.024953296193628356,42,28,12,30,120,184
2065,0.016597920292000287,43,31,14,29,125,134
2066,0.019785410023698477,43,29,13,30,101,140
2067,0.012947007316923678,44,27,11,30,130,226
2068,0.010245445005326231,45,29,11,28,134,214
2069,0.011566713747100922,44,29,12,29,127,192
2070,0.022709155999787678,42,28,13,31,109,156
2071,0.014198813764128071,44,30,14,30,143,182
2072,0.020977628133841464,45,33,7,20,82,210
2073,0.025384055708193777,46,27,16,35,162,192
2074,0.01104763903774382,45,30,13,29,140,210
2075,0.010245445005326231,45,29,12,29,135,212
2076,0.012533242362074384,43,31,12,27,113,146
2077,0.02528165075198492,40,29,13,30,111,138
2078,0.021611700260696497,45,26,15,35,128,174
2079,0.015974297432662904,43,31,13,28,129,174
2080,0.007884738336876362,43,30,13,29,103,118
2081,0.014248350240007257,45,33,10,23,113,164
2082,0.021825223897242868,43,30,14,30,119,158
2083,0.01759262399308856,46,26,12,32,111,258
2084,0.011992683497068952,45,26,9,29,157,394
2085,0.01661778901349406,41,27,14,33,128,166
2086,0.01259708012802127,43,27,13,32,160,262
2087,0.017291079389392595,44,33,11,24,121,166
2088,0.013381996920393269,41,30,12,28,123,236
2089,0.014622427955500943,46,26,14,34,144,248
2090,0.01499549145992509,43,28,12,30,130,232
2091,0.014443593645251624,42,31,13,28,106,142
2092,0.01756767141819493,44,29,12,29,132,226
2093,0.017133719990419724,44,27,13,32,181,324
2094,0.01961329397284482,46,32,10,24,122,164
2095,0.009642000204164489,44,28,14,32,129,162
2096,0.00862460483911167,44,30,11,27,129,210
2097,0.018426192212441364,43,29,13,30,127,158
2098,0.011322863284264822,42,28,11,29,105,212
2099,0.014129235491146176,43,27,12,31,118,202
2100,0.018983272493012335,45,30,14,30,147,168
2101,0.020929712075611902,44,28,12,30,137,224
2102,0.011259133361423687,43,30,11,27,113,168
2103,0.011127124790744139,45,27,9,28,160,490
2104,0.012709845658933183,42,32,13,27,101,104
2105,0.02198037229552838,42,30,10,26,107,228
2106,0.016150607379397067,44,29,10,27,123,238
2107,0.030487637310065308,42,28,10,28,95,190
2108,0.017940692747611654,42,29,12,29,139,196
2109,0.020552417599967086,45,28,14,32,160,270
2110,0.013588258797938124,45,31,12,27,90,120
2111,0.01661778901349406,45,30,12,28,110,158
2112,0.024362809631096133,44,27,14,33,160,232
2113,0.02008267598631105,44,28,11,29,104,206
2114,0.026947882856733954,43,28,15,33,110,134
2115,0.016402913151970677,45,30,12,28,91,138
2116,0.01128994143976116,46,30,10,26,135,230
2117,0.017949387732741795,43,29,10,27,103,228
2118,0.0034945928733357,46,24,13,35,185,568
2119,0.013868844997472665,43,25,11,32,140,290
2120,0.02560163307908178,46,26,14,34,128,180
2121,0.017449785578957565,42,29,11,28,79,122
2122,0.01312630853218014,46,29,14,31,144,262
2123,0.01181255043206371,43,27,14,33,123,222
2124,0.007571629621049444,43,27,13,32,102,186
2125,0.014707208176495089,44,26,11,31,170,368
2126,0.009321735325526444,42,27,12,31,121,194
2127,0.019775024324969318,43,23,15,38,156,276
2128,0.021783186095152257,43,31,13,28,112,130
2129,0.009181708102298965,46,32,12,26,107,122
2130,0.014635519571213264,42,28,13,31,103,144
2131,0.014184683751461154,43,31,13,28,118,136
2132,0.013177856069418618,42,32,9,23,83,140
2133,0.04393997431314236,43,27,11,30,106,196
2134,0.0259774864210712,41,28,14,32,135,188
2135,0.015379577213816699,44,29,14,31,123,168
2136,0.015501597809739143,46,28,12,30,134,222
2137,0.017490748657666873,43,29,13,30,126,180
2138,0.01817021963906315,42,33,11,24,104,140
2139,0.012370946416322942,45,31,12,27,124,160
2140,0.02080345579421286,44,31,10,25,114,206
2141,0.011391789149436005,44,30,12,28,142,246
2142,0.013658981716613769,42,28,12,30,90,150
2143,0.017446263195237274,44,30,15,31,154,166
2144,0.009889616984227145,44,27,14,33,154,244
2145,0.015271219188422738,43,30,14,30,126,138
2146,0.013385696489056229,46,28,14,32,126,154
2147,0.013519392974284967,44,32,11,25,128,150
2148,0.032085340226075676,41,28,12,30,97,158
2149,0.013871150084271977,45,32,13,27,107,116
2150,0.0192183408078821,46,27,12,31,117,218
2151,0.007352786783956573,43,30,13,29,112,154
2152,0.01827232259744079,44,34,9,21,84,138
2153,0.01590805429355672,43,31,9,24,124,242
2154,0.020884276662934426,42,33,12,25,101,104
2155,0.020151436613542777,40,25,13,34,107,190
2156,0.018649123730858454,43,29,13,30,146,244
2157,0.017182622219766908,42,31,11,26,75,102
2158,0.017144893714136966,46,28,10,28,110,222
2159,0.01545809208417434,45,29,11,28,136,266
2160,0.0084387085637493,46,30,13,29,132,156
2161,0.017262289090395996,45,30,13,29,102,132
2162,0.025616401734101443,44,31,11,26,104,152
2163,0.0184717339488788,45,34,9,21,100,144
2164,0.010648419851310941,44,30,7,23,111,324
2165,0.016386446289713336,45,30,12,28,119,164
2166,0.023921817291435922,43,29,13,30,109,166
2167,0.013148994955754764,45,29,13,30,142,188
2168,0.01661778901349406,45,26,13,33,137,276
2169,0.01573251841590353,46,27,11,30,112,244
2170,0.012282164958563865,43,28,10,28,123,284
2171,0.010643014218017027,45,29,10,27,115,222
2172,0.023679447427943756,43,28,12,30,158,304
2173,0.015010878731834522,42,32,12,26,79,94
2174,0.018432727995208592,46,26,12,32,139,232
2175,0.012610978795957184,42,31,14,29,109,118
2176,0.012754305141467998,45,31,12,27,115,142
2177,0.020603319518910895,45,30,11,27,143,242
2178,0.02103972912153891,42,27,11,30,92,164
2179,0.01782117479896994,43,29,12,29,106,200
2180,0.008932992770737842,44,33,9,22,103,168
2181,0.023916974866031268,44,32,11,25,100,124
2182,0.022239621367498325,43,27,12,31,124,190
2183,0.013603233125622782,45,31,11,26,89,132
2184,0.020217089509688327,45,29,12,29,98,150
2185,0.014323444520114845,45,31,11,26,88,136
2186,0.01258563675023127,43,30,10,26,100,182
2187,0.0012727775412628636,46,23,14,37,161,270
2188,0.016502992984616514,46,29,12,29,121,160
2189,0.019878493337906665,43,29,13,30,122,182
2190,0.00772818397896291,39,28,14,32,115,136
2191,0.015041179523564083,45,28,13,31,173,272
2192,0.027330333161502875,44,32,11,25,123,144
2193,0.00844070978886971,45,29,14,31,183,240
2194,0.025661050473841117,44,32,11,25,114,138
2195,0.017262289090395996,45,28,12,30,107,168
2196,0.023155231609909177,45,30,13,29,153,318
2197,0.012561236115642024,46,29,12,29,106,148
2198,0.013714618173480644,44,27,14,33,124,170
2199,0.021820354801931105,42,25,11,32,136,292
2200,0.016335552771324216,44,29,12,29,137,212
2201,0.02142423669941096,41,27,14,33,115,182
2202,0.014488324032932792,43,30,11,27,107,176
2203,0.026655872613899415,43,27,12,31,129,254
2204,0.011636306030346433,45,25,13,34,101,168
2205,0.015755939391203837,46,28,13,31,142,202
2206,0.01695260765297385,44,32,12,26,142,166
2207,0.02114285064740598,44,28,14,32,127,172
2208,0.019287910529151686,46,25,15,36,178,312
2209,0.014945158662416792,42,30,10,26,100,146
2210,0.023042417284805,43,27,16,35,138,156
2211,0.008938664395814193,43,29,12,29,116,176
2212,0.022625678948696853,45,29,11,28,139,280
2213,0.024170942662429973,43,27,12,31,111,208
2214,0.011204141750434073,44,27,12,31,156,256
2215,0.01735914085542039,44,29,12,29,131,212
2216,0.015402000949425718,44,33,12,25,82,100
2217,0.018370330235863375,42,28,13,31,133,194
2218,0.019287910529151686,45,27,15,34,174,228
2219,0.01799505527890695,44,31,11,26,111,172
2220,0.018165352352694057,45,29,14,31,112,172
2221,0.016283109147668312,43,26,14,34,140,204
2222,0.02191998375463436,44,28,14,32,102,138
2223,0.014608557522041293,46,26,13,33,184,314
2224,0.021748018265689062,46,31,10,25,107,214
2225,0.03002953237396387,44,33,11,24,109,130
2226,0.01949012856331056,43,29,13,30,106,142
2227,0.01801044026503676,43,28,12,30,150,294
2228,0.014690609903790688,45,28,13,31,140,210
2229,0.020333545139861492,46,28,14,32,121,160
2230,0.02364445758210066,44,28,16,34,152,170
2231,0.016665958255591293,44,29,12,29,111,152
2232,0.011423385733581468,42,28,12,30,128,242
2233,0.01215596866435234,43,28,12,30,133,244
2234,0.01702283603921479,44,29,14,31,130,182
2235,0.016408706665223573,44,30,13,29,113,162
2236,0.030509721446546182,42,29,10,27,94,148
2237,0.017636857940910293,44,30,12,28,128,162
2238,0.018496400087019242,44,29,14,31,114,144
2239,0.012077971789258637,45,31,13,28,122,158
2240,0.01215596866435234,43,34,8,20,89,166
2241,0.015111480078688254,42,30,13,29,120,162
2242,0.017262289090395996,41,29,13,30,148,214
2243,0.021364571686254122,43,29,11,28,103,186
2244,0.010063255319350442,45,30,9,25,145,310
2245,0.021816875279341234,44,25,13,34,207,366
2246,0.01801560766859886,43,27,14,33,142,210
2247,0.014712451050559308,43,29,13,30,123,170
2248,0.02223964069427302,45,31,10,25,93,164
2249,0.006967294298094041,43,32,12,26,82,100
2250,0.02805699442068113,44,32,8,22,97,218
2251,0.014660735206653716,43,28,13,31,118,170
2252,0.012895031674180744,44,30,13,29,100,138
2253,0.019565331825218912,43,30,14,30,127,148
2254,0.011259133361423687,43,30,12,28,114,174
2255,0.010994878121515096,46,32,12,26,90,102
2256,0.02318951827793885,44,30,11,27,111,162
2257,0.02213333390568827,44,28,12,30,144,240
2258,0.020298100995814035,44,27,13,32,133,224
2259,0.022758225120913723,46,26,13,33,164,254
2260,0.006743260235466814,44,29,10,27,68,126
2261,0.008709550005272022,46,30,12,28,98,128
2262,0.012211123078541275,44,30,10,26,123,216
2263,0.015915223406272397,44,34,9,21,102,194
2264,0.011833157238957615,46,29,11,28,123,238
2265,0.016597920292000287,43,33,10,23,70,100
2266,0.016336735902252035,44,28,12,30,135,224
2267,0.015382832395010065,44,29,11,28,141,276
2268,0.017931493472540153,40,28,11,29,136,214
2269,0.017132045535206322,43,28,13,31,142,202
2270,0.019287910529151686,44,29,10,27,139,278
2271,0.015178119054076934,44,31,11,26,122,170
2272,0.028020838638967312,44,33,11,24,117,138
2273,0.016335552771324216,43,31,12,27,98,134
2274,0.021834821318392067,45,33,12,25,92,98
2275,0.012577753281640576,45,33,10,23,123,202
2276,0.010142663200935174,46,28,13,31,126,174
2277,0.011196788210696224,42,31,11,26,115,196
2278,0.01607505488622943,45,29,12,29,100,154
2279,0.014449858581101191,45,30,13,29,150,204
2280,0.017693523406530885,42,26,11,31,128,268
2281,0.01571879247283995,44,27,15,34,142,192
2282,0.01576678081254638,44,30,13,29,132,186
2283,0.011186890898942821,44,28,12,30,139,272
2284,0.012095911304633888,41,30,10,26,110,184
2285,0.019367323936339068,45,28,13,31,112,160
2286,0.021772429554402034,45,26,13,33,138,258
2287,0.019169547804904243,45,35,8,19,72,116
2288,0.012111178076403578,44,25,15,36,135,210
2289,0.015357745431584913,43,32,12,26,89,104
2290,0.019705240376832155,46,33,10,23,116,170
2291,0.014646810357428,44,26,13,33,132,252
2292,0.02569434706185228,41,31,10,25,90,134
2293,0.021260018432134566,44,31,13,28,118,166
2294,0.016139021074853405,41,32,11,25,121,166
2295,0.02435037324585637,44,31,13,28,139,202
2296,0.017901502004108893,43,29,14,31,119,146
2297,0.013324470620710537,44,34,12,24,90,90
2298,0.014514161895037792,45,29,9,26,118,280
2299,0.01670624973975266,44,30,13,29,91,124
2300,0.022879044768474875,45,31,10,25,98,166
2301,0.02372996838191374,45,31,12,27,112,142
2302,0.017257554065400606,44,31,11,26,97,144
2303,0.030619534636821884,44,30,13,29,116,150
2304,0.011391654548324123,45,28,11,29,113,208
2305,0.010599348101136524,44,31,12,27,73,98
2306,0.023861589354364263,43,26,11,31,111,214
2307,0.01661778901349406,43,32,12,26,132,150
2308,0.014341465113418071,44,32,12,26,108,138
2309,0.014825701211624812,43,30,10,26,113,200
2310,0.015947839951442628,46,33,11,24,111,138
2311,0.011336650790889885,41,28,14,32,132,180
2312,0.019410533834328607,42,26,11,31,110,240
2313,0.014604533936830158,45,31,12,27,113,188
2314,0.011249833528790564,42,29,13,30,152,220
2315,0.017045764031456065,46,33,11,24,82,118
2316,0.013428745394665355,43,30,15,31,126,156
2317,0.032079576215308964,42,33,9,22,85,156
2318,0.014011614203439257,44,29,15,32,104,122
2319,0.024505680597964236,44,32,11,25,90,120
2320,0.010784554908465756,42,32,10,24,95,122
2321,0.01203166138432183,45,29,11,28,105,160
2322,0.014604533936830158,43,32,11,25,74,98
2323,0.01359472764816641,46,27,13,32,127,184
2324,0.020317442851673556,44,30,11,27,93,140
2325,0.013214610488015654,42,30,12,28,117,148
2326,0.018061603532792563,46,30,15,31,121,130
2327,0.019673253707289347,45,29,11,28,147,274
2328,0.012343498382761602,45,29,14,31,139,160
2329,0.01906774450319358,46,27,13,32,119,168
2330,0.023155231609909177,44,30,9,25,158,300
2331,0.010650154432712108,46,30,12,28,98,134
2332,0.014553672595717063,45,28,14,32,143,180
2333,0.020069112824546813,46,29,14,31,137,170
2334,0.016035591736702038,44,30,13,29,113,168
2335,0.01921490575029787,43,30,12,28,81,120
2336,0.013871150084271977,43,32,10,24,126,198
2337,0.015502501497183227,45,28,11,29,157,352
2338,0.011114329730810224,46,30,12,28,161,290
2339,0.011259485311249408,46,27,14,33,120,198
2340,0.010907582954731411,45,32,11,25,160,232
2341,0.013501412746150965,45,27,14,33,143,200
2342,0.014194641120602064,45,30,12,28,130,190
2343,0.022194754670542577,44,27,12,31,130,256
2344,0.015348677865439468,43,31,11,26,115,172
2345,0.01077590846029701,45,27,12,31,166,356
2346,0.028270684830135673,42,29,12,29,99,144
2347,0.026162683022684013,44,32,10,24,109,168
2348,0.02071975907314178,42,28,14,32,162,210
2349,0.015507635414099455,45,30,10,26,87,144
2350,0.021323950955796853,45,27,11,30,89,176
2351,0.01750422875376112,43,28,14,32,135,182
2352,0.008911789711394849,42,28,10,28,84,178
2353,0.01901269242143601,42,27,11,30,135,276
2354,0.013373374367851597,42,25,15,36,172,268
2355,0.025043760606307044,46,27,13,32,158,300
2356,0.012681306025111846,45,32,11,25,117,162
2357,0.012541962460159737,42,29,12,29,112,172
2358,0.021760845610203514,44,32,11,25,109,150
2359,0.013804926552604107,46,30,14,30,144,162
2360,0.02466267073260331,43,30,13,29,142,186
2361,0.016280453944299,45,30,12,28,84,132
2362,0.01109420192473752,44,30,14,30,146,226
2363,0.033727895875926985,46,27,11,30,127,276
2364,0.022092458925181357,45,31,11,26,105,168
2365,0.01027381935856797,40,28,14,32,116,166
2366,0.014202746173260769,45,27,12,31,109,212
2367,0.01387531362109673,44,31,10,25,132,244
2368,0.01973249444021888,42,28,13,31,161,362
2369,0.011864825464077716,45,31,10,25,124,208
2370,0.02308931732116025,45,31,11,26,123,198
2371,0.00590598392137965,45,28,11,29,123,310
2372,0.013973942548466324,44,33,10,23,104,156
2373,0.01535302360337916,45,26,12,32,145,298
2374,0.014712451050559308,45,31,11,26,117,154
2375,0.012570378048264164,46,28,13,31,100,146
2376,0.019842753121286125,45,31,11,26,115,160
2377,0.013357939691787724,45,29,14,31,125,164
2378,0.009396344006743801,37,27,13,32,105,134
2379,0.017359918512767143,44,26,14,34,171,260
2380,0.025168709908529957,44,32,9,23,104,200
2381,0.014601913512077944,44,33,10,23,149,244
2382,0.017277701253670934,44,30,12,28,166,246
2383,0.023418376458720948,45,30,13,29,154,224
2384,0.009870149868033015,44,28,11,29,130,258
2385,0.02558734272566303,43,33,10,23,114,174
2386,0.012370946416322942,45,30,12,28,92,122
2387,0.013990998326660932,41,31,13,28,100,118
2388,0.021772429554402034,43,28,11,29,127,224
2389,0.015256392861636232,40,31,10,25,99,140
2390,0.013559859095160318,45,26,14,34,139,200
2391,0.012633160896967636,43,33,10,23,77,98
2392,0.02164545942582391,44,30,12,28,103,162
2393,0.01573656453252195,44,31,11,26,128,176
2394,0.01373185132988617,44,31,13,28,135,162
2395,0.018576700370917715,43,32,12,26,102,126
2396,0.022362705885224377,44,29,13,30,103,142
2397,0.013921869037566273,45,30,12,28,128,188
2398,0.02703827551889964,46,28,14,32,143,182
2399,0.007217059001621333,44,30,11,27,151,234
2400,0.015726393811421147,44,26,13,33,155,246
2401,0.024841367436326187,43,29,12,29,134,196
2402,0.016656041126489676,44,29,12,29,124,196
2403,0.023607028610615907,42,28,13,31,143,218
2404,0.014974033832122879,44,27,14,33,149,206
2405,0.010621603548462345,46,27,13,32,161,272
2406,0.012144872541369416,46,28,13,31,104,194
2407,0.01111903585436835,46,30,12,28,146,296
2408,0.014202746173260769,43,29,12,29,101,140
2409,0.019287910529151686,44,32,10,24,95,146
2410,0.026480159585641323,44,30,12,28,105,150
2411,0.01090752765683737,43,29,13,30,145,246
2412,0.022411148663991465,45,26,12,32,105,186
2413,0.011713156240851338,46,26,14,34,136,218
2414,0.013364483569261038,44,30,14,30,158,190
2415,0.013470527870168711,43,30,13,29,91,110
2416,0.01024536338166377,45,27,14,33,151,224
2417,0.015418335004993247,43,30,11,27,109,146
2418,0.015199021275964897,44,32,11,25,95,128
2419,0.014558810572128392,43,29,14,31,110,146
2420,0.007005496489267224,42,29,11,28,146,262
2421,0.01382490431811588,42,30,12,28,82,118
2422,0.01277231200417879,44,31,8,23,71,156
2423,0.011111560945568907,46,28,12,30,151,304
2424,0.017350393119096988,45,27,11,30,129,230
2425,0.012701559777717447,43,27,14,33,126,162
2426,0.024155121977991564,44,28,12,30,121,190
2427,0.017262289090395996,45,29,12,29,115,206
2428,0.022625678948696853,45,31,11,26,111,174
2429,0.01332282889346463,44,29,14,31,154,226
2430,0.01343054801989483,43,29,11,28,100,152
2431,0.013340429750249856,42,29,11,28,106,180
2432,0.012916617697270448,44,29,16,33,150,156
2433,0.017197919522844572,44,29,12,29,131,206
2434,0.011544826649768358,43,32,10,24,90,138
2435,0.008739978503328909,44,30,12,28,125,176
2436,0.01235533539504468,45,31,10,25,109,196
2437,0.007571629621049444,44,30,13,29,143,194
2438,0.015540579744922043,42,30,13,29,98,122
2439,0.014895037228440863,44,31,12,27,142,196
2440,0.022625678948696853,45,30,12,28,126,166
2441,0.014376778272588965,44,29,11,28,138,236
2442,0.021200532163774002,43,31,13,28,95,110
2443,0.015271219188422738,43,28,13,31,123,180
2444,0.01401809376811769,43,31,11,26,106,204
2445,0.025451762626428488,42,31,11,26,83,122
2446,0.017262290038544636,42,30,11,27,90,138
2447,0.020605374955838307,45,30,12,28,114,170
2448,0.010433003945434963,45,29,11,28,108,222
2449,0.031348775362681505,43,29,12,29,104,158
2450,0.021011676158929033,44,35,10,21,90,102
2451,0.016591270456277646,45,29,12,29,144,242
2452,0.006169244356675908,42,30,14,30,124,148
2453,0.011106485423084317,41,26,11,31,132,248
2454,0.02615629888038952,43,27,14,33,143,194
2455,0.01818097579039325,44,32,12,26,123,144
2456,0.02246636119391745,44,27,15,34,115,160
2457,0.013518885085911161,45,27,14,33,117,168
2458,0.015172963596217212,44,26,13,33,134,220
2459,0.013180463043731994,45,30,14,30,127,148
2460,0.021979002001416975,46,30,11,27,111,156
2461,0.011760275400049716,45,27,15,34,155,212
2462,0.008393141028137707,45,26,14,34,99,146
2463,0.007097957403546157,45,30,13,29,147,186
2464,0.019024867075727488,44,31,10,25,131,220
2465,0.012595885439440277,46,26,15,35,170,254
2466,0.0212769184472535,46,32,10,24,122,200
2467,0.015861606708723493,46,27,14,33,132,228
2468,0.021667951137427675,46,31,11,26,138,204
2469,0.011567102861976389,45,31,12,27,140,200
2470,0.013252084208805387,44,31,10,25,105,184
2471,0.02121356684180963,46,30,14,30,140,158
2472,0.015173565501967863,45,30,14,30,106,130
2473,0.02867039000592421,44,28,11,29,130,266
2474,0.026416750478863424,44,30,11,27,112,188
2475,0.014011614203439257,43,30,11,27,125,208
2476,0.011545241749987403,41,31,12,27,88,102
2477,0.014291390957532076,44,32,10,24,114,162
2478,0.015604445913900079,42,29,14,31,118,164
2479,0.014619659119160099,45,29,15,32,144,186
2480,0.017582234987824377,42,29,13,30,109,154
2481,0.015501597809739143,45,32,12,26,98,116
2482,0.014728961504401977,45,29,11,28,141,236
2483,0.021754780323266852,45,33,11,24,86,104
2484,0.011833157238957615,44,32,10,24,103,160
2485,0.02420105129121327,45,29,12,29,151,256
2486,0.018107394362138138,43,27,13,32,110,202
2487,0.015767257076950758,44,33,10,23,134,204
2488,0.01126045239073234,45,27,14,33,129,198
2489,0.01831875344816647,41,28,15,33,93,120
2490,0.009461464128024857,46,26,15,35,172,262
2491,0.020110817258938672,45,31,12,27,143,182
2492,0.015622903172124378,42,30,10,26,74,118
2493,0.030181401859142615,43,26,13,33,124,220
2494,0.021858732241298015,45,30,11,27,124,184
2495,0.019287910529151686,43,30,13,29,112,142
2496,0.011267377311000443,44,31,10,25,88,148
2497,0.014284866553819657,43,30,12,28,130,190
2498,0.009511658481140252,44,31,11,26,114,176
2499,0.012172530302709858,45,27,13,32,107,164
2500,0.01606753460229973,44,34,10,22,96,108
2501,0.010036821437233223,46,29,12,29,112,180
2502,0.026828932374104372,43,32,12,26,123,168
2503,0.012455115410853,45,28,11,29,167,374
2504,0.022116125245870533,43,32,11,25,97,136
2505,0.01586303772436372,44,30,13,29,125,188
2506,0.020481592032269624,44,26,16,36,171,234
2507,0.01498726395478061,44,30,10,26,124,246
2508,0.022112503146396817,46,28,13,31,123,198
2509,0.01748216366667102,42,30,12,28,106,166
2510,0.010734754493589307,45,30,15,31,130,142
2511,0.014552835316991468,43,31,12,27,135,204
2512,0.01649101841829141,43,26,15,35,137,212
2513,0.017525546573592492,42,26,16,36,212,302
2514,0.015978562580095827,44,24,13,35,180,366
2515,0.017132045535206322,45,31,12,27,96,134
2516,0.00937453517604682,42,27,14,33,145,218
2517,0.01449776929988373,41,29,11,28,86,158
2518,0.01516592974915864,45,29,14,31,167,198
2519,0.032228150991786275,45,31,11,26,109,146
2520,0.0073835974844234376,45,30,10,26,103,180
2521,0.016205699375821156,45,31,11,26,136,254
2522,0.029345745905800302,43,31,9,24,92,172
2523,0.010643395079127566,45,30,13,29,170,236
2524,0.011753002508646831,45,29,10,27,124,278
2525,0.021664906815298726,40,30,10,26,98,158
2526,0.00937453517604682,45,30,13,29,114,150
2527,0.021760845610203514,45,29,12,29,99,150
2528,0.012338658973436906,44,28,13,31,122,182
2529,0.016133837151808526,42,25,16,37,129,192
2530,0.021198049494605763,45,28,14,32,168,234
2531,0.019094465481038027,45,32,9,23,93,198
2532,0.01647849863758108,44,30,13,29,132,192
2533,0.019464378543534725,44,31,12,27,123,144
2534,0.011832662054822446,42,27,13,32,91,160
2535,0.012282164958563865,43,31,12,27,98,128
2536,0.019361895653640895,45,29,13,30,133,202
2537,0.011259133361423687,42,30,11,27,78,122
2538,0.01388437197042696,43,30,14,30,118,136
2539,0.022145705267059362,45,31,12,27,112,154
2540,0.025180845862728604,42,29,13,30,113,160
2541,0.020021454457765167,44,32,9,23,77,136
2542,0.015358013043097953,43,29,14,31,131,170
2543,0.021844980485816734,45,31,11,26,99,144
2544,0.01401809376811769,41,31,9,24,95,162
2545,0.008393799913361387,44,28,12,30,109,208
2546,0.011193720831619191,46,28,11,29,136,306
2547,0.006459918425650649,43,24,13,35,122,238
2548,0.014723001061027446,43,28,16,34,165,198
2549,0.020649101520000518,46,28,13,31,126,174
2550,0.012532094966408815,45,31,9,24,103,166
2551,0.018749529478188753,45,25,12,33,163,338
2552,0.008687801854858842,44,28,11,29,123,270
2553,0.017726409344188565,46,27,13,32,168,322
2554,0.013868844997472665,45,27,14,33,197,368
2555,0.031594755344133696,45,30,12,28,127,194
2556,0.014597129530234738,43,30,12,28,97,130
2557,0.016038335951192723,46,29,14,31,107,140
2558,0.010089547744961867,43,32,12,26,146,170
2559,0.020326372656043173,46,28,15,33,104,128
2560,0.016230039300292147,46,31,9,24,121,204
2561,0.004847907467479665,44,28,13,31,181,308
2562,0.012979477890044791,45,31,10,25,135,274
2563,0.01742592641657514,44,26,13,33,143,270
2564,0.011257326261017192,44,31,14,29,138,168
2565,0.011720404725339823,42,27,14,33,116,172
2566,0.01622291221579822,44,30,11,27,128,206
2567,0.01765381433969436,44,33,12,25,96,102
2568,0.013667472650781248,44,27,13,32,135,212
2569,0.012634042748264376,44,31,12,27,92,114
2570,0.02223964069427302,43,30,12,28,117,172
2571,0.013180463043731994,43,32,10,24,122,246
2572,0.015291572037227141,43,28,12,30,154,232
2573,0.011114329730810224,45,29,12,29,106,160
2574,0.011391654548324123,43,30,10,26,146,306
2575,0.008839261128257975,45,30,12,28,164,246
2576,0.02573917864716871,43,29,11,28,93,142
2577,0.016950768722558435,45,29,11,28,102,170
2578,0.02371610739212803,42,31,11,26,118,154
2579,0.013817100333701912,45,32,12,26,110,140
2580,0.014582402021541992,46,27,15,34,134,202
2581,0.012849523940546184,45,34,9,21,78,106
2582,0.015019453076430204,42,32,12,26,121,154
2583,0.023983212116569383,44,30,12,28,117,180
2584,0.012343498382761602,43,29,12,29,110,198
2585,0.01817492458583303,45,31,12,27,155,268
2586,0.022562469673068374,43,32,11,25,94,142
2587,0.011072301676117387,46,30,12,28,152,224
2588,0.015991939847299182,44,32,12,26,83,104
2589,0.02305350496640924,44,33,9,22,104,158
2590,0.019287910529151686,46,30,15,31,114,120
2591,0.01649733696062551,42,30,11,27,102,152
2592,0.014696287603110779,46,26,11,31,148,272
2593,0.010498710233990155,43,25,14,35,166,262
2594,0.012987290724746268,45,31,12,27,109,148
2595,0.01244273127088684,42,30,12,28,95,118
2596,0.02281477119213638,44,29,14,31,127,178
2597,0.011787813998148995,44,29,11,28,113,182
2598,0.017665931787760745,46,29,12,29,183,338
2599,0.02509268159733243,42,29,12,29,125,172
2600,0.016049793162583356,45,28,12,30,103,182
2601,0.01929614129973744,44,34,10,22,81,96
2602,0.012370946416322942,45,31,12,27,148,196
2603,0.020079343759058774,44,29,12,29,146,246
2604,0.00937453517604682,45,27,12,31,124,232
2605,0.010688890181245164,44,27,13,32,111,176
2606,0.01253664985631947,46,27,14,33,147,198
2607,0.019842753121286125,45,28,13,31,126,186
2608,0.01509755081108434,43,28,13,31,127,172
2609,0.019842753121286125,41,31,9,24,60,114
2610,0.014600387541746057,45,29,13,30,127,178
2611,0.028705807157626134,43,32,12,26,103,124
2612,0.03531645000218962,43,27,14,33,117,182
2613,0.017105645691362893,44,31,10,25,130,254
2614,0.019844960127330218,43,27,15,34,119,158
2615,0.02304527285337791,44,29,13,30,102,144
2616,0.013020755375773213,43,30,12,28,129,184
2617,0.01976706770550328,41,27,12,31,139,272
2618,0.022160976485849637,44,28,14,32,110,144
2619,0.01945831157193085,43,31,10,25,119,212
2620,0.016263511544017277,44,28,11,29,120,202
2621,0.018486540298435675,43,29,11,28,154,370
2622,0.026198676880588564,45,29,14,31,155,204
2623,0.01387030408559705,44,24,15,37,137,212
2624,0.026478622479700197,45,29,11,28,142,256
2625,0.01423798484171835,43,31,11,26,106,142
2626,0.011691488984769856,44,28,10,28,118,266
2627,0.020977628133841464,44,32,10,24,114,202
2628,0.01602932202919649,46,27,13,32,168,378
2629,0.015365854703914009,43,31,10,25,111,222
2630,0.015328892254832693,45,29,12,29,140,200
2631,0.015103004476303795,44,31,10,25,99,176
2632,0.020280726598534665,42,29,14,31,142,162
2633,0.013485411466085048,43,30,12,28,131,226
2634,0.012969983892701972,40,30,11,27,96,156
2635,0.011391654548324123,45,31,11,26,98,138
2636,0.023385839366909487,46,26,13,33,137,230
2637,0.0228852252546628,44,29,12,29,117,224
2638,0.01670289396710318,42,27,11,30,94,186
2639,0.019627893902811146,45,27,14,33,120,194
2640,0.01473307323505764,43,30,11,27,130,292
2641,0.016558695090001185,43,31,12,27,100,124
2642,0.013060891662818007,44,31,13,28,164,218
2643,0.009340105856687597,46,29,13,30,160,220
2644,0.017901502004108893,43,32,12,26,84,96
2645,0.013559884791636868,43,24,13,35,164,378
2646,0.011391654548324123,45,32,11,25,91,130
2647,0.008253243276727953,43,27,14,33,144,204
2648,0.015507635414099455,44,32,10,24,112,176
2649,0.016076879248975818,46,30,12,28,111,162
2650,0.019844960127330218,44,27,15,34,144,198
2651,0.014055656479777266,44,32,9,23,100,164
2652,0.013755863050853141,44,28,16,34,162,204
2653,0.013641852669576751,45,30,10,26,120,214
2654,0.02164779248721503,45,27,11,30,185,402
2655,0.011145924167816124,44,32,12,26,88,106
2656,0.024213817797438388,42,30,13,29,83,110
2657,0.01653749621074751,44,37,9,18,88,88
2658,0.018130569637864302,46,31,10,25,109,180
2659,0.01529698649700307,44,30,11,27,120,204
2660,0.01978231839843604,43,26,14,34,177,242
2661,0.01674580494053126,45,28,14,32,146,210
2662,0.014323444520114845,43,27,15,34,143,198
2663,0.02081510731868333,43,26,13,33,176,352
2664,0.011257326261017192,43,31,12,27,105,148
2665,0.012257290270758857,44,29,12,29,105,162
2666,0.021741341746250878,43,32,12,26,105,144
2667,0.014449033827270662,44,28,16,34,162,242
2668,0.00678650141488954,44,30,12,28,157,238
2669,0.011809407874726868,45,27,12,31,128,226
2670,0.011114329730810224,41,31,11,26,109,132
2671,0.016158167130437696,45,28,12,30,126,216
2672,0.018316942396920617,44,28,13,31,139,226
2673,0.016280453944299,43,29,12,29,148,260
2674,0.013205498539321014,44,31,11,26,138,210
2675,0.016205699375821156,45,30,12,28,139,210
2676,0.021024107338328588,43,29,11,28,101,212
2677,0.015719821372746814,46,29,13,30,130,202
2678,0.015506756907536202,44,30,13,29,111,136
2679,0.013134209539646998,44,34,10,22,88,112
2680,0.014271565212393273,44,32,12,26,113,128
2681,0.010936947413732974,46,29,12,29,121,188
2682,0.019094465481038027,45,29,13,30,109,142
2683,0.00970240474533151,43,31,12,27,131,194
2684,0.01661778901349406,45,31,11,26,98,146
2685,0.02359177407848613,46,29,11,28,130,266
2686,0.00899916924883766,44,31,13,28,114,126
2687,0.013983033736599676,46,30,12,28,144,210
2688,0.008351460050595894,45,29,11,28,142,286
2689,0.016205699375821156,45,28,13,31,180,292
2690,0.022153945075593623,46,33,9,22,106,166
2691,0.016076531710855116,43,25,16,37,147,232
2692,0.007798419798812503,44,29,11,28,178,330
2693,0.03084615428876411,46,28,10,28,114,270
2694,0.009264312741511196,46,28,15,33,150,180
2695,0.028274402065082846,42,25,15,36,109,190
2696,0.014407513042230088,42,28,13,31,132,220
2697,0.026553162402378094,43,31,11,26,125,194
2698,0.012045793606484508,46,30,12,28,124,164
2699,0.017320808160533427,41,29,13,30,138,198
2700,0.01358294147345138,42,29,11,28,127,212
2701,0.01862380164595573,44,30,14,30,103,124
2702,0.014488324032932792,43,28,14,32,160,212
2703,0.013767575616491251,43,27,13,32,114,180
2704,0.018061857868265245,44,26,14,34,136,196
2705,0.025043760606307044,43,25,14,35,150,258
2706,0.023014739006214036,45,30,14,30,133,154
2707,0.015765099016562825,45,32,10,24,74,130
2708,0.016591270456277646,45,28,14,32,129,192
2709,0.01947992608701809,43,30,11,27,148,266
2710,0.01815920000393522,44,30,12,28,155,332
2711,0.011480077077875975,43,30,12,28,128,194
2712,0.020156427582006406,42,30,13,29,99,132
2713,0.01689745682273277,44,27,13,32,114,198
2714,0.022112503146396817,43,33,10,23,129,186
2715,0.01906122899918397,43,32,11,25,103,136
2716,0.014963499463440208,44,31,11,26,113,146
2717,0.012987290724746268,43,30,13,29,114,158
2718,0.010791047898108058,46,27,12,31,145,232
2719,0.009829501408455978,44,29,12,29,110,176
2720,0.018051898262888465,45,26,13,33,152,286
2721,0.01215949895367796,46,30,11,27,93,160
2722,0.01273446924608293,45,29,13,30,139,202
2723,0.021983563237934385,45,28,12,30,131,186
2724,0.012030645704572948,44,31,10,25,108,186
2725,0.010948176270157817,45,28,13,31,169,240
2726,0.011227916025266134,45,30,13,29,101,126
2727,0.021844980485816734,45,30,13,29,134,204
2728,0.01470036988897886,46,29,13,30,136,178
2729,0.018636552458513034,45,31,9,24,104,200
2730,0.024971943644841135,41,25,15,36,142,220
2731,0.014121099759309502,44,31,11,26,131,190
2732,0.01564264800846929,44,30,12,28,90,124
2733,0.027238006102195435,43,29,12,29,112,188
2734,0.01774683856157769,42,29,13,30,84,124
2735,0.02234244784065102,46,28,15,33,165,228
2736,0.012211123078541275,43,31,8,23,129,248
2737,0.014279133507960722,45,31,11,26,107,170
2738,0.013544367659377166,42,27,15,34,165,234
2739,0.013828135654640396,45,31,12,27,115,164
2740,0.012369016905591529,43,29,13,30,86,136
2741,0.014690609903790688,45,32,12,26,112,136
2742,0.011038249398202651,42,28,12,30,100,154
2743,0.016026878739802075,45,31,9,24,130,226
2744,0.025295850437577677,44,27,14,33,138,186
2745,0.013390084185894824,44,31,12,27,122,146
2746,0.021117631392785656,41,32,9,23,71,98
2747,0.0275584601013295,44,29,11,28,160,278
2748,0.0172270634175479,45,32,10,24,95,148
2749,0.03153569368248381,43,33,12,25,98,116
2750,0.02369369171651222,43,27,12,31,92,164
2751,0.014021098482990574,44,33,10,23,89,116
2752,0.012043384722364187,45,31,13,28,163,226
2753,0.016355558253734845,43,28,13,31,126,186
2754,0.01258563675023127,44,28,14,32,122,170
2755,0.014186536067943359,45,30,13,29,112,156
2756,0.013127955888938704,45,28,12,30,125,206
2757,0.012852666116035208,43,30,14,30,117,162
2758,0.02125431350405972,41,30,12,28,77,126
2759,0.021844980485816734,44,34,10,22,95,116
2760,0.020834823072006813,44,26,14,34,139,222
2761,0.008003123174280206,46,31,10,25,124,238
2762,0.011389854388914874,42,27,14,33,125,184
2763,0.022112503146396817,45,25,12,33,188,452
2764,0.01661778901349406,45,24,14,36,132,224
2765,0.016870507311868448,44,31,14,29,119,128
2766,0.022219621025492832,42,27,12,31,101,162
2767,0.0178060824983223,43,34,10,22,70,82
2768,0.02399589473405421,46,28,11,29,125,248
2769,0.023296641018385203,42,32,10,24,91,142
2770,0.01545809208417434,45,31,10,25,98,160
2771,0.024341633161663635,46,32,9,23,136,226
2772,0.02946685461801357,43,25,13,34,156,298
2773,0.012477072112236691,45,27,12,31,118,214
2774,0.010948206279154028,44,31,14,29,117,126
2775,0.018655331019027676,44,29,8,25,148,378
2776,0.021879863993658696,42,27,14,33,144,206
2777,0.02082724226405338,45,30,10,26,140,230
2778,0.020424184666337997,45,31,11,26,108,148
2779,0.019821618891774084,42,31,12,27,84,108
2780,0.012900782841510264,44,33,10,23,83,132
2781,0.007208065370452002,41,28,11,29,116,196
2782,0.012452951916202163,42,33,11,24,66,84
2783,0.01203847501965058,44,29,13,30,136,202
2784,0.008776895773063523,41,29,8,25,92,228
2785,0.02416628505673113,43,30,12,28,123,238
2786,0.028804708372545992,46,27,13,32,130,206
2787,0.006318364435014073,45,26,13,33,132,224
2788,0.014488324032932792,43,31,13,28,97,112
2789,0.019313354949125117,43,27,13,32,127,210
2790,0.029104756795926792,45,26,13,33,144,248
2791,0.01606770547950536,45,30,12,28,107,146
2792,0.017435351202822552,44,28,13,31,136,214
2793,0.006345907228870018,46,29,12,29,115,160
2794,0.020256684522580372,43,26,15,35,171,230
2795,0.018833372069868043,43,30,10,26,148,294
2796,0.007588741716429669,46,26,13,33,122,174
2797,0.01094518239115714,44,29,11,28,146,344
2798,0.01265250085010089,42,29,11,28,90,162
2799,0.025163655138133935,44,30,12,28,123,226
2800,0.023223008151884043,44,32,12,26,116,140
2801,0.01240890785167546,44,32,11,25,88,118
2802,0.018138255063201957,42,26,13,33,136,242
2803,0.016150607379397067,44,27,13,32,130,208
2804,0.010537794653996211,46,28,10,28,93,184
2805,0.017849219649028747,42,27,13,32,156,280
2806,0.014639140905330444,45,28,14,32,131,170
2807,0.007936714173194758,42,28,13,31,96,152
2808,0.028288930728948336,43,27,15,34,140,188
2809,0.018993877600430184,45,28,14,32,128,170
2810,0.022112503146396817,39,30,10,26,67,114
2811,0.020552417599967086,45,27,13,32,132,228
2812,0.021351338661090336,44,30,10,26,108,204
2813,0.025462244640837746,43,29,12,29,145,254
2814,0.013883236779433317,43,28,14,32,109,148
2815,0.022239621367498325,43,30,13,29,120,138
2816,0.014661891829542317,44,31,12,27,94,130
2817,0.022428636065771914,44,29,11,28,141,254
2818,0.019842753121286125,46,28,12,30,143,270
2819,0.02655492471147925,45,30,12,28,141,212
2820,0.01322771642594392,43,31,11,26,109,212
2821,0.014503845802416346,42,32,10,24,120,156
2822,0.013921869037566273,45,28,13,31,134,212
2823,0.013518885085911161,43,30,12,28,81,134
2824,0.014604533936830158,46,25,12,33,120,216
2825,0.012214126727061975,46,30,10,26,152,274
2826,0.010626256497534306,44,28,16,34,140,164
2827,0.011074240989935605,42,27,14,33,130,162
2828,0.011728384400145429,44,30,13,29,119,160
2829,0.014608557522041293,44,31,10,25,70,118
2830,0.01762325057382247,46,27,13,32,177,296
2831,0.012344727840901966,42,27,14,33,140,212
2832,0.028598434943150137,40,29,12,29,135,194
2833,0.018486540298435675,45,29,14,31,130,172
2834,0.014011614203439257,42,25,17,38,145,200
2835,0.015297108897011712,46,28,11,29,155,316
2836,0.009881097159861262,45,29,11,28,121,202
2837,0.007571629621049444,43,28,10,28,104,232
2838,0.017827052242804436,42,27,14,33,144,182
2839,0.019273467563010044,45,30,10,26,124,228
2840,0.008474455589661173,46,24,13,35,142,294
2841,0.013934987917097137,45,30,13,29,119,152
2842,0.012838045945319732,43,26,14,34,126,192
2843,0.01310503377341421,46,28,10,28,153,338
2844,0.01643916664057231,43,29,11,28,125,244
2845,0.016354297755105093,42,27,14,33,107,142
2846,0.012743831748942447,44,31,9,24,112,184
2847,0.011613119464591898,46,26,15,35,150,244
2848,0.016322333876648068,42,27,15,34,156,204
2849,0.015610544708038389,44,28,13,31,135,192
2850,0.011582324720421526,44,28,14,32,165,330
2851,0.01217358904557541,43,27,15,34,150,198
2852,0.01635615470098098,42,33,11,24,91,106
2853,0.009346178959196361,46,25,14,35,184,288
2854,0.02386213052900446,43,30,13,29,135,176
2855,0.024607348004138246,44,32,11,25,74,96
2856,0.008750368888514881,44,28,14,32,120,188
2857,0.02032674341211961,43,30,12,28,114,150
2858,0.007950783000752096,43,30,13,29,132,180
2859,0.015024525566123943,45,30,12,28,135,192
2860,0.016919218524564933,43,29,12,29,118,190
2861,0.014201040520877964,45,30,12,28,103,142
2862,0.023716464135657596,42,33,11,24,107,116
2863,0.014726737247449627,44,25,13,34,199,418
2864,0.01000176586952009,45,32,10,24,132,198
2865,0.024131615982416577,44,31,11,26,102,138
2866,0.013912304177328812,46,30,12,28,114,174
2867,0.010304592230775012,44,32,12,26,115,154
2868,0.01566782546102783,45,30,8,24,134,312
2869,0.019862174506728607,46,28,15,33,182,236
2870,0.012931332761900588,45,28,14,32,123,162
2871,0.013743764041531291,43,32,9,23,136,260
2872,0.014378259844629544,46,31,11,26,97,140
2873,0.014938706823991229,42,30,12,28,104,164
2874,0.024598286542823332,42,30,10,26,83,164
2875,0.025462244640837746,45,28,11,29,142,296
2876,0.020570197849809454,44,29,13,30,98,158
2877,0.011753002508646831,45,27,13,32,139,250
2878,0.010180838633807254,43,34,11,23,119,122
2879,0.01667589769337291,45,28,13,31,101,166
2880,0.01661778901349406,43,29,14,31,129,156
2881,0.02254494136992749,45,30,13,29,122,158
2882,0.027870851311514344,46,29,14,31,160,220
2883,0.008584371618153744,46,29,12,29,113,150
2884,0.01250831710232339,46,31,14,29,120,126
2885,0.028005392713629743,44,24,15,37,169,286
2886,0.018635928684998304,44,30,12,28,103,142
2887,0.016049793162583356,45,30,13,29,113,164
2888,0.012610094448259918,46,34,9,21,58,76
2889,0.019221918051244645,44,29,13,30,148,208
2890,0.013300666157998617,44,30,12,28,145,232
2891,0.02004805270479599,43,28,14,32,141,184
2892,0.014460041452766484,44,30,12,28,118,168
2893,0.014950333180309347,45,30,11,27,126,208
2894,0.017066861627748266,43,32,9,23,76,130
2895,0.015528298108591725,42,30,12,28,110,150
2896,0.011009281654396609,43,28,13,31,138,226
2897,0.01649377180755022,44,26,13,33,165,342
2898,0.013573972441331204,45,29,14,31,147,244
2899,0.016311179646783965,44,32,11,25,107,146
2900,0.01946750936692253,44,27,13,32,156,270
2901,0.013868844997472665,46,26,14,34,146,218
2902,0.011371795926948619,44,28,13,31,127,220
2903,0.014182352218100505,45,33,11,24,115,154
2904,0.006213859884729611,45,26,14,34,149,210
2905,0.011114329730810224,44,27,11,30,96,206
2906,0.02033930840558288,44,33,10,23,107,140
2907,0.01545809208417434,45,31,11,26,82,124
2908,0.013883236779433317,45,27,13,32,156,246
2909,0.0165794621375042,44,29,15,32,134,158
2910,0.02159242668777612,44,30,14,30,140,182
2911,0.020928348716427847,46,31,12,27,135,184
2912,0.01250831710232339,43,31,11,26,110,182
2913,0.0061615428691398355,44,30,10,26,112,190
2914,0.019093051831064245,44,32,13,27,100,112
2915,0.019211780126575886,46,31,12,27,125,180
2916,0.021834821318392067,45,28,15,33,153,222
2917,0.01596231399906583,44,30,11,27,93,138
2918,0.035598204791344235,43,28,12,30,129,246
2919,0.012386315281748467,43,27,12,31,99,158
2920,0.015271219188422738,44,26,12,32,133,260
2921,0.014604533936830158,43,29,11,28,87,156
2922,0.0130678832513282,44,27,15,34,111,162
2923,0.014752279164884991,44,27,13,32,149,234
2924,0.03259833601860382,45,29,12,29,148,232
2925,0.022153945075593623,44,27,13,32,165,384
2926,0.01569466480477842,44,26,10,30,145,358
2927,0.019685555191480044,42,31,13,28,94,112
2928,0.01401809376811769,43,28,14,32,128,188
2929,0.010744955277966546,44,32,7,21,87,210
2930,0.013890136402796398,41,31,11,26,113,158
2931,0.009459138624395506,44,28,12,30,130,196
2932,0.012206204962048668,44,34,9,21,72,94
2933,0.014279727450631677,43,28,13,31,152,242
2934,0.022025891811400338,44,32,13,27,119,128
2935,0.01843906364197643,44,32,11,25,141,244
2936,0.007302585873908848,44,29,12,29,125,204
2937,0.02025237822465368,45,31,12,27,118,154
2938,0.01261023517843457,44,26,13,33,185,386
2939,0.02952770520099298,45,30,11,27,129,178
2940,0.012006328712560927,46,30,12,28,96,132
2941,0.013649541216690927,44,29,14,31,145,196
2942,0.008994507897522035,45,31,11,26,132,210
2943,0.019994579972826915,45,29,11,28,127,200
2944,0.019169547804904243,45,33,12,25,104,116
2945,0.015337262922188219,44,27,13,32,162,278
2946,0.01661778901349406,45,29,13,30,112,154
2947,0.013409958662047996,42,29,12,29,160,268
2948,0.010432649282947223,42,26,13,33,121,198
2949,0.01681301510067222,42,30,12,28,124,178
2950,0.005511731611248558,46,26,14,34,128,180
2951,0.020933217471790944,41,27,16,35,118,142
2952,0.017262289090395996,43,30,9,25,117,246
2953,0.012431001210419696,46,28,11,29,113,218
2954,0.01616786531760314,44,28,14,32,116,164
2955,0.01842039081478601,44,32,12,26,84,108
2956,0.02081510731868333,45,29,12,29,161,230
2957,0.013628395417406017,46,29,11,28,126,216
2958,0.015957457848436392,43,30,12,28,96,146
2959,0.016290538032359227,45,30,11,27,120,196
2960,0.010266722949381517,43,30,13,29,129,156
2961,0.01266501641279285,46,30,13,29,148,202
2962,0.02548529207796399,45,29,14,31,174,228
2963,0.018828321964974522,46,27,12,31,186,446
2964,0.008440722831039513,44,27,12,31,114,186
2965,0.02081510731868333,45,31,11,26,107,146
2966,0.020441541819896828,44,30,14,30,140,170
2967,0.016528829708040725,45,31,12,27,99,126
2968,0.00937453517604682,45,29,14,31,147,242
2969,0.008460278886464945,45,29,14,31,124,166
2970,0.022892653089056553,45,28,12,30,94,176
2971,0.015379182568630162,46,24,14,36,185,364
2972,0.014854961421876485,44,29,14,31,145,178
2973,0.024505680597964236,43,30,15,31,123,138
2974,0.011833157238957615,43,29,13,30,118,160
2975,0.008776895773063523,44,29,14,31,111,144
2976,0.01700390515372695,44,30,13,29,107,158
2977,0.014488324032932792,43,26,15,35,159,260
2978,0.012977278856980197,46,28,14,32,131,192
2979,0.017953251352446343,44,29,13,30,111,150
2980,0.01668537638802945,42,32,10,24,82,108
2981,0.02512437802393545,44,29,12,29,118,172
2982,0.02334881530725924,45,31,12,27,117,156
2983,0.021198518168013325,45,29,13,30,112,170
2984,0.023008418391780736,44,33,8,21,74,140
2985,0.02566250439445974,44,31,11,26,114,162
2986,0.017588673315548926,44,32,10,24,99,166
2987,0.021694275558152114,44,28,13,31,149,230
2988,0.014643462391633007,45,30,12,28,125,182
2989,0.018983272493012335,43,30,12,28,111,150
2990,0.020220843533344305,44,28,13,31,123,202
2991,0.019329919419584903,44,31,11,26,136,190
2992,0.016918449679479433,40,28,12,30,123,174
2993,0.020327307330113537,44,33,12,25,106,130
2994,0.013647980936713551,45,29,14,31,88,112
2995,0.021412611133382053,43,27,13,32,112,190
2996,0.01250831710232339,43,29,12,29,119,212
2997,0.010245445005326231,43,31,11,26,128,220
2998,0.026533502651929566,42,29,13,30,107,146
2999,0.011246339307032501,44,29,11,28,156,302
3000,0.020270491505287674,44,28,14,32,117,156
3001,0.020517770246955856,46,32,11,25,99,138
3002,0.02313403883410603,44,30,12,28,117,162
3003,0.010041080363322519,43,30,14,30,149,170
3004,0.018358345397801897,44,28,13,31,117,186
3005,0.016150607379397067,45,30,12,28,125,192
3006,0.016205699375821156,45,30,11,27,111,162
3007,0.01323865017664616,44,31,12,27,128,170
3008,0.020563379134707866,42,28,14,32,108,150
3009,0.01152825465234357,44,30,11,27,125,192
3010,0.016083719262001958,45,31,9,24,95,164
3011,0.01326101577978566,41,31,9,24,57,104
3012,0.019994579972826915,45,31,13,28,127,154
3013,0.022224395555809094,45,30,13,29,108,136
3014,0.018051898262888465,45,27,12,31,120,198
3015,0.02758300993406131,45,29,12,29,100,154
3016,0.018143032958429936,42,26,10,30,132,326
3017,0.021061416439018092,43,29,12,29,107,168
3018,0.022517254441013407,46,26,15,35,170,242
3019,0.00892119644976113,43,30,10,26,121,246
3020,0.012375067908325457,44,32,13,27,126,132
3021,0.013101242997042389,46,32,8,22,128,228
3022,0.014712451050559308,45,29,13,30,154,236
3023,0.012525578750103024,42,31,11,26,101,158
3024,0.025045129441969613,44,26,13,33,153,254
3025,0.022517254441013407,41,28,11,29,112,174
3026,0.012681472324600582,44,31,11,26,113,158
3027,0.013983033736599676,45,29,14,31,135,186
3028,0.02522538633981164,43,28,13,31,136,218
3029,0.024691058873218506,41,28,10,28,103,220
3030,0.01666261501440724,44,29,11,28,111,192
3031,0.013518885085911161,45,30,9,25,96,186
3032,0.010007998699115409,41,27,13,32,126,188
3033,0.01404848305491662,44,31,12,27,91,146
3034,0.01693882964454052,43,31,9,24,103,202
3035,0.014822943476557306,43,30,12,28,123,182
3036,0.011180302149802021,44,30,14,30,151,178
3037,0.018860010596122034,42,31,11,26,104,140
3038,0.03064607737869959,44,31,12,27,113,160
3039,0.018983272493012335,43,30,14,30,142,160
3040,0.011472345737829945,42,29,12,29,109,184
3041,0.010627609634519669,44,26,14,34,161,242
3042,0.02348903230021166,45,32,11,25,113,152
3043,0.01065000869761823,42,27,13,32,120,228
3044,0.015478043650356578,45,27,15,34,139,184
3045,0.019023665660721695,44,29,12,29,122,188
3046,0.02467847208806874,45,27,14,33,151,232
3047,0.019214235340445855,44,29,14,31,140,176
3048,0.024812741179377863,44,28,14,32,123,174
3049,0.025617526367125942,45,28,16,34,133,160
3050,0.012032726377464952,44,31,9,24,71,128
3051,0.004781073810048345,45,31,10,25,143,212
3052,0.020395012316092972,44,27,14,33,155,238
3053,0.019754773816761613,44,33,11,24,77,92
3054,0.022153945075593623,43,35,10,21,73,82
3055,0.012844869702929362,45,31,9,24,105,208
3056,0.019287910529151686,44,27,17,36,150,174
3057,0.020411249569342607,44,28,13,31,133,204
3058,0.016498983447172003,45,31,10,25,155,276
3059,0.017892477492662186,46,30,12,28,114,154
3060,0.0213039060431175,42,30,13,29,108,154
3061,0.025408559246146586,46,28,13,31,118,174
3062,0.016683788385214032,42,24,15,37,143,236
3063,0.02561346746260562,45,28,9,27,111,274
3064,0.020605009341569884,46,33,9,22,69,106
3065,0.013218206690732814,40,28,13,31,103,130
3066,0.01998078647739139,45,30,12,28,163,250
3067,0.022112503146396817,42,33,10,23,84,154
3068,0.015001080850895118,41,26,16,36,170,236
3069,0.01917618165648212,43,28,12,30,146,230
3070,0.016480088509048127,44,31,13,28,95,110
3071,0.017044835083259893,44,26,12,32,148,286
3072,0.015743707056685416,42,29,12,29,104,164
3073,0.02491726374902506,41,33,10,23,77,92
3074,0.01586962349243219,46,31,12,27,156,248
3075,0.016623700976762856,45,28,13,31,102,180
3076,0.017132045535206322,43,29,14,31,112,148
3077,0.016677279596636826,42,29,13,30,98,152
3078,0.010498710233990155,45,28,13,31,147,222
3079,0.013761829420558556,44,35,9,20,94,118
3080,0.01613925044941165,44,28,13,31,131,190
3081,0.010245445005326231,46,29,12,29,135,234
3082,0.03767332839742599,45,25,12,33,166,352
3083,0.016280453944299,43,28,15,33,131,152
3084,0.009464334463715432,44,32,11,25,116,208
3085,0.019754773816761613,45,34,11,23,107,122
3086,0.014420114540326268,46,28,13,31,159,284
3087,0.022098718954269923,44,28,12,30,130,208
3088,0.020181235371929417,43,29,12,29,112,160
3089,0.018023250933949422,44,32,10,24,103,148
3090,0.013491510785202804,41,28,15,33,133,160
3091,0.02187046175681589,44,31,12,27,110,140
3092,0.015671250549658206,43,30,10,26,80,152
3093,0.01795713923862194,43,31,13,28,73,88
3094,0.018412018212801695,45,32,9,23,102,168
3095,0.017600319693477307,44,27,13,32,157,220
3096,0.021364571686254122,45,32,10,24,93,132
3097,0.016150607379397067,43,30,13,29,107,146
3098,0.013570326244225054,46,29,11,28,133,230
3099,0.016878027792443913,46,27,14,33,107,158
3100,0.014647638782451417,46,27,14,33,147,216
3101,0.010245445005326231,43,32,12,26,111,126
3102,0.016117493789562336,44,31,13,28,140,156
3103,0.012089267301998836,45,28,11,29,103,198
3104,0.0250033295803584,44,29,11,28,148,342
3105,0.013670374656545775,46,32,10,24,102,144
3106,0.020347894388108412,45,33,12,25,104,110
3107,0.014506394205725928,45,30,13,29,138,180
3108,0.030237186881497694,45,29,13,30,117,170
3109,0.014606873607842689,46,27,15,34,153,192
3110,0.019367652062790897,42,27,13,32,110,188
3111,0.015271219188422738,46,27,13,32,162,264
3112,0.023014739006214036,43,27,13,32,119,168
3113,0.021031937421067855,45,28,12,30,101,168
3114,0.010245445005326231,45,31,13,28,155,194
3115,0.02387752932285489,44,31,12,27,102,126
3116,0.01401809376811769,45,30,14,30,110,128
3117,0.02349311597500757,45,29,14,31,114,152
3118,0.022112503146396817,41,28,13,31,141,264
3119,0.023569240361231647,43,28,10,28,148,290
3120,0.010931206015359105,46,32,12,26,123,138
3121,0.013184204513228673,45,31,11,26,110,164
3122,0.018729678320559003,44,31,12,27,108,168
3123,0.015507635414099455,45,30,11,27,150,286
3124,0.013177741475428724,44,30,12,28,139,216
3125,0.010337534819105404,45,28,11,29,125,230
3126,0.01217358904557541,42,32,9,23,65,104
3127,0.012282164958563865,44,31,12,27,109,158
3128,0.026347448467603576,44,29,11,28,121,226
3129,0.014991835119491023,45,27,12,31,164,270
3130,0.022194754670542577,45,25,15,36,189,396
3131,0.022112503146396817,46,29,13,30,168,258
3132,0.016026878739802075,45,28,13,31,112,164
3133,0.011817233247439565,44,29,11,28,111,176
3134,0.015754176405490983,44,30,12,28,141,228
3135,0.011132335357164097,46,28,14,32,111,156
3136,0.015687099937841398,45,31,11,26,119,204
3137,0.016402913151970677,45,28,14,32,122,176
3138,0.007842343009713308,46,27,13,32,121,238
3139,0.01751500389890603,42,31,11,26,100,144
3140,0.013745793394818892,44,29,12,29,146,230
3141,0.028922120869639703,44,28,15,33,149,246
3142,0.021037975734939915,46,31,12,27,112,140
3143,0.017262289090395996,44,31,11,26,103,136
3144,0.026669426448403116,45,27,10,29,159,350
3145,0.023607028610615907,45,29,15,32,135,156
3146,0.005058169497473598,45,26,13,33,127,214
3147,0.011258233038658153,45,31,12,27,104,146
3148,0.007909074469953578,44,28,15,33,106,136
3149,0.023737559526069922,44,29,11,28,126,270
3150,0.019622274340801577,43,30,15,31,130,142
3151,0.013952598964649413,42,30,12,28,121,176
3152,0.02125040062433969,46,29,14,31,141,192
3153,0.014712451050559308,45,31,11,26,100,142
3154,0.02589819567215472,41,27,13,32,128,228
3155,0.02623793606337718,45,24,16,38,162,234
3156,0.024302935711577323,43,26,13,33,127,204
3157,0.013360027568421848,45,32,14,28,112,112
3158,0.0259734659820548,45,29,11,28,113,200
3159,0.01168551495694415,43,30,11,27,103,140
3160,0.012595885439440277,46,29,11,28,122,234
3161,0.022153366071625463,44,32,9,23,67,118
3162,0.018066545273610568,45,30,13,29,152,176
3163,0.030632782293841948,45,31,11,26,100,136
3164,0.014202746173260769,43,26,16,36,165,280
3165,0.0186515366962196,46,28,15,33,183,296
3166,0.016809791415659817,44,29,12,29,136,214
3167,0.02262265564921217,45,29,14,31,149,198
3168,0.008503784798455837,45,29,14,31,142,196
3169,0.01432630237718098,44,30,11,27,137,224
3170,0.012017583733605341,44,29,13,30,130,172
3171,0.012304533842033075,45,28,13,31,150,252
3172,0.01294047927565117,44,31,9,24,106,358
3173,0.014810830377184881,44,30,13,29,110,156
3174,0.016937518512165142,42,31,13,28,102,120
3175,0.020583105978029897,43,30,14,30,145,178
3176,0.013518885085911161,46,30,11,27,104,170
3177,0.015199021275964897,41,30,13,29,74,92
3178,0.013985327950466832,44,26,16,36,164,240
3179,0.022701965912344427,44,32,10,24,92,128
3180,0.019194187786419015,44,30,12,28,109,170
3181,0.016965968815747294,43,29,13,30,91,140
3182,0.02125431350405972,45,30,10,26,105,192
3183,0.015470262367896129,44,30,14,30,164,252
3184,0.02287992671687812,45,30,11,27,91,154
3185,0.019361895653640895,41,31,10,25,83,118
3186,0.015924295413283,46,30,10,26,103,180
3187,0.011062102100758503,45,28,7,25,121,322
3188,0.014166276375554114,42,34,11,23,87,90
3189,0.02578373155595775,45,31,11,26,105,156
3190,0.02984490957865056,45,27,13,32,139,202
3191,0.013603233125622782,45,32,11,25,96,124
3192,0.027988268862842607,46,30,13,29,136,174
3193,0.014139811565299296,45,29,12,29,127,186
3194,0.014750786093066327,45,32,9,23,74,120
3195,0.014287834399852248,44,30,13,29,132,186
3196,0.009712597457312858,45,30,12,28,130,202
3197,0.022562469673068374,45,29,13,30,143,182
3198,0.012274986437637699,42,31,10,25,94,154
3199,0.025134573473059342,44,29,13,30,147,222
3200,0.021643713247529006,46,29,10,27,95,174
3201,0.013821643664204311,43,28,11,29,109,200
3202,0.011060147701595222,42,30,13,29,119,140
3203,0.02463054811339488,44,29,13,30,107,152
3204,0.012520837786695369,45,32,11,25,124,172
3205,0.02476183242095409,45,27,13,32,127,190
3206,0.02387193219076464,43,33,12,25,93,108
3207,0.00560958097921662,44,33,10,23,154,248
3208,0.01236543064026727,46,30,14,30,110,134
3209,0.021276573921712366,41,30,13,29,69,90
3210,0.01697462310374736,45,29,11,28,135,234
3211,0.024884820481140782,45,33,12,25,112,124
3212,0.013018326098805488,44,27,16,35,165,222
3213,0.01147374348488392,41,30,12,28,86,122
3214,0.016418262335308638,44,28,11,29,155,316
3215,0.013581408436837118,45,28,14,32,128,170
3216,0.012128346815656027,43,30,13,29,130,178
3217,-0.0011910810474767136,42,25,11,32,132,296
3218,0.015498706619852629,45,30,11,27,87,162
3219,0.018530051184010396,42,26,12,32,109,244
3220,0.011689256429118434,44,29,9,26,119,258
3221,0.017698683800408885,44,35,10,21,88,100
3222,0.022996544198734946,45,31,11,26,129,210
3223,0.015957457848436392,45,30,11,27,80,120
3224,0.004428915521288393,44,29,13,30,157,236
3225,0.013846718125262308,43,29,14,31,116,140
3226,0.016528829708040725,41,28,13,31,87,146
3227,0.01677255747626248,40,29,14,31,100,120
3228,0.018262310813201177,45,26,17,37,186,240
3229,0.01215596866435234,40,27,13,32,124,180
3230,0.0211417901535413,42,30,10,26,104,152
3231,0.011507653407728243,44,30,11,27,104,182
3232,0.018346716605774326,43,34,9,21,97,160
3233,0.013638015309944976,44,32,10,24,98,140
3234,0.012008141012115253,43,31,14,29,121,124
3235,0.012861991803529094,45,30,13,29,130,172
3236,0.012899868562612285,45,28,15,33,129,154
3237,0.01620301868217377,44,26,13,33,122,236
3238,0.011336650790889885,44,30,12,28,113,158
3239,0.009503807922963792,46,32,12,26,125,140
3240,0.009992761353036714,44,29,14,31,163,204
3241,0.022131431198699432,45,31,13,28,98,130
3242,0.007108623941762607,44,29,11,28,136,238
3243,0.014596249915298579,46,28,10,28,97,248
3244,0.018723562697040938,43,27,13,32,127,222
3245,0.02091961649878065,46,30,11,27,150,222
3246,0.016160438425496026,43,27,12,31,117,204
3247,0.02031791071097187,46,27,14,33,127,178
3248,0.01299809424257714,45,30,12,28,117,162
3249,0.01471828623673685,45,31,11,26,87,124
3250,0.02789203067765869,45,31,11,26,120,170
3251,0.01181124556248395,46,32,11,25,139,202
3252,0.01956336203455733,45,32,10,24,89,128
3253,0.01023460920191159,44,30,13,29,102,148
3254,0.012876541147926766,43,26,11,31,120,308
3255,0.013868510905785107,44,30,11,27,85,142
3256,0.01660900358273877,46,33,9,22,110,178
3257,0.017877805616558915,44,27,13,32,137,230
3258,0.01908949876564944,44,30,9,25,107,218
3259,0.027912175141258412,46,29,11,28,112,180
3260,0.025041171066648667,46,27,14,33,165,240
3261,0.01985003103002636,43,29,13,30,115,166
3262,0.006789467691404566,45,27,12,31,164,294
3263,0.012838045945319732,43,28,10,28,111,214
3264,0.017132045535206322,45,30,11,27,74,136
3265,0.019146819678154365,44,28,13,31,153,230
3266,0.007804564563129699,46,29,13,30,100,162
3267,0.01603536500547873,44,28,11,29,116,212
3268,0.022153945075593623,41,29,11,28,101,170
3269,0.010466308532504652,46,26,11,31,132,268
3270,0.011431571135803929,42,29,12,29,147,228
3271,0.01760148661745809,44,30,9,25,95,200
3272,0.01694754694626831,46,29,13,30,112,154
3273,0.01077590846029701,45,33,13,26,110,110
3274,0.018940233232090653,44,28,14,32,187,326
3275,0.017090045375116072,44,35,9,20,92,110
3276,0.013082700868998598,46,28,12,30,142,214
3277,0.014694007626813478,42,29,12,29,93,138
3278,0.016335552771324216,45,26,17,37,191,224
3279,0.022517254441013407,44,30,12,28,119,164
3280,0.02081510731868333,45,28,14,32,143,216
3281,0.018818047868397046,41,27,14,33,147,248
3282,0.02057728021579467,42,30,11,27,97,170
3283,0.0158017565241367,42,31,12,27,75,102
3284,0.019622274340801577,42,27,13,32,108,158
3285,0.013213172754594119,44,30,13,29,113,158
3286,0.015517362998518233,45,33,9,22,102,144
3287,0.01464773718928794,45,30,12,28,140,218
3288,0.0112207878449756,39,29,13,30,96,122
3289,0.016205699375821156,42,31,13,28,132,150
3290,0.016746463174508355,45,35,9,20,85,100
3291,0.014064254051862062,45,29,11,28,94,184
3292,0.013119697985095265,44,28,13,31,120,198
3293,0.011503332604197641,43,28,13,31,131,238
3294,0.014115062772068643,45,30,11,27,114,184
3295,0.012077971789258637,45,29,12,29,130,206
3296,0.01616820052357478,46,28,11,29,111,282
3297,0.013018326098805488,46,26,13,33,132,250
3298,0.012569319007907136,46,31,14,29,106,130
3299,0.01113458025570645,46,24,12,34,170,320
3300,0.021647457521944448,45,29,12,29,130,214
3301,0.014011614203439257,45,31,15,30,108,108
3302,0.016402913151970677,41,26,14,34,149,260
3303,0.020120754117218115,44,28,12,30,151,232
3304,0.010519146380993293,43,27,12,31,146,226
3305,0.011114329730810224,45,32,11,25,97,130
3306,0.012789095308133741,44,26,11,31,143,284
3307,0.016355558253734845,43,27,13,32,106,170
3308,0.022767323096759683,42,27,13,32,119,202
3309,0.013686503211608823,44,29,13,30,161,280
3310,0.011259133361423687,45,31,13,28,119,134
3311,0.013136467672941944,44,27,14,33,133,220
3312,0.01137998538403405,42,30,14,30,103,118
3313,0.010245445005326231,43,31,13,28,180,260
3314,0.016498983447172003,42,31,12,27,80,104
3315,0.01913984539400823,44,28,14,32,106,172
3316,0.011607005101731904,46,29,11,28,125,190
3317,0.015022037208909322,42,28,12,30,138,248
3318,0.020797223561231586,45,31,14,29,112,124
3319,0.009595218669781455,43,27,13,32,141,228
3320,0.025168709908529957,45,30,12,28,117,164
3321,0.020254264738083706,42,28,14,32,129,176
3322,0.02178673239497754,45,32,11,25,115,142
3323,0.02916437743905946,42,27,15,34,124,178
3324,0.018567707104142427,44,33,11,24,98,138
3325,0.018723562697040938,45,32,8,22,82,154
3326,0.018749529478188753,43,28,12,30,108,156
3327,0.009444098059500812,45,33,10,23,110,170
3328,0.02110810456415388,44,27,15,34,142,206
3329,0.02129007802981045,46,28,13,31,140,200
3330,0.02008623501029973,40,29,13,30,119,170
3331,0.012304533842033075,45,30,11,27,114,192
3332,0.021117254785940967,45,33,10,23,134,220
3333,0.011878348623382357,42,29,12,29,148,236
3334,0.008963798021347575,46,30,11,27,115,172
3335,0.014789089218948295,43,31,12,27,83,124
3336,0.007920174155730805,46,27,14,33,119,176
3337,0.01907815018773032,43,28,14,32,124,166
3338,0.01873724405145152,42,32,9,23,101,164
3339,0.014186536067943359,43,31,10,25,88,154
3340,0.013578693264322247,45,31,13,28,129,168
3341,0.01683693623570337,43,29,13,30,114,156
3342,0.013148857072173468,42,31,10,25,117,230
3343,0.015996895801024615,44,29,13,30,154,258
3344,0.018844172748915356,46,29,14,31,118,154
3345,0.011159449125395564,41,30,13,29,112,136
3346,0.013018326098805488,42,29,13,30,103,178
3347,0.029629775593894535,43,30,12,28,103,156
3348,0.009451555112596797,44,30,14,30,104,122
3349,0.020275692658500453,44,27,14,33,118,180
3350,0.01616553340558561,46,27,14,33,134,212
3351,0.024080796853519583,46,30,10,26,148,244
3352,0.018983272493012335,45,30,10,26,99,164
3353,0.01426773695594051,44,29,13,30,138,190
3354,0.020623810511199776,43,29,11,28,101,196
3355,0.013281998510632075,43,31,11,26,119,170
3356,0.017262289090395996,39,30,12,28,105,132
3357,0.016128314319508175,44,30,10,26,86,152
3358,0.014740278064339023,45,30,15,31,140,146
3359,0.01265078069154587,46,29,10,27,95,176
3360,0.026138957717369828,44,31,12,27,111,150
3361,0.020797848835783714,43,33,9,22,71,126
3362,0.01249288193946771,45,31,13,28,134,152
3363,0.02172822955314479,45,29,13,30,136,196
3364,0.009494854730739799,45,28,11,29,154,300
3365,0.018282469264089593,44,30,13,29,130,166
3366,0.01000176586952009,45,28,13,31,127,172
3367,0.011098185502790792,46,28,11,29,137,248
3368,0.02280411269377989,44,33,9,22,112,200
3369,0.013181697262359238,44,31,11,26,105,174
3370,0.015404155008675806,42,30,13,29,134,182
3371,0.014854961421876485,41,29,12,29,122,176
3372,0.015194120335601694,44,27,14,33,118,170
3373,0.028074605481682818,44,29,13,30,97,142
3374,0.015308458585280522,43,28,14,32,148,202
3375,0.012701559777717447,43,30,14,30,124,142
3376,0.027290179984836696,40,29,11,28,120,194
3377,0.015100221094288227,44,27,11,30,168,344
3378,0.018924440919173332,46,32,9,23,86,140
3379,0.01966056685127775,42,27,12,31,166,268
3380,0.012844869702929362,43,32,11,25,92,128
3381,0.01495374875790155,44,28,13,31,130,216
3382,0.02946158359598526,42,32,12,26,132,220
3383,0.02741287507774461,44,26,16,36,151,202
3384,0.02053928386286185,46,31,12,27,131,206
3385,0.00937453517604682,44,31,13,28,110,128
3386,0.028041594774712256,45,28,13,31,152,260
3387,0.020008017215296048,42,30,12,28,135,188
3388,0.00982938416495547,43,29,14,31,121,154
3389,0.013938420466651346,44,31,10,25,156,328
3390,0.03201727291211891,44,24,16,38,124,172
3391,0.017105373572676073,45,29,15,32,142,172
3392,0.018596016375337022,46,31,11,26,147,232
3393,0.011210852576192247,43,28,15,33,124,170
3394,0.01816139390262977,44,29,14,31,152,182
3395,0.017502670663112,45,32,10,24,115,196
3396,0.014323444520114845,45,27,13,32,115,178
3397,0.01983913732543962,44,27,12,31,142,256
3398,0.017538912647286197,44,33,11,24,74,92
3399,0.01008643277091615,46,29,14,31,138,174
3400,0.013066174561104787,44,29,15,32,136,160
3401,0.015648660483198705,44,30,11,27,103,178
3402,0.018979115435761522,44,29,14,31,123,148
3403,0.011055135234701974,44,26,12,32,127,214
3404,0.01401497784827864,45,31,12,27,118,142
3405,0.0076673112232887725,45,32,13,27,102,126
3406,0.029039166672426814,45,31,12,27,117,162
3407,0.008995649560572708,46,31,15,30,154,154
3408,0.01694158067520931,46,26,15,35,143,206
3409,0.013148489500966924,46,36,8,18,76,106
3410,0.01977313001700009,44,27,13,32,96,162
3411,0.028513464874591152,41,25,12,33,135,308
3412,0.01163188555206586,46,32,12,26,117,132
3413,0.014569484748354074,45,31,11,26,153,240
3414,0.026427459951784794,44,27,13,32,168,262
3415,0.016922629780975987,46,31,12,27,98,128
3416,0.022135301481213926,44,29,11,28,102,180
3417,0.018272426968341582,43,27,12,31,131,208
3418,0.032758463938837634,43,29,10,27,98,206
3419,0.015199021275964897,45,36,9,19,114,144
3420,0.013429165258686024,43,30,11,27,117,238
3421,0.017663709099305758,45,28,11,29,159,318
3422,0.01844467956582524,41,30,11,27,79,130
3423,0.011814611469637044,46,29,13,30,154,304
3424,0.013788149565934646,44,33,12,25,111,120
3425,0.013883734067708393,46,29,13,30,138,198
3426,0.025638821691920582,43,30,13,29,141,186
3427,0.013927213271296954,46,29,12,29,172,312
3428,0.012638559822343257,46,27,12,31,128,230
3429,0.023249840849836223,43,27,14,33,133,192
3430,0.026655872613899415,45,29,11,28,121,220
3431,0.016177127292194907,42,30,14,30,119,152
3432,0.024447499398333135,45,29,9,26,125,268
3433,0.019287910529151686,43,30,12,28,117,164
3434,0.009785020416632453,44,34,11,23,87,96
3435,0.01401809376811769,43,30,14,30,124,160
3436,0.016026878739802075,45,27,14,33,131,188
3437,0.02192002819011702,45,28,12,30,145,238
3438,0.015026960416650768,45,28,9,27,132,426
3439,0.019024454776516563,45,27,10,29,97,206
3440,0.023249840849836223,46,29,13,30,129,162
3441,0.005890680926414742,44,27,11,30,111,228
3442,0.015579547478912305,44,33,10,23,100,152
3443,0.015317115317104214,44,31,9,24,107,162
3444,0.013025679718531503,45,26,14,34,179,326
3445,0.01793698066188655,43,29,13,30,103,136
3446,0.025308449166944254,44,25,15,36,149,216
3447,0.022008066990891202,44,32,10,24,137,226
3448,0.010643395079127566,43,31,14,29,140,164
3449,0.01785063036639828,43,28,13,31,124,188
3450,0.01578308475168344,44,31,11,26,105,168
3451,0.011017109421073631,45,31,10,25,135,248
3452,0.02466267073260331,44,32,13,27,130,148
3453,0.02920829375134857,45,27,12,31,132,288
3454,0.016277265643179037,44,29,13,30,139,232
3455,0.019468442631536773,44,33,11,24,108,132
3456,0.014488324032932792,43,33,9,22,102,156
3457,0.011969521538379012,45,28,14,32,120,156
3458,0.027283726103426283,44,30,15,31,124,130
3459,0.005182975549748711,44,27,14,33,163,256
3460,0.011391654548324123,45,29,13,30,114,168
3461,0.017262289090395996,45,31,11,26,106,140
3462,0.0174145296480338,44,31,11,26,107,154
3463,0.013934149366984672,45,31,10,25,101,170
3464,0.017132045535206322,44,30,12,28,98,156
3465,0.024483970075785504,43,28,14,32,153,206
3466,0.01243283813561083,46,31,11,26,103,148
3467,0.014561984528764983,45,34,11,23,100,112
3468,0.02335987432861475,45,29,11,28,84,150
3469,0.006214129249144704,42,31,13,28,135,144
3470,0.006345907228870018,43,28,13,31,114,160
3471,0.02080965511512984,44,30,13,29,133,190
3472,0.014630789473075945,45,31,11,26,87,132
3473,0.02900326177916393,45,29,14,31,143,218
3474,0.02525907904854722,45,28,13,31,155,238
3475,0.011259133361423687,43,31,12,27,99,132
3476,0.018520696217202613,45,32,14,28,120,120
3477,0.02080345579421286,43,31,11,26,114,180
3478,0.01960232438746351,44,31,10,25,99,150
3479,0.017476249684733287,44,29,10,27,139,268
3480,0.012520837786695369,43,30,12,28,126,168
3481,0.02261063590166306,41,28,13,31,119,182
3482,0.015574910046653782,41,30,12,28,81,116
3483,0.015398930007687089,42,29,13,30,124,158
3484,0.025162151645156908,44,28,13,31,146,240
3485,0.020825278366024536,44,29,13,30,123,186
3486,0.012851768544750286,45,28,10,28,124,322
3487,0.0184624969002039,44,32,12,26,100,118
3488,0.022508040589314854,46,26,14,34,184,332
3489,0.020735314882745177,46,31,12,27,133,184
3490,0.022477472942449096,44,28,12,30,97,146
3491,0.014860647107393595,44,32,11,25,83,110
3492,0.023506085966236122,46,28,15,33,129,156
3493,0.023472762460162187,44,30,12,28,126,192
3494,0.012816233534040808,44,32,11,25,106,158
3495,0.019842753121286125,45,29,11,28,128,268
3496,0.015610443126514884,43,30,10,26,108,200
3497,0.013425196611398103,44,27,13,32,150,212
3498,0.012778744469734208,44,29,12,29,108,168
3499,0.011794642433035879,45,31,10,25,131,218
3500,0.01838265446018019,42,28,11,29,110,190
3501,0.017262289090395996,45,30,10,26,87,156
3502,0.010708955498835777,45,27,13,32,108,168
3503,0.021844980485816734,45,29,12,29,122,182
3504,0.015971130447344918,44,33,10,23,108,168
3505,0.016049793162583356,42,29,10,27,72,148
3506,0.01580705958397437,46,29,12,29,134,218
3507,0.018675252206673036,46,27,12,31,115,202
3508,0.01907815018773032,45,27,13,32,163,256
3509,0.01148089526937663,44,28,13,31,162,240
3510,0.01372580104421392,43,31,10,25,96,150
3511,0.02064802325867482,43,34,9,21,91,130
3512,0.012082712334047355,41,30,12,28,95,128
3513,0.025462244640837746,45,29,11,28,112,194
3514,0.013020755375773213,45,27,14,33,164,248
3515,0.010245445005326231,41,28,14,32,102,126
3516,0.01760958985957467,45,26,11,31,138,260
3517,0.009510415952974742,43,35,10,21,77,86
3518,0.021133054181955963,45,28,11,29,122,214
3519,0.014063747964977669,45,29,11,28,114,170
3520,0.006883771494000976,46,26,14,34,145,214
3521,0.012002620609416169,44,30,12,28,134,176
3522,0.014896697703195821,44,34,11,23,92,104
3523,0.01793698066188655,45,29,12,29,127,172
3524,0.024033038949651503,43,27,12,31,139,238
3525,0.01907815018773032,43,29,13,30,119,156
3526,0.02612878446514867,44,30,14,30,128,160
3527,0.009542026334011938,46,30,14,30,112,130
3528,0.016983087765637436,45,32,11,25,90,128
3529,0.01253664985631947,45,26,13,33,135,234
3530,0.011336650790889885,45,26,13,33,147,260
3531,0.02164779248721503,45,29,14,31,117,138
3532,0.00872887087780128,42,27,16,35,140,182
3533,0.026690187159740014,42,31,9,24,80,132
3534,0.010462631448695844,45,32,12,26,108,120
3535,0.017704265912002148,42,28,12,30,131,222
3536,0.01586121136108315,42,28,12,30,145,238
3537,0.02164779248721503,43,31,11,26,102,168
3538,0.009423540838728525,44,28,11,29,134,292
3539,0.02164779248721503,45,27,10,29,185,398
3540,0.018945318319669745,41,25,12,33,124,262
3541,0.019766761589117478,43,33,10,23,56,78
3542,0.021844980485816734,42,25,16,37,149,218
3543,0.016479774736981583,44,31,14,29,104,116
3544,0.023061807704184617,41,26,13,33,121,224
3545,0.022829585865061827,41,26,15,35,143,188
3546,0.02219416996902805,42,30,14,30,114,122
3547,0.009586481383675328,43,30,12,28,81,114
3548,0.014422881681668755,42,31,12,27,78,96
3549,0.01245575543167883,45,26,13,33,163,284
3550,0.028544072104164847,42,30,13,29,96,134
3551,0.016389718695735495,43,31,12,27,105,144
3552,0.020548136952210944,42,33,11,24,84,102
3553,0.013522060066607257,44,29,12,29,91,142
3554,0.012621726684895432,44,29,8,25,80,192
3555,0.01580274674376419,45,31,10,25,80,128
3556,0.012137978451120558,44,27,14,33,158,250
3557,0.011636306030346433,43,32,12,26,108,132
3558,0.01671674619621133,43,32,10,24,85,130
3559,0.01621690668885846,44,29,13,30,122,182
3560,0.02576752628499597,46,30,11,27,110,190
3561,0.018944236506373363,45,28,12,30,102,176
3562,0.021909275437067152,44,34,10,22,111,126
3563,0.018184920249364512,44,29,14,31,125,152
3564,0.018983272493012335,44,29,13,30,185,284
3565,0.017663712622996444,46,31,12,27,130,174
3566,0.011733564864294069,44,26,16,36,183,264
3567,0.015507635414099455,42,28,11,29,142,244
3568,0.007275190234211332,45,29,12,29,121,262
3569,0.009852518950759288,44,29,12,29,146,256
3570,0.01248732382313612,44,27,12,31,102,176
3571,0.023126649774806496,42,29,12,29,119,178
3572,0.004547420175013209,44,30,13,29,142,172
3573,0.016053427827047773,45,30,11,27,134,218
3574,0.020126794174014216,44,28,12,30,152,282
3575,0.009615772192997956,44,26,14,34,130,206
3576,0.01621690668885846,43,30,10,26,122,214
3577,0.01603808132435869,42,31,13,28,133,154
3578,0.02583978545499164,43,31,12,27,113,138
3579,0.016779314962010503,42,30,10,26,119,182
3580,0.0158792506483885,45,32,10,24,95,140
3581,0.018618707777116605,43,31,13,28,96,114
3582,0.021672476142281745,41,27,13,32,107,180
3583,0.01290408446110071,44,32,11,25,108,162
3584,0.010462631448695844,45,30,13,29,125,170
3585,0.011336650790889885,43,30,10,26,61,106
3586,0.01795002977308369,42,29,12,29,102,164
3587,0.017132045535206322,45,31,10,25,111,194
3588,0.014323444520114845,43,31,10,25,89,146
3589,0.01754925429596077,45,29,13,30,142,254
3590,0.010119757413648338,43,28,13,31,152,304
3591,0.010304592230775012,44,30,11,27,104,184
3592,0.021998816752947355,45,31,10,25,117,298
3593,0.013180463043731994,43,30,14,30,134,146
3594,0.013205498539321014,43,30,13,29,140,188
3595,0.010489339005522843,42,26,15,35,142,208
3596,0.01528304317067361,45,28,12,30,106,196
3597,0.013973051012253712,43,29,12,29,100,196
3598,0.023490149830840523,46,32,13,27,107,116
3599,0.023915461467327537,44,28,15,33,133,158
3600,0.013361518820338786,44,29,15,32,127,142
3601,0.011258233038658153,45,29,14,31,145,196
3602,0.03256425409641153,45,28,13,31,124,170
3603,0.01688804026081954,44,30,8,24,72,174
3604,0.012879600894987561,42,28,12,30,138,240
3605,0.01817021963906315,44,29,12,29,128,232
3606,0.015333623075313461,44,28,14,32,136,194
3607,0.013883236779433317,43,34,9,21,89,122
3608,0.011862826582419675,45,27,14,33,111,170
3609,0.015467290063504682,45,34,11,23,122,152
3610,0.028533818495767235,45,25,12,33,184,542
3611,0.017949387732741795,43,32,11,25,72,94
3612,0.009263659649031378,43,29,15,32,137,164
3613,0.006903169711109339,43,28,13,31,181,286
3614,0.012320669858991145,44,29,13,30,131,186
3615,0.014553672595717063,43,29,13,30,146,218
3616,0.008909258529464517,46,30,14,30,153,174
3617,0.01322771642594392,45,29,11,28,123,250
3618,0.019614121161610945,43,30,13,29,107,140
3619,0.004905802945372989,43,28,12,30,130,248
3620,0.018024819588161906,44,31,14,29,114,126
3621,0.012893543564356687,42,28,15,33,114,144
3622,0.014712451050559308,43,24,16,38,133,226
3623,0.014488324032932792,41,30,13,29,107,134
3624,0.013479263253756639,37,26,12,32,99,168
3625,0.013682452710228006,42,27,15,34,100,136
3626,0.025111993093031436,45,28,13,31,149,224
3627,0.022651141299634258,46,27,15,34,171,240
3628,0.017864261381406267,42,27,11,30,96,178
3629,0.029600105131795833,44,28,13,31,143,208
3630,0.013518885085911161,45,28,13,31,113,168
3631,0.013320249477716248,42,28,12,30,125,228
3632,0.013025679718531503,44,34,10,22,101,140
3633,0.021835646447614557,46,27,14,33,103,146
3634,0.011753002508646831,45,28,12,30,90,142
3635,0.02070833715953771,45,28,11,29,108,174
3636,0.011233184621297292,45,28,12,30,163,318
3637,0.020127097118154025,42,26,13,33,102,214
3638,0.014611338285645155,43,31,13,28,106,118
3639,0.013314875102719032,43,28,12,30,123,198
3640,0.009995657538173879,42,27,11,30,107,240
3641,0.01470196530243087,43,30,12,28,132,200
3642,0.01697717279616899,46,27,12,31,131,214
3643,0.013180580704432197,44,30,10,26,98,172
3644,0.013253524719787108,45,30,9,25,124,232
3645,0.018209374820994405,44,31,10,25,92,154
3646,0.02601192239033944,43,28,13,31,117,202
3647,0.016477215012632853,44,28,11,29,95,180
3648,0.028655522270351064,45,30,9,25,79,154
3649,0.012304533842033075,45,30,11,27,126,204
3650,0.013472093728651269,45,30,12,28,152,274
3651,0.009754552327178811,44,29,11,28,99,176
3652,0.012282164958563865,44,29,11,28,158,274
3653,0.015224625609291949,44,29,12,29,166,262
3654,0.014406721348389898,40,32,10,24,68,98
3655,0.009102134768095474,42,29,9,26,89,182
3656,0.01582607185238621,46,32,11,25,92,128
3657,0.00937453517604682,45,31,11,26,125,182
3658,0.009202179774393263,46,30,13,29,139,184
3659,0.013868844997472665,45,31,12,27,105,138
3660,0.016335826589418415,45,27,13,32,105,164
3661,0.015591054865190426,46,30,13,29,114,144
3662,0.007817850578576847,44,29,11,28,145,244
3663,0.012503441176940196,45,30,12,28,141,262
3664,0.021791487965765993,44,29,12,29,110,164
3665,0.027995200378897633,42,32,8,22,88,220
3666,0.020726286816904207,44,28,13,31,103,180
3667,0.018142446678312343,45,27,13,32,162,284
3668,0.015591411110560414,45,28,11,29,130,270
3669,0.011258233038658153,45,30,14,30,159,198
3670,0.01833578425242716,44,29,12,29,121,228
3671,0.02614550764895856,44,26,13,33,147,256
3672,0.014800839292519713,44,33,9,22,107,214
3673,0.01762042171913302,43,27,13,32,122,180
3674,0.011903584219141755,46,32,10,24,135,216
3675,0.01110847539761874,44,31,10,25,131,262
3676,0.020802774212099865,42,29,14,31,122,166
3677,0.00610089259494051,42,28,11,29,130,220
3678,0.01401809376811769,45,28,17,35,157,166
3679,0.023996867461130174,43,31,11,26,109,160
3680,0.01661778901349406,44,27,13,32,136,214
3681,0.017809238626725715,44,30,14,30,138,168
3682,0.00937453517604682,43,27,15,34,133,184
3683,0.021760845610203514,41,31,11,26,96,120
3684,0.020524271934959835,44,29,12,29,116,182
3685,0.01253664985631947,41,27,12,31,119,190
3686,0.026347448467603576,45,31,9,24,98,236
3687,0.01902460192375846,44,26,11,31,131,262
3688,0.012580671442578545,43,28,12,30,129,200
3689,0.01596169494022959,44,31,13,28,137,182
3690,0.02303262168040815,45,29,13,30,102,138
3691,0.029463374803670117,44,29,14,31,168,204
3692,0.017132045535206322,45,31,10,25,80,134
3693,0.011475144067234842,44,25,14,35,151,302
3694,0.019425745221084763,43,28,17,35,133,136
3695,0.015431957628361095,45,33,13,26,140,140
3696,0.019849184064072614,46,30,14,30,99,120
3697,0.02884198814403775,41,29,11,28,104,180
3698,0.010948176270157817,45,27,13,32,129,214
3699,0.014148468468429976,46,33,8,21,85,126
3700,0.021760845610203514,44,29,15,32,152,194
3701,0.011753002508646831,43,31,10,25,95,170
3702,0.02323095811797938,42,29,12,29,119,164
3703,0.009775365530774544,46,30,11,27,147,260
3704,0.012701559777717447,43,28,14,32,121,160
3705,0.014701530477174998,45,29,11,28,110,168
3706,0.01838653178578642,44,30,11,27,112,200
3707,0.016114519363343974,45,31,10,25,114,198
3708,0.01213711508692163,46,27,13,32,172,314
3709,0.009524041295728682,43,30,13,29,131,152
3710,0.01238182167064902,44,31,10,25,134,234
3711,0.03008356519376265,43,28,13,31,147,276
3712,0.01618592160984461,43,29,12,29,128,212
3713,0.011291724734949705,46,30,13,29,154,214
3714,0.01818957890053679,44,28,14,32,152,202
3715,0.0182314054563172,45,29,15,32,156,174
3716,0.007571629621049444,46,31,9,24,128,222
3717,0.01871562091928797,46,30,11,27,95,146
3718,0.01114055784547302,42,29,13,30,136,178
3719,0.018900498968494106,41,28,12,30,115,210
3720,0.017540488337116182,45,30,13,29,130,160
3721,0.011482155795801419,42,27,13,32,143,212
3722,0.019994579972826915,45,30,11,27,126,186
3723,0.02285837885679104,45,29,12,29,145,222
3724,0.015025995469722164,45,29,13,30,97,134
3725,0.013187852732996143,46,32,13,27,97,106
3726,0.018212710875563264,46,28,14,32,119,158
3727,0.010153326071622518,44,28,13,31,100,154
3728,0.007044003055866638,46,27,12,31,140,274
3729,0.010716168992814148,44,29,13,30,131,170
3730,0.01253664985631947,45,30,12,28,138,192
3731,0.01896170498571719,46,27,13,32,120,188
3732,0.015756457082165835,44,27,13,32,148,276
3733,0.02450938968464106,42,28,12,30,114,192
3734,0.012282164958563865,45,29,14,31,161,230
3735,0.015002110952618893,44,23,14,37,153,274
3736,0.018823781026796632,44,30,12,28,125,176
3737,0.017113699373024288,41,26,15,35,173,262
3738,0.01458520188608578,44,30,10,26,97,164
3739,0.01957486101669429,44,27,14,33,141,228
3740,0.01671674619621133,42,26,13,33,126,240
3741,0.014002844217252834,44,30,11,27,128,252
3742,0.015550026292777637,42,29,13,30,124,178
3743,0.02368966570770263,44,28,12,30,183,306
3744,0.019754773816761613,45,32,10,24,80,116
3745,0.020552417599967086,42,27,12,31,113,182
3746,0.019874404252251208,44,28,12,30,157,244
3747,0.015198192745820328,45,27,13,32,141,338
3748,0.012234734561321143,46,31,12,27,105,132
3749,0.02219537053499883,45,26,14,34,117,182
3750,0.015198150612467296,42,30,8,24,71,142
3751,0.013281998510632075,45,29,12,29,117,208
3752,0.013028774710560902,45,31,12,27,124,154
3753,0.020611884297629675,46,29,14,31,158,224
3754,0.014526585050899678,44,30,13,29,108,130
3755,0.0179582785014187,42,29,13,30,159,228
3756,0.022105797849939525,46,32,12,26,102,138
3757,0.006993178699780854,46,29,12,29,163,316
3758,0.015967243523393855,44,28,14,32,133,184
3759,0.012092889174250422,44,30,13,29,133,178
3760,0.014122553153861413,46,29,13,30,137,188
3761,0.021066014313382675,46,29,13,30,140,176
3762,0.01725647241898931,45,31,13,28,110,140
3763,0.022738235598934217,45,27,13,32,146,242
3764,0.01797997483013541,42,30,12,28,98,150
3765,0.015940981113838716,42,28,14,32,112,154
3766,0.016402913151970677,45,31,12,27,122,164
3767,0.018259970752473438,44,29,11,28,134,206
3768,0.016162608473582078,45,31,13,28,108,120
3769,0.015057693185351172,46,33,9,22,118,190
3770,0.018404670206187634,42,29,13,30,95,152
3771,0.016939232095705557,42,31,12,27,122,142
3772,0.012381769382639941,45,30,13,29,121,154
3773,0.012867987774174847,46,29,14,31,139,184
3774,0.015842440426098895,44,29,9,26,83,172
3775,0.014979295672740863,44,33,8,21,79,136
3776,0.015199021275964897,46,33,10,23,95,136
3777,0.013124032896087639,44,30,12,28,120,174
3778,0.013921869037566273,42,27,13,32,145,294
3779,0.011247878526509561,43,30,12,28,128,168
3780,0.027216406244836955,43,27,13,32,133,228
3781,0.015433852960281047,44,30,13,29,105,152
3782,0.011833157238957615,45,29,14,31,111,144
3783,0.018983272493012335,42,28,12,30,115,182
3784,0.007208065370452002,41,29,8,25,114,238
3785,0.0163337910880387,42,31,13,28,124,160
3786,0.016049793162583356,45,30,14,30,103,118
3787,0.016919807754830374,45,27,13,32,151,276
3788,0.01203635600272742,43,27,15,34,143,206
3789,0.02254494136992749,44,28,13,31,169,366
3790,0.01177820673092008,41,31,11,26,83,138
3791,0.012369548770195037,44,31,11,26,100,142
3792,0.01764045139296698,45,26,14,34,150,240
3793,0.014248350240007257,45,31,13,28,120,138
3794,0.014194641120602064,43,30,13,29,120,162
3795,0.015760287080540482,45,31,10,25,105,160
3796,0.013488091928843093,42,30,12,28,99,138
3797,0.009617042479902554,44,28,16,34,176,240
3798,0.014018533610642314,42,32,10,24,87,138
3799,0.008219539242989543,42,27,12,31,143,244
3800,0.011798331411373517,42,30,12,28,135,182
3801,0.016389718695735495,43,27,14,33,121,180
3802,0.010173552125506937,44,33,9,22,101,200
3803,0.016558695090001185,43,28,14,32,143,218
3804,0.014436059533663156,45,32,11,25,79,112
3805,0.01762966568482139,44,29,13,30,136,202
3806,0.014604533936830158,42,30,10,26,90,166
3807,0.01957172170235918,46,28,15,33,149,218
3808,0.016238559433361388,45,30,13,29,127,160
3809,0.011900548204169442,43,30,12,28,96,126
3810,0.013868844997472665,46,30,12,28,148,220
3811,0.016355558253734845,45,29,12,29,128,188
3812,0.014100780683164876,44,30,12,28,106,154
3813,0.01844467956582524,43,29,12,29,116,200
3814,0.012111178076403578,41,32,10,24,64,90
3815,0.0367802206522797,44,31,10,25,95,174
3816,0.010677180963967706,45,29,13,30,124,180
3817,0.017266790018538543,42,28,13,31,139,202
3818,0.02032959240375518,46,25,14,35,170,260
3819,0.021028749908556625,46,27,15,34,155,194
3820,0.013875715621079268,46,28,11,29,121,202
3821,0.015165481813064562,44,30,13,29,138,192
3822,0.022772007945261796,45,31,12,27,124,178
3823,0.014510409363777788,44,27,15,34,147,222
3824,0.021666171089984282,45,29,13,30,148,214
3825,0.020267105257353576,43,30,12,28,133,214
3826,0.007078007455419741,44,31,9,24,93,196
3827,0.0104008071621642,44,26,14,34,155,228
3828,0.018405504942707963,43,31,11,26,114,168
3829,0.012172530302709858,46,31,13,28,127,148
3830,0.01801044026503676,45,28,11,29,117,204
3831,0.013299992133277865,42,30,12,28,86,106
3832,0.009310512038934002,45,28,10,28,154,350
3833,0.01096539458568871,45,29,11,28,118,202
3834,0.019287910529151686,44,30,13,29,86,110
3835,0.020977123535257824,44,28,11,29,87,150
3836,0.011391654548324123,45,31,7,22,121,320
3837,0.014189642875028944,44,30,12,28,106,148
3838,0.031888590278223425,44,26,14,34,131,210
3839,0.0118514097364842,45,27,13,32,134,218
3840,0.01698776953803858,45,28,11,29,136,240
3841,0.01274373247570211,43,30,13,29,119,152
3842,0.018746799993645417,44,33,10,23,86,114
3843,0.01607505488622943,45,26,13,33,130,274
3844,0.012337740129178015,45,32,10,24,96,156
3845,0.007237646291539154,45,29,13,30,136,190
3846,0.01857233203386084,44,25,13,34,162,310
3847,0.014499860036909805,45,28,12,30,120,194
3848,0.016504826376817758,46,30,11,27,106,180
3849,0.022060654282014994,46,28,11,29,138,234
3850,0.016206886055037686,45,29,14,31,144,180
3851,0.010498710233990155,42,28,15,33,109,136
3852,0.012705861680265447,44,31,10,25,114,180
3853,0.019361895653640895,43,28,15,33,136,172
3854,0.019361895653640895,43,30,13,29,150,168
3855,0.0118587396811244,46,29,13,30,154,214
3856,0.017030917066210068,42,31,11,26,92,136
3857,0.014164896758389351,46,26,14,34,165,276
3858,0.01915664147649665,43,33,11,24,108,148
3859,0.015572709139048055,46,27,14,33,161,242
3860,0.011257326261017192,45,27,15,34,153,192
3861,0.018714981865028516,42,31,11,26,109,170
3862,0.010488232115100735,45,29,14,31,183,264
3863,0.017262289090395996,45,29,11,28,97,166
3864,0.010915336226113577,45,28,12,30,123,196
3865,0.025648531497988528,45,29,16,33,163,172
3866,0.011650483131750537,45,29,13,30,116,158
3867,0.00937453517604682,44,30,11,27,130,226
3868,0.01832694889935918,45,32,11,25,140,206
3869,0.009809990090686532,45,28,11,29,179,354
3870,0.010304592230775012,43,28,13,31,109,154
3871,0.02858269065552169,44,29,12,29,154,250
3872,0.016698796155744496,42,34,10,22,72,96
3873,0.011361936467544693,46,25,13,34,124,220
3874,0.009568268746996681,46,27,14,33,182,308
3875,0.00600121607315568,46,26,16,36,151,208
3876,0.017184426060398633,45,31,11,26,106,160
3877,0.023944536809701572,43,33,11,24,82,100
3878,0.023039432934131125,45,32,12,26,89,110
3879,0.012009150485338401,46,29,13,30,122,182
3880,0.02933481417034227,45,29,14,31,132,162
3881,0.013701922163143553,43,30,14,30,135,198
3882,0.015190921085351798,44,30,14,30,128,176
3883,0.010245445005326231,45,31,9,24,99,174
3884,0.025051394256899874,45,27,11,30,117,220
3885,0.029000877370041117,45,31,13,28,128,158
3886,0.009263659649031378,44,29,10,27,121,250
3887,0.016150607379397067,46,29,14,31,132,168
3888,0.012778887342470159,45,31,14,29,147,180
3889,0.02382688951549801,41,30,12,28,70,100
3890,0.014837105337215686,46,30,11,27,118,184
3891,0.011509506600895478,44,31,15,30,114,114
3892,0.01566209203908698,44,31,10,25,99,144
3893,0.015199021275964897,43,28,12,30,93,156
3894,0.02096542905148835,45,27,14,33,158,236
3895,0.014248350240007257,43,33,11,24,126,206
3896,0.021760845610203514,45,28,13,31,173,294
3897,0.013649415368536998,45,28,15,33,157,202
3898,0.018095816633562085,44,30,12,28,107,158
3899,0.01635885897615385,42,31,10,25,100,172
3900,0.007798419798812503,43,26,11,31,140,282
3901,0.013658997653289168,44,30,14,30,144,180
3902,0.013461642329449415,42,27,12,31,150,286
3903,0.007798419798812503,43,29,13,30,139,190
3904,0.02041424530398661,45,27,12,31,163,342
3905,0.007097957403546157,44,28,14,32,131,170
3906,0.022157257390078122,43,27,16,35,180,234
3907,0.0063843703877993485,45,33,8,21,94,150
3908,0.012370946416322942,44,27,12,31,122,194
3909,0.015579372028621648,45,30,11,27,127,194
3910,0.019994579972826915,46,26,15,35,195,334
3911,0.014011614203439257,43,28,12,30,91,152
3912,0.021413605822836537,43,31,10,25,133,278
3913,0.02064802325867482,45,29,15,32,131,146
3914,0.02236733445152546,46,30,14,30,141,168
3915,0.01340840227568348,42,28,13,31,113,152
3916,0.018476764638473725,43,29,14,31,137,176
3917,0.016335552771324216,43,32,14,28,108,108
3918,0.01335610045990052,44,32,11,25,110,132
3919,0.010383094862185471,46,29,10,27,115,252
3920,0.026336968013325426,44,26,14,34,134,246
3921,0.01750422875376112,45,28,14,32,136,178
3922,0.019207601343513805,43,27,13,32,129,220
3923,0.009263659649031378,45,28,9,27,86,194
3924,0.024631655884446817,44,30,15,31,111,120
3925,0.0164624432817774,43,29,14,31,141,174
3926,0.014676060373918005,46,27,12,31,166,360
3927,0.021297388428271967,45,34,9,21,79,110
3928,0.018749529478188753,44,30,12,28,135,196
3929,0.018066545273610568,41,29,12,29,126,162
3930,0.01385350136881959,46,29,14,31,117,150
3931,0.01638357230569546,44,30,11,27,111,172
3932,0.022253224417531445,44,31,13,28,142,166
3933,0.007779200550463904,43,28,13,31,127,210
3934,0.01765265763790745,43,30,12,28,79,118
3935,0.019532468390162115,44,27,16,35,130,166
3936,0.020048205334872077,44,28,11,29,129,244
3937,0.018878547620936506,44,31,11,26,124,228
3938,0.01900598142350398,44,27,10,29,91,212
3939,0.017691395632890315,44,30,13,29,151,220
3940,0.025043760606307044,44,24,14,36,103,190
3941,0.019336198776333267,45,27,14,33,140,200
3942,0.010245445005326231,46,30,13,29,135,168
3943,0.017169240348834013,43,24,13,35,119,256
3944,0.02065319980424056,45,30,11,27,109,172
3945,0.018272426968341582,43,26,14,34,129,198
3946,0.02323285743663788,45,30,12,28,161,262
3947,0.018087327996583122,46,30,12,28,123,186
3948,0.014460041452766484,44,27,14,33,183,270
3949,0.014186536067943359,45,29,14,31,110,140
3950,0.02006707818852034,46,28,15,33,160,196
3951,0.01740815031494737,45,28,12,30,171,372
3952,0.016153845644135134,45,30,12,28,143,200
3953,0.012842089663679876,46,29,16,33,126,132
3954,0.017511267654330143,42,29,15,32,169,214
3955,0.016997892837523253,43,31,11,26,108,184
3956,0.013798027479194949,44,29,14,31,117,156
3957,0.006871270874034052,42,27,11,30,120,308
3958,0.019962358255220816,46,28,13,31,117,168
3959,0.012745719306917924,44,29,13,30,116,188
3960,0.018322029467150294,46,31,11,26,82,140
3961,0.016592092178371987,45,31,10,25,119,200
3962,0.017184426060398633,45,28,11,29,126,248
3963,0.026489592162201273,44,31,12,27,117,156
3964,0.01621690668885846,45,30,12,28,156,218
3965,0.009656570183967435,45,27,14,33,177,286
3966,0.021087083358364858,43,27,15,34,158,216
3967,0.01628495816743788,42,29,14,31,94,112
3968,0.013234018879906988,43,31,11,26,117,162
3969,0.026543004840772072,44,26,12,32,92,168
3970,0.009237968329439926,46,27,11,30,133,238
3971,0.029734953136914762,45,28,11,29,167,322
3972,0.013314934648694363,44,26,13,33,148,244
3973,0.01013204150753283,45,30,12,28,120,192
3974,0.015373836075684263,46,30,13,29,121,160
3975,0.011574600611476797,42,27,13,32,110,176
3976,0.013415940037762964,44,31,13,28,123,150
3977,0.017324733791082653,44,25,13,34,114,204
3978,0.019450048733380732,44,28,15,33,157,202
3979,0.025351524279290466,46,30,12,28,112,160
3980,0.019774244009844857,44,32,11,25,118,154
3981,0.019960816217128925,43,26,13,33,145,242
3982,0.02186218890618878,45,30,10,26,83,146
3983,0.022194754670542577,45,28,15,33,144,188
3984,0.019586676520528805,43,27,10,29,117,270
3985,0.016038335951192723,42,32,11,25,83,104
3986,0.019074484066645213,42,31,14,29,100,106
3987,0.008733105474017205,44,27,14,33,118,162
3988,0.01607505488622943,46,30,14,30,121,142
3989,0.017365088302118775,44,29,14,31,135,180
3990,0.010871716675337928,45,32,9,23,83,150
3991,0.013924728046952585,44,29,14,31,138,160
3992,0.016373390814803622,45,32,11,25,104,126
3993,0.011008565649672966,44,28,13,31,103,160
3994,0.01718162690263026,44,29,13,30,88,132
3995,0.023704254599242094,43,32,10,24,93,146
3996,0.011838670758893555,44,29,13,30,117,176
3997,0.025439136763105615,45,26,13,33,197,356
3998,0.013555390193135047,42,31,12,27,78,96
3999,0.026347448467603576,43,29,13,30,148,220
4000,0.014513707809249456,40,30,11,27,67,94
4001,0.029439693359482277,45,27,13,32,140,200
4002,0.012277262453927656,42,29,14,31,92,116
4003,0.024169577568280365,44,31,12,27,89,130
4004,0.0071769183790077115,45,31,13,28,141,168
4005,0.01215596866435234,42,31,12,27,129,174
4006,0.022153945075593623,45,26,13,33,165,364
4007,0.016498983447172003,43,32,11,25,63,82
4008,0.014973930333700237,43,27,13,32,127,192
4009,0.02661852257746964,42,29,12,29,122,194
4010,0.007571629621049444,45,31,12,27,105,138
4011,0.012741948102890734,45,29,13,30,142,214
4012,0.007884738336876362,45,30,13,29,152,206
4013,0.01429865398599894,44,32,10,24,66,94
4014,0.013711640891858612,44,33,11,24,108,132
4015,0.019688293242443276,40,29,13,30,101,128
4016,0.018439145387745996,44,31,10,25,101,152
4017,0.022077621709385105,45,30,13,29,98,138
4018,0.01328817359307385,46,28,14,32,115,160
4019,0.014186536067943359,46,26,12,32,122,240
4020,0.014866177167933328,45,30,11,27,136,226
4021,0.013693865041691913,44,29,15,32,130,148
4022,0.013953287117603796,44,31,13,28,128,176
4023,0.018749816731460547,42,29,10,27,92,168
4024,0.00923795596935681,45,30,15,31,125,134
4025,0.011503312365991149,44,28,12,30,136,202
4026,0.018536431244273635,44,31,10,25,85,126
4027,0.011751840359411701,45,33,11,24,88,106
4028,0.02049481566411772,45,29,11,28,92,150
4029,0.014611338285645155,45,30,12,28,126,196
4030,0.01712967252638791,44,30,12,28,136,208
4031,0.012172530302709858,45,31,10,25,139,258
4032,0.014712451050559308,45,29,13,30,163,244
4033,0.020670789685024813,46,29,12,29,99,148
4034,0.016983087765637436,45,31,10,25,90,158
4035,0.01458520188608578,42,30,15,31,117,126
4036,0.022212459514957747,44,32,12,26,80,98
4037,0.012101083413028554,45,29,12,29,102,158
4038,0.009877018942954285,42,30,12,28,110,140
4039,0.011875034852615603,44,31,12,27,91,124
4040,0.015204816114149228,43,31,12,27,99,144
4041,0.015308832147723397,43,30,10,26,93,170
4042,0.013990998326660932,43,33,10,23,76,100
4043,0.019542838220268782,45,33,12,25,110,140
4044,0.012532988752480795,45,28,12,30,102,198
4045,0.021754780323266852,45,30,13,29,132,156
4046,0.019169547804904243,45,27,14,33,138,238
4047,0.01687917366573055,44,26,15,35,142,202
4048,0.017992925893718467,44,32,12,26,94,126
4049,0.014488324032932792,43,27,12,31,172,412
4050,0.023789804539822636,44,28,11,29,132,248
4051,0.013598136490593167,46,27,14,33,137,200
4052,0.00748020061993078,46,25,15,36,134,194
4053,0.022914774130855346,44,29,12,29,137,218
4054,0.02223964069427302,45,29,12,29,102,168
4055,0.018066545273610568,45,31,10,25,100,152
4056,0.02144666526404975,46,27,12,31,135,234
4057,0.014087718351546666,46,28,13,31,150,234
4058,0.02053928386286185,45,30,12,28,115,160
4059,0.011391654548324123,43,32,11,25,101,134
4060,0.014402970832269504,44,30,14,30,122,140
4061,0.016891893215331057,42,26,14,34,109,202
4062,0.020583668590135287,45,34,12,24,108,108
4063,0.019050048232936784,44,32,10,24,116,192
4064,0.014769243417939108,44,29,10,27,138,264
4065,0.0067857792844670944,44,30,11,27,90,160
4066,0.014573594554171537,42,28,13,31,138,192
4067,0.01785063036639828,43,32,11,25,125,194
4068,0.02649803446481988,41,29,12,29,106,158
4069,0.017168363948140752,43,27,11,30,112,226
4070,0.021936674378300165,44,30,14,30,114,138
4071,0.0163337910880387,44,29,14,31,136,166
4072,0.015757071502485835,46,33,10,23,112,154
4073,0.017679667007107252,44,26,15,35,143,222
4074,0.010056088408212698,43,30,13,29,124,148
4075,0.008142507645781363,44,32,9,23,68,116
4076,0.02162661501619529,43,31,13,28,119,134
4077,0.01477759274675805,45,30,13,29,131,182
4078,0.017349332409207885,43,24,15,37,182,292
4079,0.010635263861756325,45,29,13,30,145,184
4080,0.018384415356747702,43,26,14,34,144,236
4081,0.009876773857123392,45,29,11,28,112,220
4082,0.013141985468400202,44,28,13,31,120,184
4083,0.008784506100652477,44,32,11,25,131,188
4084,0.008414862607484572,45,29,15,32,163,184
4085,0.015501597809739143,44,30,12,28,132,186
4086,0.016768789314867662,44,33,11,24,106,130
4087,0.009904316153805048,45,30,12,28,117,162
4088,0.01896606777251443,44,28,13,31,114,194
4089,0.015432256313421155,44,29,10,27,119,230
4090,0.016026878739802075,44,30,14,30,133,154
4091,0.011685316013529005,45,29,12,29,103,188
4092,0.015917147054612002,43,29,13,30,133,190
4093,0.017102852004964822,46,28,12,30,83,140
4094,0.015718585195514757,46,28,16,34,139,154
4095,0.01017841065835004,45,27,13,32,118,198
4096,0.012509276362126731,43,29,10,27,80,152
4097,0.021751995809333763,45,32,11,25,104,140
4098,0.012964485555459572,41,31,11,26,87,132
4099,0.019819574984999467,42,28,14,32,131,172
4100,0.010412582673787175,44,29,11,28,122,274
4101,0.00949399488976723,45,28,11,29,145,254
4102,0.014188746127692664,44,32,7,21,113,258
4103,0.015127063582874186,46,30,13,29,143,194
4104,0.007544740937339617,45,29,10,27,149,304
4105,0.021231449902949173,43,30,14,30,149,194
4106,0.024050804046467693,45,27,13,32,113,180
4107,0.02307316902118571,46,30,12,28,98,132
4108,0.024707875778509275,44,27,14,33,133,202
4109,0.010627609634519669,42,27,13,32,105,168
4110,0.01384626001783728,44,30,13,29,125,170
4111,0.015517093585312294,43,25,14,35,154,264
4112,0.02766159482300863,44,33,11,24,89,110
4113,0.011220846487839192,45,29,15,32,142,184
4114,0.015241600058779892,45,29,13,30,125,188
4115,0.014565899789991524,44,28,14,32,141,184
4116,0.01980057066062957,43,28,12,30,129,222
4117,0.01817021963906315,44,28,13,31,128,200
4118,0.013268605592358325,46,31,9,24,87,150
4119,0.01789327910195319,46,29,12,29,125,208
4120,0.003903392971329616,44,30,10,26,89,158
4121,0.017132045535206322,43,28,12,30,112,172
4122,0.014712451050559308,44,28,12,30,112,184
4123,0.03328877688588901,41,29,14,31,101,128
4124,0.013927483872132062,44,35,9,20,87,108
4125,0.022909956689669275,45,30,13,29,106,136
4126,0.011490845576448087,44,34,9,21,98,122
4127,0.00937453517604682,43,33,9,22,107,194
4128,0.01808864214471139,44,29,14,31,134,162
4129,0.014271236539151723,44,29,12,29,106,154
4130,0.008414862607484572,45,31,13,28,144,224
4131,0.009548393080002895,45,24,13,35,177,342
4132,0.015067795829680444,44,30,11,27,91,148
4133,0.0138503299507025,46,30,13,29,124,154
4134,0.01868854262147547,43,29,11,28,116,188
4135,0.015558638871052105,45,31,11,26,100,134
4136,0.011258233038658153,45,29,13,30,152,256
4137,0.02136892930294519,44,34,9,21,102,150
4138,0.030574826508267445,44,31,8,23,135,298
4139,0.02541036419517286,44,26,11,31,160,382
4140,0.021301688030478702,45,27,14,33,157,226
4141,0.015974297432662904,45,26,13,33,127,200
4142,0.03153569368248381,44,28,12,30,151,302
4143,0.018676453995704306,43,26,12,32,128,242
4144,0.013801591225290503,45,28,10,28,109,204
4145,0.010818549776825177,44,29,14,31,138,180
4146,0.015001080850895118,43,34,8,20,110,192
4147,0.02424486055833839,46,30,12,28,89,122
4148,0.014015873201997868,44,30,10,26,134,242
4149,0.015431957628361095,45,30,13,29,138,186
4150,0.010750026069353418,44,28,12,30,92,160
4151,0.005603994105286232,43,28,14,32,125,180
4152,0.018367756225615137,45,27,13,32,125,188
4153,0.011517087405016363,45,29,13,30,115,178
4154,0.005766341539634661,46,31,12,27,128,176
4155,0.015379182568630162,43,30,12,28,155,274
4156,0.009966403184549326,44,30,11,27,107,152
4157,0.011114329730810224,43,30,12,28,107,154
4158,0.015379182568630162,42,31,12,27,120,214
4159,0.016280453944299,43,31,10,25,80,140
4160,0.012578509354887715,46,30,12,28,112,154
4161,0.012304533842033075,45,29,13,30,133,194
4162,0.009809990090686532,45,32,12,26,119,146
4163,0.013180463043731994,45,27,14,33,145,202
4164,0.027480245140547477,45,26,12,32,185,356
4165,0.01770594417738125,44,29,12,29,144,214
4166,0.01478285931828676,46,31,12,27,137,206
4167,0.015507635414099455,45,31,11,26,114,150
4168,0.019813164302727723,46,31,14,29,154,166
4169,0.015241775023441428,43,28,16,34,158,174
4170,0.016049793162583356,43,31,11,26,121,160
4171,0.012093442341755821,45,29,13,30,153,268
4172,0.013106292995360695,43,32,13,27,150,180
4173,0.011391654548324123,45,27,12,31,122,214
4174,0.015974297432662904,43,27,15,34,132,212
4175,0.023856707703053766,44,31,12,27,99,120
4176,0.02070833715953771,45,32,10,24,73,112
4177,0.013428745394665355,45,29,12,29,139,230
4178,0.00937453517604682,44,29,12,29,114,156
4179,0.016026878739802075,43,29,13,30,115,160
4180,0.01573656453252195,44,28,13,31,121,186
4181,0.016484121421031395,42,32,12,26,74,98
4182,0.011259133361423687,46,32,10,24,119,170
4183,0.013855246312149946,46,28,12,30,152,254
4184,0.009164063011193588,42,31,11,26,75,114
4185,0.019912317425002074,44,29,12,29,145,238
4186,0.017162290193967967,44,31,13,28,111,132
4187,0.01470196530243087,41,30,10,26,132,236
4188,0.014251650940605716,44,29,12,29,105,172
4189,0.01785649602441983,42,30,13,29,100,130
4190,0.01846148010828848,44,31,12,27,82,112
4191,0.013470527870168711,44,27,11,30,121,334
4192,0.021039872570640897,41,30,12,28,104,170
4193,0.014047073245002185,46,31,11,26,83,120
4194,0.016049793162583356,43,28,11,29,88,166
4195,0.015883318270128663,42,32,10,24,70,100
4196,0.02368966570770263,45,30,10,26,97,172
4197,0.015379182568630162,43,27,12,31,145,272
4198,0.01299809424257714,45,28,12,30,126,206
4199,0.01277500957606936,46,32,9,23,93,164
4200,0.023423938540752406,44,26,15,35,186,288
4201,0.013930075058722118,45,30,12,28,116,184
4202,0.014548099338999195,44,24,14,36,162,310
4203,0.007648259500396583,44,29,11,28,140,286
4204,0.015196711061490523,43,33,10,23,99,150
4205,0.030752447356049633,42,32,10,24,112,166
4206,0.011816250690987566,43,31,13,28,105,120
4207,0.022562469673068374,44,26,13,33,105,168
4208,0.016049793162583356,43,32,11,25,124,172
4209,0.012604496180821337,44,28,13,31,152,222
4210,0.01760666107911732,45,26,15,35,121,178
4211,0.016280453944299,43,32,10,24,92,148
4212,0.013345599350029599,46,28,13,31,131,188
4213,0.02014449390532972,44,33,10,23,95,128
4214,0.013099394571268741,42,32,12,26,143,176
4215,0.01766591343593791,42,29,11,28,135,234
4216,0.018209978032178997,44,30,13,29,139,184
4217,0.01933031030556847,43,31,13,28,80,98
4218,0.016867999279855383,45,30,12,28,139,200
4219,0.01979743190270028,42,29,13,30,120,154
4220,0.019427809752470104,43,29,11,28,121,200
4221,0.01270451823257799,45,28,10,28,158,394
4222,0.01826278097439428,43,27,16,35,173,230
4223,0.010399041703595839,45,30,13,29,142,228
4224,0.010686935542362365,43,24,17,39,147,198
4225,0.0190804550247181,43,27,15,34,145,234
4226,0.015507635414099455,45,28,13,31,103,148
4227,0.017814576860854643,46,31,9,24,109,300
4228,0.01635517611851723,43,27,12,31,105,196
4229,0.013187808475020622,45,26,13,33,117,174
4230,0.01938378110686583,45,31,12,27,91,118
4231,0.013588258797938124,45,30,14,30,144,208
4232,0.011740827351476926,43,29,14,31,138,186
4233,0.0053341011477410355,43,30,13,29,137,206
4234,0.026781827935618643,40,28,11,29,131,270
4235,0.013701400985449246,43,30,13,29,148,190
4236,0.013035943872235285,44,32,11,25,79,106
4237,0.021976648244498583,44,32,12,26,74,98
4238,0.011585768024149325,45,30,13,29,128,170
4239,0.010047652096811271,44,29,11,28,112,186
4240,0.016987658780586178,42,31,10,25,103,144
4241,0.018983272493012335,46,32,12,26,123,144
4242,0.016066136300250243,45,31,11,26,119,172
4243,0.013415060704299625,43,29,12,29,109,172
4244,0.023601009339289627,44,31,12,27,137,158
4245,0.015119397516584088,43,32,11,25,102,126
4246,0.021463537020417076,42,25,12,33,115,298
4247,0.016049793162583356,44,27,13,32,127,176
4248,0.019497223394244773,46,29,15,32,126,144
4249,0.01311290533426053,42,29,11,28,121,218
4250,0.025170063610703387,46,30,11,27,118,208
4251,0.013010776142408101,43,30,14,30,116,134
4252,0.014690609903790688,46,27,15,34,180,252
4253,0.022239621367498325,41,27,15,34,118,148
4254,0.011864825464077716,43,30,14,30,140,182
4255,0.011451738010091372,44,28,11,29,110,218
4256,0.017600319693477307,45,28,13,31,163,252
4257,0.012701559777717447,45,28,12,30,163,286
4258,0.025528949363260896,45,32,8,22,100,190
4259,0.013317849568260431,41,26,14,34,115,180
4260,0.01666795984143768,44,28,11,29,114,218
4261,0.020021454457765167,45,31,11,26,98,152
4262,0.019408239489904125,43,30,12,28,126,186
4263,0.009931516938266896,45,32,11,25,100,130
4264,0.01342086927226524,43,30,12,28,116,164
4265,0.006315365077376983,41,28,13,31,148,190
4266,0.015366507547872183,44,30,11,27,107,164
4267,0.01885970985803543,45,30,12,28,140,218
4268,0.011336650790889885,45,29,11,28,149,250
4269,0.014226663409822822,44,32,10,24,113,176
4270,0.011650483131750537,44,31,11,26,107,170
4271,0.0062067832034538375,44,30,11,27,103,146
4272,0.028655522270351064,43,29,12,29,138,198
4273,0.016280453944299,45,31,12,27,117,144
4274,0.00954165246729479,44,31,13,28,121,142
4275,0.015924131883698383,40,25,12,33,113,220
4276,0.01907815018773032,45,28,12,30,160,296
4277,0.017490748657666873,45,28,11,29,132,264
4278,0.021947059995947413,44,29,13,30,153,222
4279,0.01073137147160828,42,30,11,27,106,166
4280,0.01261023517843457,45,30,12,28,134,232
4281,0.012358297004414001,42,29,14,31,126,146
4282,0.03146964088903517,45,27,15,34,137,182
4283,0.031093492846255545,42,27,10,29,110,214
4284,0.020310895334453204,44,30,13,29,95,140
4285,0.022357114423995857,45,29,12,29,118,178
4286,0.01423798484171835,44,26,11,31,137,268
4287,0.00875801906190378,44,25,15,36,123,198
4288,0.014246364035489366,46,31,9,24,101,170
4289,0.025043760606307044,46,28,12,30,141,258
4290,0.020658885777614322,44,32,12,26,134,176
4291,0.011398099438681811,44,30,11,27,160,254
4292,0.024826499674436116,44,30,12,28,126,192
4293,0.01848961501577133,45,28,10,28,92,156
4294,0.009793147235352233,42,28,11,29,124,196
4295,0.009131575593639342,45,30,11,27,104,200
4296,0.021679523798344105,46,29,10,27,119,216
4297,0.012541614083884638,42,32,10,24,97,138
4298,0.013105740371119091,44,29,12,29,107,170
4299,0.011208436432333588,44,32,12,26,132,174
4300,0.017160218333652943,45,31,11,26,102,156
4301,0.02827497013156155,43,33,9,22,65,110
4302,0.024514320044528047,46,30,11,27,147,222
4303,0.012849523940546184,44,30,11,27,157,250
4304,0.0158298459570885,43,27,13,32,109,172
4305,0.020021454457765167,44,28,14,32,123,174
4306,0.014182352218100505,45,32,11,25,107,152
4307,0.021772429554402034,44,29,12,29,164,260
4308,0.01566421840501356,44,33,10,23,105,146
4309,0.013894719246535951,43,31,11,26,101,154
4310,0.018209978032178997,42,33,9,22,74,134
4311,0.01017841065835004,45,30,14,30,146,182
4312,0.020429134094680158,46,31,12,27,92,136
4313,0.014712451050559308,45,28,11,29,117,192
4314,0.014559652675344474,46,29,11,28,139,278
4315,0.01589904636956093,43,30,11,27,82,130
4316,0.010230452611409924,45,31,11,26,109,160
4317,0.013231256209376582,45,31,9,24,107,222
4318,0.02488409989436203,45,27,14,33,166,230
4319,0.02806424866196955,43,25,15,36,159,252
4320,0.015901532933369038,44,34,8,20,104,204
4321,0.009669560866498186,43,29,12,29,135,244
4322,0.014693118319916345,44,33,11,24,102,120
4323,0.016488109462036493,44,28,12,30,138,222
4324,0.013678250413712088,40,26,14,34,116,178
4325,0.02273888902564332,43,28,12,30,119,194
4326,0.007798419798812503,42,28,14,32,147,210
4327,0.022316263150027715,45,26,16,36,153,192
4328,0.019372583011632222,45,31,12,27,116,164
4329,0.01659113890681961,45,30,12,28,109,142
4330,0.009319097412539099,43,29,12,29,115,188
4331,0.010086441841473719,45,30,13,29,128,158
4332,0.01482243134876288,46,32,12,26,112,136
4333,0.013815510472249437,43,31,13,28,99,114
4334,0.006817502482754784,46,26,14,34,152,240
4335,0.01876093172531023,45,31,11,26,114,174
4336,0.020021454457765167,46,30,11,27,117,174
4337,0.015507635414099455,41,26,14,34,168,258
4338,0.012350466838515192,44,31,10,25,101,172
4339,0.01888215280082319,40,30,12,28,87,114
4340,0.01136595327895874,42,25,14,35,132,210
4341,0.012550257847604315,43,31,8,23,89,158
4342,0.026440495238640276,42,30,10,26,101,170
4343,0.025937867909376692,46,31,10,25,102,186
4344,0.010757680906063636,44,31,13,28,116,152
4345,0.013020755375773213,45,28,11,29,105,198
4346,0.015533648889727157,43,29,15,32,145,166
4347,0.027154789612608587,42,31,12,27,98,126
4348,0.014920122103692951,45,27,11,30,100,184
4349,0.012524097248856551,45,29,16,33,132,144
4350,0.011114329730810224,46,31,12,27,122,144
4351,0.021273092709322525,44,29,13,30,114,182
4352,0.017955212107513843,45,27,13,32,159,232
4353,0.019460128795549106,45,31,10,25,126,238
4354,0.00937453517604682,45,32,10,24,95,134
4355,0.012456532929560338,45,32,13,27,118,124
4356,0.024505680597964236,43,30,13,29,122,170
4357,0.02081510731868333,39,26,13,33,178,278
4358,0.02708637833266877,45,29,12,29,138,230
4359,0.01401809376811769,45,29,13,30,153,204
4360,0.029139976743254484,43,29,13,30,113,158
4361,0.01752230478509645,45,34,9,21,87,132
4362,0.01085590515545344,45,29,11,28,146,236
4363,0.012132566437496602,44,32,9,23,118,274
4364,0.016270846983232008,45,28,12,30,138,246
4365,0.01387531362109673,45,26,10,30,140,290
4366,0.012659435712553735,45,27,15,34,163,216
4367,0.012211123078541275,45,31,11,26,122,170
4368,0.012838045945319732,45,31,10,25,107,176
4369,0.009595218669781455,43,31,10,25,103,186
4370,0.019074484066645213,46,30,9,25,76,154
4371,0.014537983099210602,46,32,14,28,134,134
4372,0.011839911702250502,46,27,11,30,147,280
4373,0.01362375490480662,44,26,14,34,110,176
4374,0.022435111094891512,44,28,13,31,178,382
4375,0.022112503146396817,45,33,13,26,120,120
4376,0.014701530477174998,44,27,12,31,146,264
4377,0.01470196530243087,43,27,11,30,167,364
4378,0.02015378119445913,42,27,14,33,128,206
4379,0.008503665376359403,44,31,11,26,97,136
4380,0.019878525641035608,45,30,15,31,142,154
4381,0.02334881530725924,42,31,11,26,93,140
4382,0.017132045535206322,44,29,11,28,103,172
4383,0.014186536067943359,45,26,13,33,152,254
4384,0.014814417916819811,42,28,14,32,115,142
4385,0.018312450751584657,44,29,12,29,117,198
4386,0.021998816752947355,45,31,13,28,142,166
4387,0.02370701828072795,44,33,9,22,101,162
4388,0.00666486683024041,45,27,14,33,128,188
4389,0.016248680316578723,45,26,13,33,142,226
4390,0.027852815347253833,43,25,13,34,155,298
4391,0.011327826367107174,44,30,10,26,97,172
4392,0.013002474967892245,46,33,8,21,112,278
4393,0.02191871990278976,44,27,13,32,125,174
4394,0.012370946416322942,45,30,11,27,123,192
4395,0.012033667668791367,44,30,14,30,122,140
4396,0.020079006820054632,42,28,11,29,103,162
4397,0.024570305915022288,44,28,12,30,100,196
4398,0.01808578739070045,46,27,11,30,116,250
4399,0.014690609903790688,43,31,14,29,142,154
4400,0.019842753121286125,43,30,13,29,99,126
4401,0.013322871659027714,46,29,12,29,119,170
4402,0.017503157309933605,43,34,12,24,98,98
4403,0.013293045184592636,44,28,13,31,131,238
4404,0.020008017215296048,45,32,12,26,111,126
4405,0.017560456740640017,43,30,13,29,130,184
4406,0.012282164958563865,45,33,9,22,91,136
4407,0.022532607532036106,44,32,12,26,121,136
4408,0.02639123456984202,43,30,10,26,77,142
4409,0.01876091495762723,45,32,9,23,102,306
4410,0.008032594857218397,43,32,9,23,79,140
4411,0.021716164030395925,46,31,10,25,85,156
4412,0.012838045945319732,44,35,9,20,89,104
4413,0.010089547744961867,43,30,11,27,119,188
4414,0.01191414681678506,44,30,9,25,129,266
4415,0.016205699375821156,45,30,9,25,130,288
4416,0.021760845610203514,45,28,12,30,126,228
4417,0.013403296890364048,42,31,12,27,87,108
4418,0.017942167374816957,43,31,12,27,96,124
4419,0.01616553340558561,46,31,11,26,97,142
4420,0.01724395569144721,45,28,11,29,107,188
4421,0.010948176270157817,43,24,12,34,120,252
4422,0.013871150084271977,41,28,14,32,111,140
4423,0.010986733010314643,45,30,13,29,124,162
4424,0.030785443774228108,46,27,14,33,124,186
4425,0.013934855757745994,44,30,13,29,147,204
4426,0.024672566659628876,44,32,12,26,94,112
4427,0.013224074855885525,43,28,12,30,109,182
4428,0.008733105474017205,44,26,16,36,148,196
4429,0.018691732648438167,45,31,10,25,115,198
4430,0.02359177407848613,45,29,11,28,100,190
4431,0.011753002508646831,45,27,16,35,164,194
4432,0.020682473148998435,44,32,12,26,126,214
4433,0.013574657641559483,44,33,9,22,83,134
4434,0.015435833717663102,44,31,10,25,104,212
4435,0.01155524864991056,44,32,12,26,135,174
4436,0.025230824548746332,44,27,10,29,121,284
4437,0.026026090486312138,43,27,13,32,144,220
4438,0.012644814608508359,43,28,14,32,137,168
4439,0.012362668268103477,43,31,11,26,106,166
4440,0.02164779248721503,45,30,12,28,129,204
4441,0.020906633484817243,45,26,14,34,130,208
4442,0.01688117571669641,45,33,10,23,90,120
4443,0.015507635414099455,45,29,13,30,110,160
4444,0.030181401859142615,43,27,12,31,164,368
4445,0.023116353779656373,43,32,8,22,60,126
4446,0.006630202028763833,45,28,12,30,100,166
4447,0.010498710233990155,45,27,11,30,146,290
4448,0.021957395342898575,44,30,13,29,122,152
4449,0.023045359802759593,46,30,10,26,74,136
4450,0.016064417596333425,45,29,13,30,143,212
4451,0.012080970077282066,45,30,12,28,140,202
4452,0.013868510905785107,45,28,10,28,131,220
4453,0.008882489162015915,44,27,15,34,138,194
4454,0.021844980485816734,44,28,14,32,132,186
4455,0.013767575616491251,45,27,16,35,117,138
4456,0.013693865041691913,43,30,12,28,132,174
4457,0.01794307087730744,44,31,10,25,101,170
4458,0.013558673315594218,46,32,11,25,109,136
4459,0.014604533936830158,44,32,12,26,87,108
4460,0.021772429554402034,44,29,11,28,107,176
4461,0.011114329730810224,45,29,14,31,121,166
4462,0.01927981168406817,45,28,12,30,139,252
4463,0.010996073251620962,43,28,10,28,108,232
4464,0.022517254441013407,45,28,11,29,146,246
4465,0.017730207020513332,44,26,13,33,145,266
4466,0.01253664985631947,45,29,10,27,114,220
4467,0.016891207844102942,44,34,10,22,92,116
4468,0.015922185658175745,46,31,12,27,127,192
4469,0.023754499738671726,41,28,12,30,107,214
4470,0.01215596866435234,45,28,11,29,147,276
4471,0.01590779757552268,45,31,11,26,121,184
4472,0.012838045945319732,45,29,13,30,112,170
4473,0.01710441311687523,44,32,11,25,94,124
4474,0.012937791265032632,42,29,14,31,146,216
4475,0.0204510682787084,46,29,16,33,142,148
4476,0.015778714288341406,44,31,13,28,121,142
4477,0.01649562693624764,44,25,16,37,134,182
4478,0.023916974866031268,45,31,13,28,130,160
4479,0.011024136911477286,46,28,11,29,121,210
4480,0.008894698891765696,45,27,12,31,133,262
4481,0.014139811565299296,45,33,10,23,108,156
4482,0.01697574336220274,43,29,10,27,136,334
4483,0.016684988889712968,45,31,8,23,129,316
4484,0.0146535013634317,43,30,13,29,121,154
4485,0.020520301248848953,43,28,13,31,109,164
4486,0.017997520153741134,46,25,14,35,149,254
4487,0.01630713600394323,44,34,10,22,81,102
4488,0.017586465698026174,42,31,12,27,93,126
4489,0.013693865041691913,44,33,11,24,88,100
4490,0.01545350049782894,44,31,10,25,134,212
4491,0.010301249313323477,42,33,9,22,56,98
4492,0.01172110324331601,44,27,14,33,179,308
4493,0.015042040461515818,45,27,11,30,125,242
4494,0.016160438425496026,45,29,11,28,110,210
4495,0.014471026809812958,45,31,13,28,112,124
4496,0.015879873486042813,43,26,15,35,135,186
4497,0.024433926624653282,41,30,10,26,96,144
4498,0.01504459837211887,43,29,11,28,83,152
4499,0.01458520188608578,46,31,13,28,133,172
4500,0.020131555584887897,41,32,10,24,112,152
4501,0.012549229381822978,45,28,11,29,127,262
4502,0.01545809208417434,43,29,11,28,115,228
4503,0.009380867488456023,44,30,13,29,119,146
4504,0.022539503064622362,46,28,10,28,140,288
4505,0.011942931450316017,41,27,13,32,140,208
4506,0.010297190826207739,45,29,12,29,116,216
4507,0.018694442814739497,45,30,13,29,92,122
4508,0.014604533936830158,46,30,13,29,115,154
4509,0.021957395342898575,46,28,14,32,142,202
4510,0.018107394362138138,39,31,12,27,87,98
4511,0.013599519245712274,45,32,9,23,99,206
4512,0.005795564983929219,46,30,11,27,130,196
4513,0.020656411652508484,44,26,15,35,177,322
4514,0.0126676575045503,44,34,12,24,90,90
4515,0.024602646577121336,43,28,14,32,162,234
4516,0.01661778901349406,41,31,11,26,107,154
4517,0.00692189734682426,46,27,15,34,168,240
4518,0.014604533936830158,43,28,12,30,116,186
4519,0.009592785030313987,45,27,12,31,159,296
4520,0.013205498539321014,45,28,13,31,129,184
4521,0.024672995269721013,43,28,15,33,145,202
4522,0.010028944785466627,46,26,13,33,139,286
4523,0.017598040733159147,44,30,13,29,125,152
4524,0.02227249420056012,43,27,13,32,139,216
4525,0.01714534508820087,46,24,16,38,162,246
4526,0.018487399328246223,43,33,8,21,56,104
4527,0.022153945075593623,43,32,10,24,105,160
4528,0.011050521084053806,45,32,8,22,88,164
4529,0.013950481412707202,45,30,12,28,111,172
4530,0.0118514097364842,46,27,13,32,128,176
4531,0.010245445005326231,44,31,12,27,140,188
4532,0.013939290915211199,46,25,16,37,192,256
4533,0.024682887433007887,41,30,12,28,90,110
4534,0.02466267073260331,45,24,10,32,155,368
4535,0.02337600133917483,46,31,11,26,112,166
4536,0.020294075862789876,46,29,13,30,116,172
4537,0.015026062287741736,44,30,15,31,145,178
4538,0.011259133361423687,43,29,13,30,102,160
4539,0.019915211118211408,42,29,10,27,105,214
4540,0.01470196530243087,45,28,11,29,125,228
4541,0.016082900900093077,40,30,10,26,92,134
4542,0.02194938563497399,44,27,16,35,117,144
4543,0.022112503146396817,43,31,15,30,118,118
4544,0.006290553084835782,46,30,14,30,137,170
4545,0.026828932374104372,45,32,13,27,105,114
4546,0.010454297765624596,46,28,11,29,150,258
4547,0.02186218890618878,45,29,11,28,141,244
4548,0.01990483688922172,44,25,16,37,153,216
4549,0.012838045945319732,45,32,9,23,118,228
4550,0.013693865041691913,43,31,11,26,102,162
4551,0.014640141930813373,45,32,12,26,132,196
4552,0.01683603674725684,43,29,12,29,89,126
4553,0.010449131165398487,43,32,12,26,140,220
4554,0.016409284570395276,42,29,12,29,98,140
4555,0.01365809151948643,46,29,12,29,134,206
4556,0.014885468233397547,46,26,14,34,151,234
4557,0.01873637920232985,43,31,13,28,115,130
4558,0.014402970832269504,45,28,12,30,156,268
4559,0.019994579972826915,43,28,14,32,134,178
4560,0.020347894388108412,45,28,13,31,136,190
4561,0.00852604418095531,45,30,12,28,124,172
4562,0.01617608322901424,45,27,14,33,155,200
4563,0.015357745431584913,46,29,12,29,119,178
4564,0.012604399632731467,44,27,12,31,126,204
4565,0.023704254599242094,45,30,12,28,138,238
4566,0.008134456149113234,46,26,12,32,172,338
4567,0.014735795714347154,45,29,14,31,145,202
4568,0.019240320586985497,44,26,14,34,143,244
4569,0.016803994876134445,43,28,13,31,87,118
4570,0.014488324032932792,45,29,11,28,153,280
4571,0.017105373572676073,43,29,11,28,140,274
4572,0.014712451050559308,44,27,13,32,146,246
4573,0.007571629621049444,43,27,14,33,137,188
4574,0.02522538633981164,45,30,13,29,144,192
4575,0.01683693623570337,44,26,14,34,190,320
4576,0.01511860182115949,44,28,12,30,108,174
4577,0.016280453944299,45,30,11,27,106,154
4578,0.014740278064339023,44,27,13,32,166,310
4579,0.020131102960338064,40,28,10,28,106,238
4580,0.01683693623570337,46,30,13,29,109,136
4581,0.014829231126582711,46,32,9,23,100,184
4582,0.019072718931826743,45,29,14,31,180,298
4583,0.017431976175571774,45,28,10,28,142,282
4584,0.022231156986966157,42,33,11,24,70,88
4585,0.012194642131628623,41,28,12,30,128,190
4586,0.013494849485019056,46,27,11,30,112,204
4587,0.02087289198622838,44,32,10,24,100,180
4588,0.017437343860496855,45,33,11,24,110,122
4589,0.017218133287784113,44,29,15,32,127,148
4590,0.01714444734678118,44,30,13,29,113,134
4591,0.009595218669781455,45,30,13,29,113,158
4592,0.01818957890053679,44,28,12,30,160,300
4593,0.010677180963967706,44,31,10,25,100,160
4594,0.018785780039335058,46,27,12,31,160,296
4595,0.008776895773063523,43,29,13,30,152,218
4596,0.013314934648694363,45,30,12,28,133,178
4597,0.00937453517604682,45,27,13,32,126,208
4598,0.016062712213796765,46,28,12,30,135,190
4599,0.013359184469009425,45,27,13,32,183,312
4600,0.027242147425026127,41,27,16,35,127,148
4601,0.01704814617100358,42,30,14,30,116,140
4602,0.01796856199448773,45,29,13,30,129,186
4603,0.021214750200759656,43,29,14,31,123,150
4604,0.011836909753443994,46,26,12,32,136,234
4605,0.01723981220180084,44,30,12,28,139,178
4606,0.014927257061756991,44,27,14,33,135,188
4607,0.012183973447973867,42,28,12,30,180,294
4608,0.012304533842033075,45,32,11,25,111,150
4609,0.010158306222058208,40,28,11,29,114,192
4610,0.007292745095982975,43,28,12,30,117,200
4611,0.015025624985361571,44,29,14,31,128,164
4612,0.025183127645972126,46,29,11,28,109,190
4613,0.01291085949938145,41,27,12,31,128,186
4614,0.023754499738671726,41,28,14,32,139,178
4615,0.013871150084271977,44,29,12,29,108,160
4616,0.019287910529151686,43,30,13,29,132,186
4617,0.010954020948788383,44,29,14,31,137,164
4618,0.00829543859274761,45,31,12,27,120,156
4619,0.012474787387471577,43,29,12,29,125,176
4620,0.03309384437150173,41,27,12,31,116,208
4621,0.021931705813812968,42,30,13,29,120,174
4622,0.02081510731868333,45,27,14,33,179,236
4623,0.021992579477926093,45,31,11,26,99,152
4624,0.02172822955314479,45,28,14,32,135,174
4625,0.01567313703732609,45,31,11,26,126,174
4626,0.023039432934131125,45,25,14,35,122,212
4627,0.01832694889935918,45,29,10,27,127,218
4628,0.01514334309559999,46,31,11,26,106,154
4629,0.01670586982516107,44,32,9,23,84,142
4630,0.01882354163325141,44,26,13,33,150,246
4631,0.016355558253734845,43,32,12,26,83,104
4632,0.014186536067943359,43,32,12,26,124,142
4633,0.01628186133483991,44,32,11,25,100,154
4634,0.018945318319669745,45,31,11,26,122,176
4635,0.01423229156622239,42,31,11,26,93,144
4636,0.021654015904675084,42,31,13,28,108,138
4637,0.020303235533452757,44,31,13,28,101,122
4638,0.018117065086913735,46,28,13,31,162,254
4639,0.014306320460867925,40,30,13,29,123,138
4640,0.012408351419718987,45,30,13,29,121,154
4641,0.019128837000761297,45,27,12,31,121,198
4642,0.01683693623570337,44,27,13,32,108,178
4643,0.010063255319350442,43,30,11,27,103,178
4644,0.012043384722364187,45,32,11,25,116,138
4645,0.010612249903029738,43,31,13,28,103,118
4646,0.01538472344697749,44,30,12,28,139,208
4647,0.00819862964831293,46,28,9,27,135,364
4648,0.011259133361423687,43,28,14,32,147,222
4649,0.020988545448861903,43,32,10,24,102,158
4650,0.024215853036366267,43,32,11,25,136,196
4651,0.01733036482787368,43,33,12,25,95,104
4652,0.013830933632198103,46,27,12,31,119,228
4653,0.015413535077410577,45,31,12,27,118,162
4654,0.014510228520550224,46,28,14,32,131,164
4655,0.00937453517604682,44,31,10,25,130,226
4656,0.026503075135600157,45,30,12,28,118,208
4657,0.012282164958563865,46,26,15,35,132,198
4658,0.025833405399502414,45,30,11,27,90,158
4659,0.024034458945740682,46,29,10,27,82,152
4660,0.013709007824882477,45,29,15,32,149,188
4661,0.018749529478188753,41,30,14,30,108,116
4662,0.010873754807874694,46,29,12,29,108,172
4663,0.01625526977269957,44,29,12,29,124,186
4664,0.022382943634840304,44,29,10,27,138,266
4665,0.020822644266126372,45,28,11,29,151,268
4666,0.022105824606625555,46,32,9,23,135,246
4667,0.013088572407487002,43,32,10,24,96,156
4668,0.018117898404680685,45,27,13,32,103,166
4669,0.014194641120602064,45,27,15,34,135,180
4670,0.011480557840182426,44,27,13,32,138,210
4671,0.023303550623121838,46,28,11,29,133,280
4672,0.013825750760662989,45,29,12,29,119,184
4673,0.013934149366984672,43,32,11,25,99,144
4674,0.02551044208589806,44,32,9,23,100,164
4675,0.0118514097364842,43,32,11,25,82,112
4676,0.00524522273898842,44,29,14,31,168,240
4677,0.012741948102890734,45,28,12,30,140,236
4678,0.02359563889630756,46,28,15,33,127,154
4679,0.016206886055037686,46,25,14,35,176,330
4680,0.013227662143051502,45,30,11,27,114,194
4681,0.015044732054776078,45,27,12,31,165,346
4682,0.02094667749593666,44,31,13,28,141,186
4683,0.017172719544166045,44,31,11,26,100,144
4684,0.03300810882912479,43,26,12,32,139,284
4685,0.018700445177053437,46,31,11,26,94,138
4686,0.02612483803941138,42,30,14,30,91,112
4687,0.013141985468400202,43,33,9,22,58,100
4688,0.0230559096410747,45,31,11,26,124,164
4689,0.004584460528478294,46,28,13,31,157,256
4690,0.019179822225707396,40,28,13,31,122,154
4691,0.006955214703182881,43,28,14,32,143,176
4692,0.013314934648694363,45,27,14,33,158,256
4693,0.0157487340890713,43,32,10,24,104,158
4694,0.01979905717364678,45,31,11,26,137,200
4695,0.01855080170152342,44,30,11,27,107,182
4696,0.013298253929665667,45,26,15,35,117,180
4697,0.020761363519342838,43,33,11,24,87,96
4698,0.017293089246061197,45,29,14,31,109,158
4699,0.009809990090686532,45,28,11,29,126,210
4700,0.025690842610100587,45,31,9,24,112,236
4701,0.013052657872834633,42,30,12,28,102,138
4702,0.018582562926829648,44,27,13,32,126,202
4703,0.016247233198708938,44,26,15,35,135,210
4704,0.014672849839096141,42,30,11,27,112,158
4705,0.013082014805380092,45,30,9,25,81,158
4706,0.012185255289242143,46,29,13,30,107,158
4707,0.014208471500352635,45,25,14,35,149,236
4708,0.016644175118334062,44,32,12,26,72,90
4709,0.012862137761952927,45,30,11,27,141,244
4710,0.013419746935301083,43,31,11,26,109,160
4711,0.012928845886792863,43,32,11,25,112,154
4712,0.025690842610100587,45,29,11,28,119,182
4713,0.017600319693477307,43,30,13,29,153,222
4714,0.01893847924442,45,31,10,25,94,142
4715,0.02772511248059728,45,30,12,28,165,234
4716,0.014238209091489915,44,24,15,37,164,276
4717,0.008791788364356339,46,30,13,29,126,180
4718,0.012040018802182962,46,30,12,28,164,248
4719,0.018649123730858454,43,32,11,25,117,162
4720,0.018317421372723804,46,28,14,32,127,164
4721,0.01621326365307021,40,28,10,28,115,214
4722,0.013853903711420264,44,29,12,29,109,166
4723,0.014562241214743657,43,29,12,29,108,168
4724,0.018505322270960134,45,30,12,28,94,126
4725,0.017615883382907822,46,30,13,29,152,206
4726,0.024574935357191418,46,30,11,27,149,236
4727,0.014181714269028318,43,29,12,29,114,194
4728,0.013827222973375887,45,30,12,28,103,148
4729,0.019179822225707396,46,30,11,27,131,216
4730,0.019994579972826915,43,28,13,31,98,144
4731,0.011913985848015507,46,28,12,30,102,166
4732,0.014191066178598635,44,32,14,28,124,124
4733,0.02399087579039034,46,32,10,24,100,158
4734,0.01546374533675255,44,25,14,35,121,186
4735,0.004647124812941189,43,31,12,27,112,172
4736,0.010379083180422174,46,29,11,28,104,162
4737,0.02914579062879617,44,29,12,29,143,264
4738,0.025002808111186176,42,31,11,26,109,166
4739,0.013307304275708476,44,31,11,26,123,190
4740,0.021957395342898575,45,29,12,29,138,222
4741,0.010377260280040435,46,29,10,27,137,244
4742,0.017104457815163468,39,28,12,30,111,170
4743,0.017060161693220187,43,27,12,31,129,230
4744,0.016474089213700194,45,27,14,33,126,204
4745,0.019556994923681452,45,25,12,33,119,250
4746,0.0218592604163165,44,26,15,35,168,240
4747,0.014712451050559308,45,31,13,28,114,138
4748,0.009494854730739799,45,27,13,32,165,264
4749,0.02810094859453982,45,29,10,27,91,164
4750,0.01769824168931663,46,32,12,26,101,128
4751,0.01493935650657031,46,28,14,32,128,164
4752,0.017051197064558835,42,27,14,33,141,222
4753,0.01688117571669641,43,27,12,31,134,250
4754,0.012353472075883356,44,27,13,32,130,258
4755,0.017977281530540574,46,28,12,30,110,188
4756,0.012701559777717447,41,28,12,30,131,188
4757,0.013069477673886259,42,28,14,32,134,222
4758,0.014649854871649506,43,29,12,29,121,208
4759,0.011954103770368922,43,30,11,27,124,192
4760,0.01545809208417434,45,28,14,32,183,252
4761,0.02819849231692135,44,28,13,31,170,312
4762,0.013896642249549396,44,29,12,29,128,212
4763,0.017663709099305758,41,28,12,30,117,194
4764,0.01959801440882742,43,28,12,30,115,190
4765,0.013871150084271977,44,29,11,28,82,152
4766,0.006247869855020065,44,28,13,31,146,224
4767,0.022081151206627243,44,31,11,26,92,142
4768,0.020044335094264024,45,31,11,26,103,162
4769,0.012304533842033075,43,32,10,24,111,176
4770,0.011296988525953539,44,31,11,26,83,122
4771,0.01738574336000986,44,30,13,29,136,174
4772,0.011899651419500154,46,28,12,30,129,240
4773,0.011746309727621113,46,30,12,28,101,140
4774,0.0069902460778038765,44,29,11,28,128,210
4775,0.02385804840638367,39,32,10,24,74,98
4776,0.016049793162583356,45,29,14,31,149,206
4777,0.01356788471591236,41,31,12,27,104,128
4778,0.011391654548324123,45,32,11,25,103,130
4779,0.016049793162583356,39,26,10,30,117,230
4780,0.015179900726093966,44,28,15,33,149,180
4781,0.012816233534040808,45,30,12,28,151,258
4782,0.01291920443551682,44,30,13,29,90,120
4783,0.019361895653640895,43,34,8,20,89,152
4784,0.014722805129144749,43,30,12,28,138,204
4785,0.017262289090395996,43,33,10,23,86,122
4786,0.006445924022046905,46,26,13,33,146,244
4787,0.013249882975509945,44,28,13,31,142,252
4788,0.021034710411371525,42,29,14,31,132,152
4789,0.007692493853563354,45,27,13,32,148,222
4790,0.016611390549417883,45,29,11,28,114,206
4791,0.017426598893994304,39,26,12,32,109,180
4792,0.018819011616264092,42,28,13,31,152,220
4793,0.019543100424679063,45,29,12,29,116,178
4794,0.019115745498955176,46,30,13,29,115,148
4795,0.015441099329516192,44,28,15,33,129,156
4796,0.018749529478188753,44,27,12,31,151,296
4797,0.01724395569144721,43,25,13,34,155,286
4798,0.02193467108486254,44,29,9,26,139,432
4799,0.02071554285781639,44,27,12,31,110,190
4800,0.01653774783453238,42,32,10,24,102,132
4801,0.01760666107911732,45,29,11,28,125,224
4802,0.004843438377710667,44,29,12,29,122,202
4803,0.014267595351992325,44,24,12,34,132,262
4804,0.023308669989488773,41,31,11,26,122,182
4805,0.019163724743512627,46,27,14,33,156,232
4806,0.024877186498126022,46,29,13,30,163,250
4807,0.01023678968833086,41,31,11,26,107,164
4808,0.00617432549707999,44,30,13,29,139,184
4809,0.017901502004108893,43,32,11,25,73,100
4810,0.012304533842033075,45,30,12,28,106,160
4811,0.019158607501550462,46,29,15,32,133,154
4812,0.00879289547554924,46,27,10,29,135,288
4813,0.018466308097917945,44,27,12,31,117,276
4814,0.02368966570770263,45,32,12,26,108,126
4815,0.014488324032932792,45,28,15,33,123,180
4816,0.012838045945319732,45,30,13,29,125,166
4817,0.011738845467284754,46,28,13,31,136,192
4818,0.009539697905166039,44,30,13,29,113,160
4819,0.006293476937514447,43,32,12,26,93,108
4820,0.01896606777251443,46,27,13,32,149,260
4821,0.014536644873151448,43,32,13,27,107,116
4822,0.01361929889859596,42,30,11,27,128,236
4823,0.011798202155596203,45,30,13,29,142,196
4824,0.013831773035116589,44,28,14,32,133,176
4825,0.01708547701589936,44,27,16,35,106,124
4826,0.01227231892952476,43,31,8,23,92,206
4827,0.020141365041569298,44,31,9,24,99,210
4828,0.014600387541746057,44,26,13,33,146,240
4829,0.01419045098814991,46,28,12,30,127,190
4830,0.019993689092411292,42,31,12,27,127,166
4831,0.022316263150027715,45,28,10,28,108,214
4832,0.02146187075420486,42,29,13,30,142,238
4833,0.022968957140910205,44,31,12,27,111,132
4834,0.017105373572676073,43,27,15,34,130,166
4835,0.010705960319794476,46,27,12,31,143,274
4836,0.02149323480047391,44,29,13,30,136,188
4837,0.01519502628699328,46,29,14,31,124,154
4838,0.012111178076403578,43,33,12,25,85,94
4839,0.023547805148018193,44,30,11,27,162,252
4840,0.018723562697040938,44,31,12,27,103,142
4841,0.011257326261017192,41,29,12,29,124,190
4842,0.013198606252291259,45,32,12,26,109,130
4843,0.0239205052724587,42,29,12,29,103,138
4844,0.016772029301243996,40,29,12,29,94,130
4845,0.011265735291946077,45,30,14,30,113,134
4846,0.029023091687288817,44,27,10,29,84,188
4847,0.016130798700685504,45,32,9,23,103,188
4848,0.02013586529433515,45,29,12,29,130,214
4849,0.01217358904557541,45,31,11,26,118,184
4850,0.022232333349005026,44,31,12,27,88,112
4851,0.014178584515202736,45,26,12,32,142,242
4852,0.014558985773699566,44,29,12,29,137,236
4853,0.02522538633981164,45,27,14,33,139,196
4854,0.015957247802153268,45,29,14,31,146,174
4855,0.01377885477297653,44,27,12,31,120,216
4856,0.022892653089056553,46,29,12,29,121,166
4857,0.018486540298435675,43,26,13,33,143,242
4858,0.025353968263771287,43,29,14,31,136,166
4859,0.01701452129536271,45,27,13,32,121,202
4860,0.014950226494305018,44,30,13,29,162,198
4861,0.022112503146396817,43,30,12,28,109,162
4862,0.019279154905013925,46,31,13,28,117,138
4863,0.007292745095982975,42,32,10,24,95,152
4864,0.024444627141795593,45,33,11,24,93,108
4865,0.017600319693477307,43,31,12,27,131,182
4866,0.015507635414099455,43,30,11,27,111,162
4867,0.014149940490460283,44,29,9,26,70,190
4868,0.015379373393876732,43,30,11,27,135,190
4869,0.022194754670542577,43,32,11,25,69,94
4870,0.011130573650059636,43,30,12,28,140,246
4871,0.014269104237658453,43,29,10,27,118,236
4872,0.017415760990008168,41,27,14,33,138,194
4873,0.013691835040689729,41,30,11,27,75,116
4874,0.011081578718474872,45,29,11,28,119,206
4875,0.030095265174787385,42,28,12,30,101,166
4876,0.0076150218037998735,42,29,12,29,118,160
4877,0.018352441539888124,43,27,13,32,153,288
4878,0.03462253981827593,42,30,11,27,89,150
4879,0.012583292522603082,41,26,11,31,118,228
4880,0.017134522542496818,45,30,9,25,119,244
4881,0.01545809208417434,43,29,11,28,109,216
4882,0.013020755375773213,45,30,13,29,112,142
4883,0.012699063968487294,46,29,10,27,143,300
4884,0.01509755081108434,45,30,13,29,124,160
4885,0.01227231892952476,44,32,10,24,115,168
4886,0.014651521190316107,42,28,16,34,131,146
4887,0.013883236779433317,45,28,12,30,129,204
4888,0.02424790380071968,46,30,10,26,144,260
4889,0.016049793162583356,45,25,11,32,174,422
4890,0.02081510731868333,45,32,10,24,153,240
4891,0.014007205536454983,44,27,15,34,168,246
4892,0.01668133947416798,43,32,14,28,90,90
4893,0.0178511893973853,45,30,13,29,131,170
4894,0.02254494136992749,45,30,11,27,123,204
4895,0.011833157238957615,46,22,11,35,131,308
4896,0.007571629621049444,45,28,10,28,123,272
4897,0.02082156657978228,44,31,13,28,102,126
4898,0.021371198013613354,44,30,13,29,177,264
4899,0.023983110677862574,42,28,11,29,124,218
4900,0.03309384437150173,42,29,10,27,125,326
4901,0.00834410610532137,44,29,11,28,146,274
4902,0.01358037843977284,43,29,14,31,112,182
4903,0.028446181439583152,44,26,13,33,131,248
4904,0.010751975462654065,46,30,12,28,144,248
4905,0.022135301481213926,41,25,14,35,139,226
4906,0.00524522273898842,44,28,13,31,139,206
4907,0.020321878998947038,45,23,13,36,144,310
4908,0.019942243472035354,45,33,12,25,110,116
4909,0.009595218669781455,43,30,14,30,120,150
4910,0.021168858803896434,43,31,12,27,116,152
4911,0.01545809208417434,43,29,11,28,101,174
4912,0.018301374331405745,43,28,16,34,118,142
4913,0.01627149893727598,42,27,11,30,103,204
4914,0.03279716394420823,40,30,12,28,110,166
4915,0.022239621367498325,45,31,14,29,146,152
4916,0.023406903434231074,43,32,12,26,83,98
4917,0.01661778901349406,43,30,14,30,103,112
4918,0.012051003645382904,45,32,10,24,87,132
4919,0.011760275400049716,45,30,13,29,142,182
4920,0.016696994409770842,43,34,10,22,63,84
4921,0.027462701241840706,40,29,12,29,132,174
4922,0.019450653579678255,45,28,11,29,146,248
4923,0.019200239461694635,44,30,15,31,142,154
4924,0.027734974953424966,45,25,12,33,136,246
4925,0.019550317057782624,45,32,10,24,84,142
4926,0.015201755667288066,42,30,13,29,154,266
4927,0.011123678898403194,44,31,10,25,116,284
4928,0.016049793162583356,45,30,10,26,109,234
4929,0.022416212005041923,44,29,12,29,135,186
4930,0.0131575873616602,45,33,11,24,134,158
4931,0.019739409916279697,43,32,9,23,78,130
4932,0.01965312711456535,44,26,14,34,157,238
4933,0.009543566316679838,44,32,13,27,117,132
4934,0.013180463043731994,44,32,11,25,129,180
4935,0.016558695090001185,45,25,12,33,204,396
4936,0.012210166659212186,42,26,13,33,147,342
4937,0.02080078304950797,45,32,13,27,120,126
4938,0.014403309132039,45,28,13,31,106,168
4939,0.015357745431584913,45,28,12,30,168,322
4940,0.02096542905148835,44,29,12,29,114,174
4941,0.016507546969087225,42,26,15,35,151,214
4942,0.0175378247452876,44,30,14,30,138,156
4943,0.01790005620463835,44,31,14,29,115,130
4944,0.013854425784900773,44,30,12,28,113,176
4945,0.024360754656738755,44,32,12,26,100,118
4946,0.01423305396349148,44,30,13,29,106,136
4947,0.026004828442918085,44,28,11,29,131,240
4948,0.015099242289350494,44,31,12,27,99,126
4949,0.031039775049995853,44,29,12,29,147,242
4950,0.013636496361794648,44,30,12,28,142,214
4951,0.022039030432772933,46,28,13,31,127,192
4952,0.007420096926284939,44,27,16,35,139,190
4953,0.02852522512031214,46,28,13,31,136,196
4954,0.012681306025111846,45,30,9,25,78,162
4955,0.014247921916586262,44,29,13,30,158,236
4956,0.015304401392923002,45,30,13,29,141,180
4957,0.004535821181451495,42,27,15,34,183,264
4958,0.01384146948384591,42,27,12,31,112,196
4959,0.01855828822197727,44,31,13,28,124,142
4960,0.019543100424679063,43,27,13,32,100,172
4961,0.020217089509688327,43,28,12,30,133,248
4962,0.01610990666797229,44,27,12,31,119,230
4963,0.013558673315594218,46,28,14,32,123,168
4964,0.012886913205497279,45,32,12,26,146,212
4965,0.021957395342898575,45,31,13,28,114,132
4966,0.012037974271309496,43,30,11,27,122,192
4967,0.011833157238957615,46,28,11,29,166,404
4968,0.011753002508646831,45,27,11,30,113,246
4969,0.018544703332616326,42,29,12,29,113,218
4970,0.01401809376811769,45,30,14,30,120,144
4971,0.012160084166133137,44,29,10,27,90,230
4972,0.022033957773882958,45,28,12,30,128,188
4973,0.018493142343477733,44,28,11,29,142,256
4974,0.01017841065835004,45,34,10,22,98,116
4975,0.011809743552692077,45,31,11,26,103,202
4976,0.016977444013898925,43,31,10,25,101,208
4977,0.014014449673260154,45,28,14,32,147,198
4978,0.01743172075420657,45,32,12,26,115,136
4979,0.00946470859595197,45,31,11,26,106,172
4980,0.013151783694168629,44,29,14,31,124,172
4981,0.02311900380099441,43,27,11,30,158,350
4982,0.010486654827323638,45,30,12,28,102,156
4983,0.026641511233031438,44,31,11,26,93,130
4984,0.01959215911759131,44,29,13,30,134,170
4985,0.01632978232452234,43,29,13,30,79,110
4986,0.026026014030855506,43,31,12,27,112,172
4987,0.011391654548324123,45,31,11,26,109,154
4988,0.024717364632874276,46,28,11,29,123,188
4989,0.018272426968341582,43,31,11,26,78,114
4990,0.018272426968341582,43,31,12,27,91,112
4991,0.019627893902811146,44,29,16,33,115,130
4992,0.017262289090395996,45,31,11,26,101,152
4993,0.020646654338407927,43,32,11,25,98,144
4994,0.024297111370304103,45,29,11,28,116,218
4995,0.020933217471790944,45,30,13,29,88,118
4996,0.010627609634519669,43,29,13,30,99,130
4997,0.012838045945319732,43,30,12,28,163,264
4998,0.01545809208417434,43,28,12,30,121,216
4999,0.0223240238770191,46,29,14,31,141,186
