permutation_index,null_statistic
1,0.007017242008952922
2,-0.005111049731544491
3,-0.00808144107674846
4,-0.004522721561444485
5,0.0011774831385643614
6,-0.0003205039920542718
7,0.001854182725518374
8,0.001524947222662644
9,0.0008678044489690388
10,0.0006911943220505312
11,-0.001292574958820139
12,-0.008541215490000444
13,0.0006350534764026586
14,-0.000585935115399918
15,-0.00581763280848667
16,-0.0003017184627450119
17,-0.010811232216319723
18,0.001893347610358323
19,-0.0095138287731149
20,-0.00477094130177446
21,-0.0037433249589103323
22,-0.007419322466468217
23,0.002459600076761083
24,0.001843587238464086
25,0.0014046218481484976
26,-0.01467681253506289
27,-0.004659306403393525
28,0.0005375822712626009
29,0.0012237296053995463
30,0.0012013597296016212
31,0.005275093807671848
32,0.006429708327167338
33,-0.004009550628732476
34,0.003025619219906968
35,-0.002426812995107254
36,-0.0045812465780034894
37,0.004507589787879088
38,0.0021714493089148024
39,-0.003970108126253119
40,-0.0015833650047545854
41,0.0016312191158351433
42,-0.0012900265455766946
43,-0.0067598820849222585
44,0.0013243613406137833
45,-0.009586701211663128
46,-0.0008788982966289154
47,-0.0043792714927102586
48,-0.0036704071314883763
49,-0.004156118780903634
50,-0.005539055711915736
51,-0.005191081913402847
52,-0.0032042026948206036
53,-0.0044311814744545305
54,-0.004139943438881567
55,0.0007983451657664932
56,0.001694914270942302
57,0.0005933686314315394
58,-0.001172632935245263
59,-0.005805760042804479
60,-0.001044132368164502
61,-0.00540875908659302
62,-0.0026345931101619084
63,-0.00114038558272158
64,-6.290071016382473e-05
65,-0.007215349707915479
66,-0.0023032213256593305
67,-0.004173993135886615
68,0.004383579089708933
69,-0.003727586344881538
70,0.005042275337520469
71,0.0017371191448195614
72,-0.003520002743133119
73,0.00034738644673489374
74,0.00017752380568815743
75,-0.0035762305444235823
76,0.00017098911671416944
77,-0.0002888771234510895
78,-0.004738568471652726
79,-0.0007112081260594802
80,0.004207689113552907
81,9.99149302391214e-05
82,0.0018150855531089034
83,-0.0035531986314638435
84,0.0009474428434362685
85,-0.006151955334660838
86,-0.0008997721768713718
87,-0.00518179491029808
88,-0.0030748591319336785
89,-0.0020519942960433267
90,0.0007627617496048546
91,-0.0035469929378691353
92,0.004779929968454742
93,0.000412484615977194
94,-0.0008015492122558122
95,0.0025922456565419146
96,-0.005857248558660991
97,-0.004189982323980544
98,-0.008544617002161688
99,0.0035200407725408216
100,-0.0011513745393874897
101,-0.005425910702072344
102,0.0018364896815186646
103,-0.002307071546397317
104,-0.008435828574820718
105,-0.004129223923425289
106,-0.0013427860355955529
107,-0.0011424544324739536
108,-0.0014565703141004999
109,-0.0050783398434302435
110,0.0013018866173358686
111,0.0018849509573225093
112,0.0039479872117837295
113,-0.015264764792953238
114,-0.003643935613493847
115,0.0006539903314657473
116,-0.004947011215650193
117,-0.007659315213798687
118,-0.009984621581336263
119,0.007386224170264941
120,-0.002755064581227165
121,-0.0005383150057388965
122,0.0014878246857353665
123,0.00047425166400202196
124,-0.012111955721522228
125,-0.0007668966390328817
126,-0.005734565608587969
127,-0.006271007934414263
128,-0.0026304931596585965
129,0.0030046367397636095
130,-0.0014110631588121342
131,-0.005259227250759085
132,-0.0016459765993472458
133,-0.007793639963940415
134,-0.003571385284886198
135,-0.007717238640833412
136,0.0008420724141643895
137,-0.0020083696730703385
138,-0.00047187733229235584
139,-0.010542250747368795
140,0.0006778337307419766
141,-0.001327789175916267
142,-0.009626993224110841
143,-0.00729302790525773
144,-0.006051039187752558
145,-0.002363086946805041
146,-0.002052790409760138
147,-0.003877245445351552
148,0.008387553929741665
149,-0.008034337102022539
150,-0.009616286348722723
151,-0.005606004306874773
152,0.00593199092789962
153,-0.0006133797110319458
154,0.0007217771878367668
155,-0.002878783010455646
156,-0.007635793112694581
157,-0.007908438634896563
158,0.0013735734872876958
159,-0.00048702568538190605
160,-0.009367946707299148
161,0.003993066139004964
162,-0.004302299570637151
163,0.003942624769881067
164,0.00417901212865527
165,-0.0025657265723983275
166,-0.0005252588509572567
167,-0.003428145620668059
168,-0.0020951210121926828
169,0.0041507901976309824
170,-0.002205891276339817
171,0.00214981997256751
172,-0.0009169876884081336
173,-0.0025091515491829364
174,0.0024353827226525904
175,-0.006435184487414043
176,-0.009345608394184059
177,0.006516785494027115
178,-0.00368121142497526
179,0.0006793072263125942
180,0.00045791391722874164
181,-0.0022835099559267123
182,-0.0055644214953426245
183,-0.0011864173613568944
184,0.006052260050740839
185,0.003045023431521767
186,-0.001182721265643432
187,0.007389094354027088
188,-0.006408230080623283
189,0.00104567708355216
190,-0.001280398178044373
191,0.00021997860300743827
192,-0.0021401555734018134
193,-0.0070298381283906
194,-0.006395790650773857
195,0.0010821757458470138
196,-0.0055763510787346995
197,0.002721303047871739
198,-4.0262787113158616e-05
199,0.006205556349748384
200,-0.004572659766779591
201,0.0022326856026649855
202,0.008331600036476223
203,-0.004259541479933588
204,-0.0046380939531790455
205,0.00033062699375196666
206,-0.008126937525377291
207,-0.003808612259406881
208,-0.003646572673414304
209,-0.00040873528586077984
210,0.0007822223962436863
211,-0.0027777132162319605
212,-0.003487541487222818
213,7.770509790492458e-05
214,-0.0017553853308706173
215,-0.00782784823430466
216,-0.004871841403856738
217,-0.003973516391245591
218,-0.002083714500128432
219,0.003400789909266934
220,-0.003975867358875146
221,-0.006589922450769281
222,-0.00044843805695974834
223,-0.004785771553083268
224,-0.01345168731621407
225,0.0004687918528432748
226,-0.011158999604504304
227,-0.006879322797836436
228,-0.0010880504815939142
229,0.0038894596432792403
230,-0.0025694983829826976
231,0.004658459154979529
232,-0.001806095773216436
233,-0.008997829078895011
234,0.0003405660862450463
235,-0.005321570050735577
236,-0.0026068829802908117
237,0.006466017460922874
238,-0.005983775542875679
239,-0.0038621619951053933
240,-0.003115246282164287
241,-0.004267845374740269
242,0.0029513457872342025
243,-0.0026777978543153468
244,-0.00018872776798621593
245,-0.0028426773831803816
246,-0.003901887149079332
247,0.0007608990460237566
248,0.0014400321334033274
249,0.0072266702055383755
250,-0.0027738059585698423
251,0.002829472910588573
252,-0.0006170846943668838
253,-0.00483893404835516
254,-0.007094249361489828
255,-0.0017135638536027314
256,-0.00859015636148858
257,-0.002720756350957816
258,0.0034734267888517564
259,-0.003143639785770501
260,0.0015561207209141177
261,-0.002027730820436075
262,-0.006559877097112567
263,-0.0036894227635918264
264,-0.003168864717333065
265,-0.0004408505251839584
266,-0.009462300944894697
267,-0.0035803578748792725
268,-0.00595502708711634
269,-0.003338274681601012
270,-0.0003268660502987013
271,-0.0011894801083654205
272,-0.004105506258539327
273,-0.00027311743456044993
274,0.005754597401097752
275,-0.006419308687415543
276,0.0008110180929721163
277,-0.007212022640029077
278,-0.0005631027076422081
279,-0.013889083650471992
280,-0.002959101379828896
281,0.0037609994256127335
282,-0.0022971269449634027
283,-0.010351888605062271
284,0.002496213115345279
285,-0.0008113782143614363
286,-0.0015225604276866388
287,-0.0023162078779924607
288,0.0005843269264416903
289,-0.006533000141315481
290,-0.009908795118891214
291,-0.0030605976918377867
292,0.0007777305487472533
293,-0.0009348340570336997
294,-0.009280565626882085
295,0.0024380868104220688
296,-0.009162938155183872
297,-0.004276264954496206
298,-0.004215051540887176
299,-0.00897234745346337
300,-0.004354827070849398
301,0.002195351918597002
302,-0.003993254417628874
303,-0.0021570550576278935
304,0.006403019226800685
305,-0.00037418802704901333
306,-0.005195858328162675
307,-0.002486726370080884
308,-0.009287240765717193
309,-0.005585152914966193
310,0.0035254617393040005
311,-0.001597839620366543
312,-0.0005677762853925003
313,0.008704793806641159
314,-0.004560484772877609
315,0.0010245039542991982
316,0.001869860795537609
317,-0.0043721514924495095
318,-0.0028307430199689745
319,-0.003606824198899433
320,-0.0018093438051813293
321,-0.0011357645958482258
322,-0.0022189834506014215
323,-0.00045260169514080295
324,-0.008248864869556238
325,-0.003993684808260806
326,0.0001841577731613933
327,0.0018194981149272926
328,-0.006175566734272501
329,0.004089627350896734
330,-0.004855825228715346
331,-0.00848933566646689
332,-0.001679876685391251
333,0.004670689829068406
334,0.0023486994647859694
335,0.006507081120280048
336,0.002060482861951367
337,-0.007846458452728383
338,-0.0026510154034693582
339,0.007076776736178545
340,-0.0015843854969391363
341,-0.0024947815257555205
342,-0.0028007498850625354
343,0.000747484703077398
344,-0.0005751718024300453
345,-0.0020781367254505793
346,-0.0027969738289597007
347,0.0067650206339290656
348,0.0006696095402505021
349,0.000699829368914287
350,-0.0016453015681216765
351,-0.002786986679793872
352,-0.00231981089634644
353,-0.007004693710964124
354,0.006972442312247695
355,-0.004692381172370454
356,0.005581159594419169
357,-0.0006668292988376706
358,-0.00041465436982113593
359,-0.0046566119906899725
360,0.010578284822535026
361,-0.0007176380349291703
362,-0.00020816634149503632
363,0.00030576529024942817
364,-0.0038006990532548843
365,-0.004287542376024724
366,-0.00652486124136472
367,-0.00021520988297442367
368,0.0035272195013887515
369,-0.0029892226198384234
370,0.0025739798791283644
371,0.0006890893141783191
372,-0.0036648119247618613
373,0.004221117110452942
374,-0.005498901383249016
375,0.004290133986957465
376,-0.003693654096188319
377,0.0012757547321751751
378,0.0015989582176279271
379,0.0021936079807503006
380,-0.005221698234816621
381,0.004337070439748465
382,0.0010803465007854784
383,-0.0036437523014003805
384,-0.0032455849363219706
385,-0.003534352126819202
386,-0.011230973401213293
387,0.001356475132471495
388,-0.005989345851097783
389,-0.0022543334366110744
390,-0.0011988572600627814
391,-0.001723265902255966
392,0.0003938754069451357
393,-0.0040956350939829154
394,-0.009500138469828823
395,-0.0010810758378083304
396,-0.008163584318036824
397,-0.001873392116217381
398,-0.006013732888947004
399,0.0035294437604477466
400,-0.002159167101903052
401,-0.009965592533877379
402,-0.0034620298604161742
403,-0.005257507326101998
404,-0.006567470679926586
405,-0.005858498437770206
406,0.00423959029448372
407,0.0021175931582850284
408,-0.002301683577779382
409,-0.006292228098596184
410,0.002491113033341496
411,-0.003070250708336511
412,-0.00283913040135185
413,-0.0008991620495767301
414,-0.002533471830203117
415,-0.002253022232853022
416,-0.0029236868879831124
417,-0.004454796694273261
418,-0.0031185097222420737
419,0.007661287848063719
420,-0.004470804766998272
421,0.0018626197983426032
422,-0.004622833427322497
423,0.00605546104042947
424,-0.0014021735959884006
425,-0.011800206374385218
426,0.007695508561357242
427,-0.0030978291596798872
428,0.001855916075098392
429,0.0009532265221338584
430,-0.003015264338311688
431,-0.0019639441980291196
432,-0.0002581716776584933
433,-0.007760096298261788
434,-0.0017677863967155635
435,-0.003956601162389512
436,-0.0004543505804390814
437,-0.0011834922926837847
438,0.00192188584030039
439,0.004834937124133267
440,-0.0009386997824860494
441,-0.0006056224758090589
442,-0.007195815741807346
443,-0.0030304835080580614
444,-0.004612782207490663
445,-0.01007819377114446
446,-0.007462366307826852
447,-0.007013160627545922
448,-0.001833693612136044
449,-0.006299909546040858
450,-0.00260662975930542
451,-0.0054158704590503565
452,0.0027304196866219307
453,-0.0023058334009379705
454,0.002013395795059849
455,-0.007677267015503163
456,-0.0022775329850110784
457,-0.00219971778600854
458,-0.002459917198238286
459,0.0006507452716652679
460,0.00020524838284691205
461,-0.001783831002344749
462,-0.004618104649655452
463,-0.004123287247002637
464,-0.0050690918191079425
465,0.00027981600581521507
466,-0.009321020179507367
467,-0.0011121420700634342
468,-0.004224897678508931
469,0.0005570923500277554
470,-0.002392314464304164
471,-0.002882926878153315
472,-0.0023033099024737866
473,-0.005432149054256225
474,-0.0029697716613688897
475,-0.0034610114745565156
476,-0.0011982858740017567
477,-0.002007481755572818
478,0.00013316806619681487
479,0.0033236778330987676
480,0.0017320667777348218
481,-0.007519619806161049
482,-0.004314925172839594
483,-0.0027717832670291626
484,-0.00965378732383982
485,0.00122412114433788
486,-0.00780889281069334
487,-0.006055974114095589
488,0.00243007256063418
489,-0.0005770178452039233
490,-0.0017221441452402349
491,-0.002679170703773756
492,-0.006316020296981861
493,-0.008214038762871786
494,0.001901689097083964
495,-0.0007296742047447485
496,-0.0031387253865495374
497,-0.003947946485221336
498,0.0008991676730831823
499,-0.0025792175680928175
500,0.007568664114150643
501,-0.0008230017501779721
502,-0.0008294297950350062
503,-0.0027049232379702595
504,-0.001558403243247665
505,-0.003882251170589955
506,-0.0030158385785748892
507,0.003806794255644258
508,-0.005700252317651845
509,-0.007872792612872798
510,-0.001049984491242953
511,-0.002692447922619641
512,-0.002043825522104671
513,-0.0027796434578776716
514,-0.0022399832223161525
515,0.0010056808156404355
516,-0.006349027655803356
517,0.0006646786749829499
518,-0.0024847038623199216
519,-5.563151932826138e-05
520,0.004449435580503126
521,0.0022438758048602195
522,-0.0002550732609367459
523,0.0036991526599637753
524,-0.0038029985409288244
525,0.005976991492380533
526,-0.0038393966109244483
527,0.006994691130320557
528,-0.004429410549780563
529,0.0008555078555327958
530,-0.0026151269865226576
531,-0.002172758933223072
532,-2.6937834318500886e-05
533,-0.009243697196573458
534,-0.00011340747188660211
535,0.002157938393258705
536,0.002655986200315527
537,0.00012226753338704863
538,-0.0033168660941758285
539,-0.0058883328411698296
540,-0.002844401242799867
541,-0.00018480033377991228
542,-0.010035411794903852
543,-0.002167140988215365
544,-0.0002147990160403096
545,-0.0026892996218981537
546,-0.008600267538468924
547,-0.005977735531108627
548,0.0001383831882255937
549,-0.0023683828332009445
550,-0.004449136837975546
551,0.0022006197927831664
552,-0.005675560892567946
553,-0.003940333557769141
554,-0.004438535132130661
555,0.0009786320281096952
556,-0.0006834850012920266
557,-0.0035515613997408844
558,0.0011967446708641971
559,-0.0064518536209532615
560,0.00023391442725298126
561,-0.0067479984302859855
562,0.0036809347596186634
563,-0.0002858966687763996
564,-0.001643492078839598
565,-0.005136567041190684
566,0.0013145039706356186
567,0.004221172629656482
568,-0.005651438064421362
569,-0.003424045017356391
570,-0.007855239851448044
571,-0.0020624470282934043
572,-0.00038380005972801085
573,0.00104850970283343
574,-0.006397705053142286
575,-0.0027339235154681674
576,-0.001507245801712416
577,-0.005204421554397071
578,0.004918442127590024
579,0.0033592013058252393
580,0.004397506259057108
581,-0.0045819130121338494
582,-0.0010425392156881673
583,-0.0014922965352865726
584,0.0033968064801414392
585,-0.008893251931192003
586,-0.0020553486415958097
587,-0.0038788258145822305
588,-0.0031228756194293
589,-0.000340756177585836
590,0.0031149225780806207
591,-0.0019348274251832082
592,0.00562049927036852
593,0.0013501282853429913
594,0.002825326846737572
595,-0.004858744941281232
596,0.0025012764940542977
597,-0.0008094305355116488
598,-0.0011242624380515404
599,-0.00872199581932246
600,-0.0007553553671770692
601,-0.0006416416607462339
602,-0.008063340067071583
603,-0.003602084961649675
604,-0.0062916431724647295
605,-0.00026372219418425297
606,-0.0025837850740942706
607,-0.00017115348309854755
608,0.00029362403772532214
609,-0.005418266001205572
610,-0.006014579297505568
611,-0.005899007611866781
612,-0.001609881295634455
613,0.004153029668964844
614,0.0014778115941806932
615,-0.003747965951903888
616,0.0017422376259923142
617,-0.00602527161355975
618,-0.006867233778392528
619,0.001975789394786303
620,-0.007370861102013834
621,-0.001850785664620748
622,-0.0038452570018524396
623,-0.010479493156596405
624,-0.007063775698761182
625,-0.010646855094085066
626,-0.0056624148122209755
627,-0.007078075680069372
628,0.002826520402484503
629,0.005856937255064691
630,-0.005750432915092817
631,-0.007275417451203317
632,-0.003173984565391353
633,-0.002811983203253522
634,-0.007063179979046534
635,-0.004739714756753492
636,0.0032598875917975965
637,-0.003416724550254921
638,-0.0007453944806659549
639,-0.00010297141194842707
640,-0.0024473622934460468
641,0.00016684218398935885
642,-0.0034109178174371382
643,-0.005357813556255683
644,-0.0021408565592696445
645,-0.0021192398643273894
646,-0.0024974867770955304
647,-0.0030006394488534885
648,-0.0045851206537396196
649,0.0012704502082212764
650,0.0007440691390793799
651,0.001479168510724143
652,-0.0006185272627282877
653,-0.0040508943338804435
654,0.00019764982372492967
655,-0.0034379378725868937
656,-0.005117997571714068
657,-0.010303148462989277
658,-0.004863768580904704
659,-0.0033007948932921236
660,0.0073741894935723945
661,0.00039638435044810766
662,-0.0076608785268201356
663,0.0014529654585935733
664,0.00019568416246355455
665,-0.0003568253798315671
666,-0.002447284676882943
667,-0.002574754862239341
668,0.001878308596234661
669,-0.006175543174783603
670,-0.004340511783291052
671,-9.810378475590131e-06
672,-0.007249378747099407
673,-0.005035098372014914
674,-0.0036955904883400684
675,0.00027216102986849997
676,-0.007225845630787493
677,0.0025484009374418665
678,0.0006828386923318532
679,-0.006314356699643593
680,-0.007782968398559551
681,0.0010578213732533315
682,-0.005949229949101693
683,0.002719094597015699
684,0.0053778196764639255
685,0.0006142191898874244
686,-0.008749052049885925
687,-0.0011077953635552015
688,-0.006027886371556015
689,-0.0039497033096348964
690,-0.009884202004615338
691,0.0006198634482947919
692,0.0018504803304366692
693,-0.000664209236298393
694,-0.0021175404946366244
695,-0.002387859171628655
696,-0.0010072376806433657
697,0.002146693349938448
698,-0.0042618016136211564
699,-0.005177537605471256
700,-0.003280706566905
701,-0.004319200532920869
702,-0.0020205498706807982
703,-0.006744825051555332
704,-0.0060118470733003665
705,0.006712341036546977
706,0.0004970467926246128
707,0.004201412461080696
708,-0.0024415007452784285
709,0.001820830622797566
710,-0.0009907298399407412
711,-0.0041818135154547895
712,-0.0010980971621869298
713,-0.006528531157172248
714,0.005766460465712244
715,-0.0053869755379604214
716,-0.008929287402003279
717,-0.002481058176981424
718,-0.013497679302384498
719,-0.007297639329850707
720,-0.010485763055292276
721,-0.0038454912261376567
722,-0.0072104174495617596
723,-0.003570677424597997
724,-0.005606254614517282
725,-0.003462228883997845
726,-0.004786787751827008
727,0.007681903325843897
728,-0.0005733565696748738
729,-0.004425876365304823
730,-0.002827368208261405
731,-0.0028679300080178133
732,-0.00428253808928716
733,-0.005541022481660256
734,-0.0003177675993407056
735,-0.006210607054873727
736,-0.002043996288957607
737,0.0010394880573111574
738,-0.0033324063824706762
739,-0.00490638975243151
740,-0.004090668451542989
741,-0.002113469822606965
742,-0.0016707674092146275
743,0.0002104346506731601
744,-0.012650451280717477
745,-0.0019019275042805907
746,-0.004943402261212003
747,-0.00797092853655166
748,-0.007304910456621527
749,-0.006400010620494889
750,-0.0027955305781428713
751,-0.005526544514161253
752,-0.007843721871797812
753,-0.006259792176902552
754,-0.00277989512738077
755,-0.007944497667620839
756,0.0030375805987329016
757,0.004218313621227571
758,-0.003948513082256442
759,-0.00281064889016866
760,-0.004285714590456145
761,-0.002928966434379999
762,-0.0015660588130332435
763,-0.007692936554743811
764,-0.0004315431044218457
765,-0.008930526686353059
766,-0.006276847988939245
767,-0.01063756330754511
768,-0.007599520182848502
769,-0.003244255984410884
770,-0.014928732911852469
771,-0.004698455490651489
772,-0.0044360323774595214
773,-0.0019729527160515237
774,-0.0023785209046030854
775,-0.0028000398487424624
776,0.0030483254033283613
777,-0.003779952185562027
778,-0.0024848115659659685
779,-0.004458122967414824
780,0.0019415605241646268
781,-0.002754192615662107
782,0.0027794428522307964
783,0.009003032236299117
784,0.0022172271544241666
785,0.004054910155409784
786,-0.006514562231986196
787,-0.003196372150230199
788,0.000714155132931809
789,0.001239788091074473
790,0.0025344474963369668
791,-0.0033788788038489025
792,-0.005577908003488338
793,0.012815047590870807
794,0.0007826762274992828
795,-0.003903923199650501
796,-0.008324304010433037
797,0.005941132130751179
798,0.004769983159462619
799,-0.001272730162294542
800,0.0030075361324863395
801,0.0010963961203388287
802,-0.0030570233592749803
803,-0.0045461942702256924
804,-0.007801870982420803
805,-0.0034475836026727144
806,-0.0007704294126735928
807,-0.0007335854638838013
808,-0.0052480293890123896
809,-0.007766492764821258
810,-0.00016803543053681494
811,-0.0009074208951341603
812,-0.006753006601610254
813,0.0014726206336831069
814,-0.00023562629485799486
815,-0.0020833701760390386
816,-0.004280700360419443
817,-0.0012363060773520583
818,0.001224012900618486
819,-0.00525386712473851
820,-0.0041702832429247605
821,-0.006979590052816773
822,-0.0023801775097190593
823,-0.0042298965853702075
824,-0.0013130005855418979
825,0.0013565926948544034
826,0.0036943896162934253
827,-0.004379750668220165
828,0.0013066942253107047
829,-0.0007550290667281898
830,-0.00017516294475156124
831,0.0026696236519692315
832,-0.004164313750782356
833,-8.418429249598333e-05
834,-0.004937503316190209
835,-0.004747405093881923
836,-0.007302894489844218
837,-0.0032744559865003978
838,-0.007351858071212143
839,-0.00412755861118869
840,-0.006949636329836938
841,-0.0053385312393919165
842,0.0021948079429765927
843,-0.005289279138382182
844,-0.001495384638286093
845,0.0020461299472363526
846,-0.008485127390012327
847,-0.0022535988193894407
848,-0.004528496179247304
849,0.0030951837635511195
850,0.00011694851244195212
851,-0.007535332331387503
852,-0.0017818689163905908
853,0.0013448323320959556
854,-0.006220262638062947
855,-0.005074493567312328
856,0.0016913961355806868
857,-0.009491713888083408
858,0.005764304383267173
859,-0.0016618325071009743
860,-0.0012693490633582036
861,-0.003912187839520024
862,-0.007416647737031164
863,0.0030510131020420606
864,3.0038741410658154e-05
865,0.004041445256732352
866,0.0001606404890004895
867,-0.00427766959071367
868,0.003152401989598111
869,0.0012233685852161905
870,-0.00237201795674382
871,0.0044118340783426
872,0.0019313068470004566
873,0.0013711222992683382
874,0.0008642347601601624
875,-0.0023963069551851436
876,0.0024460171089539275
877,-0.007845171226989023
878,-0.009290118080537771
879,-0.0032111533043400232
880,-0.007174557416338656
881,-0.005766172666461358
882,-0.00474499253024873
883,-0.005982237171351566
884,-0.0026204311953066974
885,0.0019900367582879157
886,-0.007088354858372774
887,0.0040011420818407105
888,0.0038411601194898934
889,-0.0027787847490773794
890,0.00016843769190599475
891,-0.006071175734569067
892,-0.0015026406267774177
893,0.0018140228914215288
894,-0.002061826966938185
895,-0.008951445680726328
896,0.003022893924682229
897,-0.0005390654023300322
898,-0.011024346007147228
899,0.0036759454668889024
900,-0.0008671248241120463
901,-0.001439305424170291
902,-0.0005599689997669577
903,0.0026415631011037777
904,0.0003955381410342129
905,-6.405645888284128e-05
906,-0.00916970469072989
907,-0.0023531508648104056
908,-0.0033952765471360925
909,-0.00042327099648481817
910,-0.006921345478997313
911,-0.00814187650086095
912,-0.007258561501209494
913,-3.5886975159358375e-05
914,0.0030253809851088914
915,-0.005831515047464229
916,-0.005632340428066391
917,-0.000694894440185119
918,-0.0034334934180573554
919,0.001961197438033871
920,-0.005878221493806252
921,-0.0009301053255840706
922,-0.007951832131382536
923,-0.005480506644137975
924,-0.006858509269313778
925,0.0031831425196994795
926,0.000316639473477931
927,0.005375701859319754
928,-0.003445397490080368
929,-0.004291559039229745
930,-0.00808982177737027
931,-0.0011178323396106409
932,-0.0021724845870959124
933,-0.003958816361543851
934,-0.004921475450030927
935,-0.005611083112977845
936,-0.010263134230268714
937,-0.0030597933667528936
938,-0.002268911761623669
939,0.0014242866304665196
940,-0.004292513966257405
941,0.003772508072995121
942,-0.00272710502841169
943,-0.00464788254614739
944,-0.004003103142502684
945,-0.008627344035341978
946,0.00303654432558291
947,0.002766995055182582
948,-0.0008762430966807108
949,0.004888169030911452
950,-0.0008032033063598218
951,0.0005364491677524973
952,-0.00537565444786375
953,-0.0034185927498921256
954,-0.0014270586449503415
955,0.0010576143445022966
956,0.0003571750422330898
957,-0.00905504340475325
958,0.00046209329861819637
959,0.0013115089994708735
960,-0.007780296562448375
961,-0.0028430316332476793
962,-7.106439218693486e-05
963,-0.0033748325280177453
964,0.007369689880377148
965,0.0020549813869690133
966,0.002929627496696851
967,-0.0005593932242818483
968,-0.0027087906962245632
969,0.0013231414362946115
970,-0.001118669123478383
971,-0.003728994260446837
972,-0.0021514819686192788
973,-0.00024273906039113183
974,-0.007534751548642957
975,0.002433312598773423
976,0.0014789958538638341
977,-0.007686781788856574
978,-0.0021052260933879935
979,-0.002307523743622388
980,0.004451470817752552
981,0.007470860363733595
982,-0.0005267920792432282
983,0.00032114917246476096
984,-0.0005857900042603378
985,0.0015905684605374837
986,0.00025267060184828646
987,0.006256941931517105
988,-0.0011026473631276096
989,0.00213902420763043
990,-0.00019349389038450862
991,0.0024059527983593884
992,0.008340897650879739
993,-0.0022058612818473267
994,-0.0017814842062408194
995,-0.007375847749487987
996,0.0004439386222293909
997,-0.003975178649032001
998,0.00385839927982878
999,-0.002313452765540548
1000,-0.0035510027290465637
1001,-0.0018772379122587307
1002,-0.0015629418844806918
1003,-0.0063715824445989
1004,-0.002557449265820362
1005,0.005639878137309462
1006,-0.0028479865554227046
1007,0.002351666054973972
1008,-0.0036996931602152894
1009,-0.0013646572171328343
1010,-0.006971308392442727
1011,-0.004154082655319455
1012,0.00041055586928486626
1013,-0.0017248646858206151
1014,0.0009449567459713336
1015,-0.0034592243890311167
1016,0.000341313212048229
1017,-0.0010350182133334225
1018,-0.0017178444891355338
1019,0.0020257250573620343
1020,-0.0020195547981591705
1021,-0.00645527009811616
1022,0.00354064730756206
1023,0.00010773795086722535
1024,-0.00935305963716328
1025,-0.007124446178728268
1026,-0.0013422080707325874
1027,-0.003545829329588801
1028,-0.009618859235601216
1029,-0.005095067983419153
1030,-0.003982761172824003
1031,-0.002867915047451604
1032,0.004395075892083846
1033,-0.00342290190076738
1034,-0.004264222105521548
1035,-0.0008502597187939158
1036,0.001953009572984877
1037,-0.0035732087352725456
1038,0.0013025682527571907
1039,-0.0018182211725950963
1040,-0.0002554255557136974
1041,-0.006757621417309671
1042,-0.0012398630398594707
1043,-0.0018624340618497263
1044,-0.002046449960008273
1045,-0.003959514764304409
1046,-0.0013719392505648978
1047,-0.0017632408827721567
1048,-0.0006907351679594081
1049,4.480633583404947e-05
1050,-0.0013347987439753899
1051,-0.008604432977020515
1052,0.005959208325164889
1053,-0.0035221438514212097
1054,0.007359101399306171
1055,-0.004207154467466057
1056,0.0018269907141588645
1057,-0.005881758321930733
1058,0.0022481771609779294
1059,0.0029485957665414467
1060,-0.0017956497521453285
1061,0.0014691857614004544
1062,-0.0020736778334971943
1063,0.002910821984810876
1064,0.0013465288154974261
1065,-0.0055045722967394725
1066,0.004146802342185528
1067,-0.0006729705350703441
1068,-0.00858581071091101
1069,0.004058722988657094
1070,-0.0019069456276393296
1071,-0.0003187254663391918
1072,-0.0030367046766231615
1073,-0.002504229983779617
1074,-0.0002529049813911888
1075,-0.005740109370789566
1076,0.0024249645119952708
1077,-0.005519960520231671
1078,-0.004379476293073989
1079,-0.004803807894585944
1080,-0.0007014001481092345
1081,-0.007250623484597662
1082,-0.00017646894458258136
1083,-0.002921962071274903
1084,-0.000612750142012352
1085,0.007166277936811346
1086,0.0038558226907897987
1087,-0.0029273579887234905
1088,0.0005397271081106353
1089,0.006392805290111419
1090,-0.008582317732725511
1091,0.0019031698431119376
1092,-0.0017944894579829743
1093,-0.0028893043641366363
1094,-0.0034135249907240664
1095,-0.001488873453787603
1096,-0.0035659429868729192
1097,-0.002692695937868004
1098,-0.006576901503732101
1099,0.00513920805960302
1100,0.002243802591718424
1101,-0.009046322858956762
1102,-0.0035026712640633673
1103,-0.00014598515760919778
1104,-0.004688668982727871
1105,-3.108747738303497e-05
1106,-0.0013743638885934314
1107,0.002270246484233643
1108,0.0001001632305116483
1109,-0.001735291084670583
1110,-0.0007205441298937798
1111,0.0017903544928365538
1112,-0.013119395081081925
1113,-0.002567990271911097
1114,-0.0019683068574896587
1115,-0.0037002710557393764
1116,-0.002397858433756589
1117,0.003288171270099338
1118,-0.0004529678792770213
1119,-0.004309643714521392
1120,-0.004677151564270253
1121,-0.0006297296637831733
1122,-0.004662583313696331
1123,-0.004208191237593629
1124,0.0014428055745516963
1125,-0.007543676067021748
1126,-0.0015752017680220227
1127,0.0004452414249541681
1128,0.009004687634188997
1129,-0.0027171172767105588
1130,-0.0006721706554904845
1131,-0.002824526069862658
1132,-0.004463896814437214
1133,0.0024188052736734446
1134,0.00013151500329338858
1135,-0.002306083046369825
1136,-0.0007255753910895141
1137,0.0018336823015164191
1138,0.0016135757879011253
1139,-0.0027239979026736152
1140,-0.00785664544678212
1141,-0.0054453082662664215
1142,-0.005171450315434343
1143,-0.00322350608118056
1144,0.0008006845588226577
1145,-0.009054574848631446
1146,-0.0047424607840744586
1147,-0.0027350815491293187
1148,-0.003875875720708931
1149,-0.010004414345713319
1150,-0.0009471828718330029
1151,-0.005434344158063029
1152,-0.0006949071883443798
1153,0.001184044566186676
1154,-0.004139325852660677
1155,-0.004815252276772031
1156,0.0011721576953247943
1157,-0.003347013436112111
1158,-0.0010605128103574682
1159,-0.002987488483771221
1160,-0.004184488093648596
1161,0.0006527623819512877
1162,-0.0004050086200267748
1163,0.002186430233067027
1164,0.0014178245589832085
1165,-0.006375865523459874
1166,-0.006576606824803148
1167,-0.005478377446792498
1168,-0.0036815236048051356
1169,-0.0020144604922920015
1170,-0.005412328225511305
1171,-0.00019095999403383884
1172,0.004302518623412289
1173,-0.0011602079650629496
1174,-0.0052402202117353205
1175,0.004842409185523457
1176,-0.00359753479690339
1177,0.0072883679591840035
1178,-0.0005545948997128375
1179,-0.0026602890855004883
1180,-0.0017581413567563063
1181,-0.0024265321655930587
1182,-0.002292033763602496
1183,-0.008521943224341865
1184,-0.001741599430967522
1185,-0.004332111927861967
1186,-0.0011355637717613797
1187,0.0015329493979033895
1188,0.002044738253173039
1189,-0.0006374587156847585
1190,-0.0005342744614355403
1191,2.445977854136777e-05
1192,-0.008147729098044704
1193,-0.008698815126629879
1194,-0.001866874118022336
1195,-0.005256793267093912
1196,-0.0014419630692234855
1197,-0.0051870902041112645
1198,-0.000661435591804635
1199,0.0013211892992178696
1200,-0.002662754774625027
1201,-5.767651552826547e-05
1202,-0.008337786292529719
1203,0.006306035156246673
1204,-0.0032684792675754075
1205,-0.003988563309688862
1206,-0.0022909708310798194
1207,0.0005512783295217559
1208,-0.0013276660830857864
1209,-0.0014593534729170111
1210,-0.004388502720328587
1211,-0.002737007364148593
1212,0.0038358304499414506
1213,0.0011659904077947932
1214,-0.00199220944773797
1215,-0.0038902394873577273
1216,-0.003991481496486891
1217,-0.005277378942115173
1218,0.006388720294289302
1219,1.2272630276102814e-05
1220,-0.001955810314533922
1221,0.000828169566625625
1222,-0.002041542786507755
1223,-0.0066792824319096555
1224,0.0018046568007617364
1225,-0.0015647465769743213
1226,-0.0035680349547633147
1227,-0.0017211268063467358
1228,-0.004179222680328085
1229,-0.006610072878127343
1230,0.0017868745989410434
1231,-0.003611295628580983
1232,0.0028347520094767972
1233,-0.0006721942063842232
1234,0.0011343321004115767
1235,-0.0011058075284858908
1236,0.0029473620004571016
1237,-0.0027517078995873377
1238,-0.0033920067826304114
1239,-0.006302939999240153
1240,-0.006060672827633666
1241,0.00042195064375078264
1242,-0.0007366019917522705
1243,0.00251871772858462
1244,-0.011353039836168841
1245,-0.0018474544505124417
1246,-0.004857073011013933
1247,-0.0055414541265426664
1248,0.008296734313810002
1249,-0.003667551278980271
1250,-0.003341215095554677
1251,9.896044128379633e-05
1252,-0.00481380785725816
1253,-0.008510010811858777
1254,0.00025544131831520614
1255,0.004502787930892371
1256,-0.0031803504765270454
1257,-0.003669065061566411
1258,-0.00440981948158195
1259,-0.0017065810969360308
1260,0.00032063902958096024
1261,-0.002926955078819675
1262,-0.00232779713517052
1263,-0.0023978170973089977
1264,-0.005367452063027665
1265,-0.0013933047127477685
1266,-0.002351864834794482
1267,-0.005890116412726076
1268,0.0047168108604742146
1269,-0.006178265796006482
1270,-0.0019322012614958403
1271,-0.0024979038251640405
1272,0.004003689679757411
1273,-0.014297375345840302
1274,-0.001972878487215394
1275,-0.006050523759621038
1276,-0.0017438304230243777
1277,-0.007724772935077957
1278,-0.0037940392583717467
1279,-8.441024317214219e-05
1280,0.002952187230534753
1281,-0.006137429564713661
1282,-0.003464081022663719
1283,-0.002630907834700387
1284,-0.0011527106593028323
1285,-0.003958116359978496
1286,0.0022100378083283537
1287,-0.0018324951053676868
1288,-0.0036316072411729967
1289,-0.005123362881212602
1290,-0.0011241886194964489
1291,-0.0022831890934554566
1292,-0.00412652217248086
1293,-0.0043560368050198015
1294,-0.008793316028176339
1295,-0.0031452418359807326
1296,0.004047334312777592
1297,-0.005523360990754622
1298,0.0020969653553459117
1299,0.00410250965103303
1300,-0.002727836670294005
1301,-0.010989461168109636
1302,-0.0036914518781594914
1303,-0.005924593337992667
1304,-0.007275753019543682
1305,-0.001687110405986656
1306,-0.003267499093167016
1307,0.002399526174353548
1308,-0.008800400712128231
1309,0.0011414812376665667
1310,-0.0005426341411217499
1311,-0.00437528480724831
1312,-0.009288095993136049
1313,-0.0040178250224057015
1314,-0.002695527563196555
1315,-0.005695928220210079
1316,-0.0026997955076209015
1317,-0.0026087576572541467
1318,-0.0027903515393989733
1319,-0.003918246121018404
1320,0.00016354132849279515
1321,0.0041081735473589495
1322,-0.006883197578420517
1323,0.00011739709047388358
1324,0.0010973822747270198
1325,-0.003829165947215909
1326,-0.008904546938069826
1327,0.0020661957509060143
1328,0.0007983974043435961
1329,0.0031015567000598453
1330,0.004532859034893276
1331,0.0007445316358401823
1332,-0.004713075769262144
1333,0.00046835606587815673
1334,-0.0034916437571515975
1335,-0.001203688412347765
1336,-0.007513442714369729
1337,-2.5748122631438775e-05
1338,0.0006279696375963845
1339,-0.006580196957363206
1340,-0.005945032612107434
1341,-0.00015605015760666516
1342,-0.003624015628368553
1343,-0.004729819135738396
1344,0.006287947958084964
1345,-0.0012129411664985254
1346,-0.0024788416190124445
1347,-0.0010675044930961823
1348,-0.004888153329415407
1349,-0.0037539117657267897
1350,-0.0005241236078666403
1351,0.009177650196181754
1352,-0.014765802250657285
1353,0.0008908375451313552
1354,-0.006942665704524842
1355,-0.0048475532211336506
1356,0.005770302360749473
1357,0.0005639734889280046
1358,-0.0030920722568149386
1359,-0.0025992440152242946
1360,0.0022868014252689604
1361,-0.0038785169415705006
1362,0.002038294932847042
1363,-0.0037175831257163124
1364,-0.0037644888551039285
1365,-0.0027078895434183015
1366,-0.00691533013149279
1367,0.005448350730993801
1368,0.00017436509954385157
1369,-0.0023193286066812806
1370,-0.005873829331798822
1371,-0.010051830486754752
1372,-0.005520703040505479
1373,0.002098427584956885
1374,-0.0019526037272583618
1375,-0.002903781904025439
1376,-0.006746595455011228
1377,0.0034413454772910107
1378,-0.001265440209489068
1379,-0.006862167266949801
1380,-0.000855186124027664
1381,-0.004407311397627681
1382,-0.0034134041336210032
1383,-0.006716792792738666
1384,0.001040464302674994
1385,-0.008923814947442668
1386,0.00159910610536039
1387,-0.002161204567975347
1388,0.00019536972667459976
1389,-0.005938360025864078
1390,-0.006687658003177544
1391,-0.002121881946133237
1392,-0.008384683124475014
1393,-0.0002548279128279443
1394,-0.00014413534707150705
1395,-0.0033322415775344227
1396,-0.005520682966641089
1397,-0.005637643079866438
1398,-0.007128894447637597
1399,-0.0026180616934072254
1400,-0.0002996792056505562
1401,-0.0065325517354819125
1402,-0.0003885384720413651
1403,-0.0010662138895424014
1404,-0.004545946080342939
1405,0.004951092424135901
1406,-0.002184681845477439
1407,-0.0001806096523240923
1408,-0.0026846145253805603
1409,-0.0060088453084587365
1410,-0.0023588871714590592
1411,-0.001662857999730455
1412,-0.004374257029778127
1413,0.006610100730010053
1414,-0.008914324924489184
1415,-0.0041008703061467915
1416,-0.010412115126828006
1417,-0.0017592922404017185
1418,0.0052281887140840436
1419,-0.001732332507252233
1420,-4.783591366481349e-05
1421,-0.0068273772582370384
1422,-0.0069587655444878285
1423,-0.002634449044075709
1424,0.0005736476581526817
1425,-0.0015369686014485642
1426,-0.0023300980318816424
1427,-0.005148644838267078
1428,-0.004974934182109113
1429,-0.003326344226135758
1430,-0.0011526106094460822
1431,-0.005334876405253142
1432,-0.0007258414121992414
1433,-0.001849124750537945
1434,0.0003702571038459168
1435,-0.009143931079911148
1436,-0.0028890940592765854
1437,-0.0017087802391911253
1438,-0.0010041924306690674
1439,-0.005613895369994355
1440,-0.006588096979912292
1441,-0.006285760648051281
1442,-0.0018859615628621373
1443,-0.002805895230251914
1444,-0.004542794955008415
1445,0.003394351299800844
1446,-0.0010026414006808065
1447,-0.0079356017956441
1448,-0.0049661966558209
1449,-0.0037913718202977204
1450,0.0010371551742117402
1451,0.0022010048253134594
1452,-0.0009564521819560579
1453,0.002956668669241533
1454,-0.006409702649322644
1455,0.003490881419028081
1456,-0.005561010394136631
1457,-0.002855836409287729
1458,0.00041718787589977574
1459,-0.004398168743183814
1460,-0.0016731167284678022
1461,0.003147943767866975
1462,-5.4432471589170583e-05
1463,0.0019524388398152806
1464,-0.005092030220711398
1465,0.0005580061693679222
1466,-0.011386906164802715
1467,-0.0048545858651551435
1468,-0.000915124939004891
1469,-0.004115614903751914
1470,-0.0020119404827183933
1471,-0.0047349148763310665
1472,0.0020189704132773482
1473,0.0011857838301706364
1474,-0.0005727132074152888
1475,-0.00204854985083696
1476,0.0004427074728501554
1477,-0.001013573576831947
1478,-0.00476980540662816
1479,0.0002331249856931776
1480,-0.003693092390867299
1481,-0.0006503910308761941
1482,0.007392301041256124
1483,0.005402658964146045
1484,-0.0029848628524943854
1485,-0.0015238262773353967
1486,-0.009046099732632776
1487,0.004836841567314901
1488,0.005058540235354205
1489,-0.0013973907815100287
1490,0.005431615727533902
1491,-0.0042932201931365765
1492,-0.0066980527186218
1493,0.0019379153144635335
1494,-0.006154657868146583
1495,0.0009430156072863724
1496,-0.007239209577264379
1497,-0.002713522981053911
1498,0.0012272875388258525
1499,-0.003374124036590709
1500,-0.010332811210237419
1501,-0.00941104378866331
1502,0.0021919871149044777
1503,-0.002179986313525041
1504,-0.006940580357347275
1505,0.000913914745928765
1506,-0.0054215248702615335
1507,-0.003389196786666847
1508,0.0006505650258123892
1509,-0.0017518323705135452
1510,0.0001347645990941379
1511,-0.0043402670696495
1512,0.006265836899498112
1513,-0.00020312348446063083
1514,-0.007709401002084414
1515,-0.005631185548470259
1516,6.999511112727383e-05
1517,-0.002689948518945124
1518,-0.009354090202886568
1519,-0.007101954390508525
1520,-0.009644143916201935
1521,4.366919902312749e-06
1522,0.002274715311214988
1523,-0.002485644276951405
1524,-0.0029294277625751125
1525,-0.00313713412264241
1526,0.0026838953091044906
1527,-0.005853479345569231
1528,0.001604887889607158
1529,-0.004242646364892709
1530,0.004414570723827026
1531,-0.005926528525325249
1532,0.006157971878375704
1533,0.0020483864433500157
1534,-0.001167062188993668
1535,-0.0021502580764276615
1536,-0.008035341300040685
1537,-0.004622016092043386
1538,-0.006192328513477591
1539,-0.006125962490476911
1540,-0.0025958197767212005
1541,-0.005129535684832369
1542,0.0017911828860857001
1543,-0.0017739625997820682
1544,0.0037550816643219763
1545,-0.009042089994375394
1546,-0.00025030916213606216
1547,-0.004090234093734928
1548,-0.009619961720922006
1549,0.0008500773922694542
1550,0.002056674024456775
1551,0.0018875796270808182
1552,-0.007156864043320395
1553,-0.0064036416301145385
1554,-0.006132961580589812
1555,-0.004963077558199868
1556,-0.003045757771362234
1557,9.553472297627041e-07
1558,-0.0022981820527017346
1559,0.0004119894225198331
1560,-0.012226884575737194
1561,-0.006207089375263923
1562,-0.0022890001320185135
1563,0.004829309809708849
1564,-0.006870387009279135
1565,0.0016408039480507869
1566,0.0039387515355055365
1567,-0.006083921914367459
1568,-0.0013546999143266049
1569,-0.008019671588285652
1570,0.003106836785864951
1571,-0.009351056819360354
1572,-0.005830969143644046
1573,-0.004597912262659334
1574,-0.0005072545597129899
1575,-0.0025934467103813363
1576,0.0019278488565921056
1577,-0.001251062397159556
1578,-0.006547908433931087
1579,-0.00019143257836376493
1580,-0.00163947960974389
1581,0.001994695540928411
1582,-0.003803065920317289
1583,0.00019821991804796352
1584,-0.0016123221696410159
1585,-0.004451830970230233
1586,-0.002049900061129352
1587,-0.013094568646104348
1588,-0.0016943873948236515
1589,-3.126522546291477e-05
1590,-0.005049056687387015
1591,-0.004240816656787154
1592,-0.006862648387258741
1593,-0.0026641563867436623
1594,0.0017012122661875899
1595,-0.0030670226915273553
1596,0.002442261238879334
1597,-0.0008720595681043185
1598,0.0016858164924059386
1599,-0.002676974405790726
1600,-0.005784804893129544
1601,0.004659047659261888
1602,-0.0007724144979109546
1603,0.0006510302299487375
1604,-0.008921484898198571
1605,-0.0026929133984150144
1606,0.000962439922712166
1607,-0.0047687797398719145
1608,-0.0031825323803311815
1609,-0.010377047917239042
1610,-0.005833290761912413
1611,-0.0037230168153682755
1612,0.0038042361830678273
1613,-0.0003723366430773735
1614,-0.00022900709634589983
1615,-0.0035846086676915127
1616,-0.0015947379530494715
1617,-0.005037248061536905
1618,-0.006717948882631452
1619,-0.01211213683193721
1620,0.001913754470355935
1621,-0.009982499310777555
1622,-0.0053001998787854596
1623,-0.006071623077518903
1624,-0.0057839047387871
1625,0.0023459264135999407
1626,-0.0029739069664242793
1627,-0.007469213162961171
1628,-0.0014207881058986467
1629,-0.0011513928320840347
1630,-0.004269383179455303
1631,-0.0019079765244953
1632,0.003214525151579866
1633,-0.0033718775066380463
1634,-0.0016446769868195057
1635,-0.004282195625393646
1636,-0.0007917315633190411
1637,-0.001837544803495187
1638,-0.0008129719779405992
1639,0.0037426178027927075
1640,-0.0012631838460938419
1641,-0.0012953021074055687
1642,-0.003783752542613053
1643,0.009067940508751215
1644,0.003732187049202758
1645,0.005838407605320024
1646,-0.0006518246963194037
1647,-0.0039127243578457455
1648,0.0017054599137802037
1649,-0.005406093612460274
1650,-0.004713731255424829
1651,0.0016998115717075934
1652,0.0009384730279580998
1653,-0.0041193865298163705
1654,0.003940316288474962
1655,0.007541997164779938
1656,0.003247591883058308
1657,-0.005900622781332354
1658,-0.001999553500691559
1659,-0.0023066305820073074
1660,-0.0019085502648330116
1661,-0.012983548561705784
1662,-0.0031147291463870692
1663,0.002959048489024497
1664,-0.00010871695878091406
1665,0.0006724606321564346
1666,-0.0010373910012812515
1667,0.0045301840140089256
1668,0.0018313764617201786
1669,-0.004492340841280553
1670,-0.009004396730138114
1671,-0.0034030202122068906
1672,0.0019090340130179344
1673,-0.0006745304106516546
1674,-0.003770380240696699
1675,-0.011261306964377583
1676,0.0025355910824911634
1677,0.0011260047885696123
1678,-0.0072010872215931485
1679,7.333782953935011e-05
1680,0.0016019964683804747
1681,-0.0008653219362252593
1682,-0.002339584990411956
1683,-0.006865875435320669
1684,0.0006659974898563029
1685,0.000945163777734008
1686,-0.005781665932299854
1687,0.0033446841600566976
1688,-0.001004726489001545
1689,0.005893057568010424
1690,-0.004061970240436835
1691,0.006081085890090293
1692,-0.007833276475275541
1693,-0.005695785923489811
1694,-0.003680275681519782
1695,0.0018108030160501817
1696,-0.0019271307166055934
1697,0.0032891748001499105
1698,0.004708399070290248
1699,-0.0025997233146743265
1700,-0.004937129900952186
1701,0.0033946054310552143
1702,0.0028169045344117773
1703,-0.002803766106633687
1704,-0.00220355320662817
1705,-0.004503805125405654
1706,-0.001515639357455783
1707,0.001940512302742347
1708,0.004131949539958241
1709,0.002270613180337961
1710,-0.005696353983673148
1711,-0.006308321520846809
1712,-0.003834629839291885
1713,-0.0005695606489633728
1714,0.001643606926603338
1715,-0.011088082250171057
1716,-0.0033905347697994886
1717,-0.005260276436475149
1718,0.004823686182533517
1719,-0.0008665018790277694
1720,-0.0001589201813680871
1721,0.0024812037769806686
1722,-0.000340899513178651
1723,-0.00807418890468788
1724,-0.004151901824780695
1725,-0.006486099455368384
1726,-0.0006465614162318098
1727,0.0017576413474108266
1728,-0.005172714114431605
1729,0.00018274235216188262
1730,0.0022817154324329507
1731,-0.0014429838812431081
1732,0.0029930622148191047
1733,-0.011334177993568832
1734,-0.00226119219956427
1735,-0.0057035434896309835
1736,0.00366219797940414
1737,-0.0028338414142561053
1738,-0.007930784252724182
1739,0.0009769078643595205
1740,-0.005639876964212611
1741,0.0007339974520506817
1742,-0.005974776842756397
1743,-0.006344242570410108
1744,0.0047729114277093795
1745,-0.007638490659870691
1746,0.00143569885790297
1747,0.0027902148626165017
1748,-0.002374499406958046
1749,-0.002849820089831371
1750,0.001462235284366415
1751,-0.006555594167527729
1752,-0.0037905842829829804
1753,-0.0028131229955334833
1754,-0.002537870212485957
1755,-0.0023367446755011984
1756,0.0004966428027092032
1757,-0.003005514251784802
1758,1.5443313334896625e-05
1759,0.003130236929704086
1760,0.003954927854670692
1761,0.00403235619440416
1762,-0.0062847670745068
1763,0.004011772009556425
1764,-0.007978881246329922
1765,-0.004841255479904667
1766,-0.004737229175504051
1767,-0.003379196034604161
1768,-0.0003112971238168269
1769,-0.00520351289373739
1770,-0.0033043780842345986
1771,-0.0016630460233662964
1772,-0.002187628773206156
1773,0.0030000303065248063
1774,-0.005426162267668851
1775,-0.0055369789107668765
1776,0.0020999535780946155
1777,-0.008587733172513459
1778,-0.003031238152005608
1779,0.004612054827259404
1780,0.0028562293716690966
1781,-0.0027930665145896455
1782,-0.004645351515591114
1783,-0.0004151101916662833
1784,-0.004729695277785648
1785,-0.003449022127131874
1786,8.793665758119809e-05
1787,-0.0035932253108523875
1788,0.0070628849352499315
1789,-0.00391164984735571
1790,-8.61402905351083e-05
1791,0.004913773329481078
1792,-0.009732045514218482
1793,-0.0029324162365233636
1794,-0.0033363801606661678
1795,-0.006439799822345799
1796,-0.0014459054978496755
1797,-0.00030265580781085877
1798,-0.007673510521834126
1799,-0.00024784222829520725
1800,-0.0017018503140176743
1801,-0.0017331629689121691
1802,0.001413772618446149
1803,-0.0017751848171434353
1804,0.0012111106388805054
1805,-0.002715365699279087
1806,-0.008744799432586173
1807,-0.004144634232556711
1808,-0.0033566492732791317
1809,-0.008575895629654023
1810,-0.006155068831440156
1811,-0.003836565720212133
1812,-5.845270658785817e-05
1813,-0.007167946352589209
1814,0.0021160474988267675
1815,-0.0021062811721837965
1816,0.00039461643576552824
1817,0.0031947410687116033
1818,-0.006397895960572435
1819,-0.009714184245085328
1820,0.0010427833232434652
1821,-0.004653815132896859
1822,-0.0063872295763936215
1823,-0.002920629825590094
1824,-0.004107197901262936
1825,-0.006486242312090187
1826,0.00032632956353085413
1827,-0.002420199099171152
1828,-0.002546418756576567
1829,-0.0001629095181534812
1830,-0.0008511669283905801
1831,-0.0008804145775100532
1832,-0.0018734561220943267
1833,-0.0015874388420959312
1834,0.00048145062823689785
1835,-0.002716257453253875
1836,-0.005694193224615927
1837,0.002555873958897399
1838,-0.0024784923876742804
1839,-0.002251454952345869
1840,-0.001945839939087448
1841,-0.012600373957584024
1842,-0.0046618317635357814
1843,-0.003783970052260586
1844,-0.001121306063802667
1845,-0.005657262937925175
1846,-0.006290788541333643
1847,0.0043451150336794
1848,-0.001078466816770804
1849,0.005573242517157066
1850,-0.000271995622012855
1851,-0.0017853010442140486
1852,-0.002971287056859468
1853,-0.0049969046568053045
1854,-0.0039763111084666035
1855,-0.0006052514316278387
1856,-0.0034054627667671825
1857,4.686742646192385e-05
1858,-0.0023626276178365033
1859,-0.004254234937851528
1860,-0.00045597388732290453
1861,-0.0017693723760386186
1862,0.00044927912685495397
1863,-0.007773767495637681
1864,-0.010684508289248287
1865,-0.003981573174296243
1866,-0.00839140551426033
1867,-0.001115973095495451
1868,0.0012795785479487662
1869,-0.0004964038704770822
1870,-0.002608186552693091
1871,0.0011821773058516352
1872,0.0038497263397246594
1873,-0.0062889380324706035
1874,0.0046767684809523105
1875,-0.0034229013446108007
1876,-0.0015717038993450887
1877,-0.004271166301211077
1878,-0.01042814606017152
1879,-0.0038119692785157436
1880,-0.0005989493923190432
1881,-0.002246356607596405
1882,-0.006123215681027
1883,-0.0027321687060039915
1884,0.0007810172873551485
1885,-0.0021779283571291864
1886,-0.003979433653522067
1887,-0.005139691702621373
1888,-0.0033385359734184224
1889,0.0005202354168468495
1890,-0.00781402080269896
1891,-0.002661440114479399
1892,-0.0029392195032636736
1893,-0.0091098721266775
1894,0.0063050445545140485
1895,-0.012786558103532172
1896,0.0006030982146128794
1897,-0.01053265495159383
1898,-0.003958408338499149
1899,0.0006192744875485115
1900,-0.003092316928902713
1901,-0.002106229740922533
1902,-0.0006336101612277219
1903,-0.0035081321624102872
1904,-0.003363204756351601
1905,-0.009232342323767951
1906,0.005597272282939027
1907,-0.0016802700144578943
1908,0.004344443624420904
1909,0.003240385540150166
1910,-0.012690041413430352
1911,-0.002663213987266412
1912,-0.0022408896215361483
1913,0.0012193305597709668
1914,-0.005896305662797616
1915,-0.0004547047330167933
1916,0.004574486041277526
1917,-0.008633395846934303
1918,-0.0012380844437856406
1919,0.00048237639224046544
1920,0.007063430333503401
1921,0.000358439154163389
1922,-0.0015224578548176174
1923,-0.001549690167798802
1924,-0.005874852531175916
1925,0.001106689123483863
1926,-0.0022995297965218847
1927,-0.0019207921391636365
1928,0.0003916708141372405
1929,2.6012594204760653e-05
1930,-0.007117148206097688
1931,0.0006707942570558442
1932,0.0034006152346928234
1933,0.004291719883224
1934,-0.007517025940196775
1935,0.002227811359123477
1936,0.0038804922471502266
1937,-0.00663317598436014
1938,0.004436139938084983
1939,-4.9410485864539305e-05
1940,0.0062687749689066714
1941,-0.006306186301947202
1942,-0.002485037824359236
1943,-0.00024373830690834972
1944,-0.007253260879257775
1945,0.003864687958028433
1946,-0.004262022195594073
1947,0.00504837494629588
1948,0.006505039920432401
1949,-0.007238552551454301
1950,-0.0013864753906896975
1951,-0.0050828492160258885
1952,0.004358035652824284
1953,-0.0003632627908578198
1954,-0.0057104308147226945
1955,-0.002385475770854517
1956,-0.005538694983765316
1957,4.5023351040576753e-05
1958,0.0010472895410110587
1959,0.00014513926566882968
1960,0.0028145237588801213
1961,-0.001506903596149467
1962,-0.0031319829849905632
1963,-0.0020752569553198798
1964,0.004019834836104231
1965,-0.0026895282904919535
1966,-0.0033176879104996823
1967,0.0003188645958537781
1968,-0.008055738346018353
1969,-0.006035340559862976
1970,-0.005720070333148836
1971,-0.004761405034574857
1972,0.00588881600952762
1973,0.00026410871218330786
1974,-0.002929149681058091
1975,-0.00692173680482535
1976,0.00263522166504105
1977,-0.004597852615296206
1978,-0.0004692379546423313
1979,-0.007906963837587253
1980,-0.002607908838487945
1981,-0.0016113234040297172
1982,0.001003941972185382
1983,-0.009714414357813991
1984,-0.004954314130120201
1985,-0.006272299586899826
1986,-0.00258848000376434
1987,-0.0009607859015523801
1988,-0.0051640926109572036
1989,-0.006731965924374302
1990,-0.004688077691369485
1991,-0.0015478975722303875
1992,-0.0012384718805275828
1993,0.0018976414920062329
1994,-0.004319425202875479
1995,-0.00014820780984136847
1996,0.002105220174788043
1997,-0.002965236736929517
1998,-0.0010957966584028492
1999,0.0014453393381048223
2000,-0.004204467566134986
2001,0.006163232104707712
2002,2.050558418518686e-05
2003,-0.004670387310645917
2004,-0.006341900056901814
2005,-0.004931777272667422
2006,-0.0028829127002098533
2007,0.0022259373143526454
2008,0.004237713183982299
2009,0.0014748044866131522
2010,-0.0015614991717290833
2011,-0.002170678056196494
2012,-0.007152424704987587
2013,-0.0036486452462189296
2014,-0.004295297021498539
2015,-0.0020674581906587365
2016,-0.0024774679719935973
2017,-0.0013821434227418924
2018,-0.0005857128074264646
2019,-0.004093972082196133
2020,-0.006063682123432643
2021,-0.0028912774747288164
2022,-0.002566863424900187
2023,-0.0018149423517993118
2024,0.0024938592309554503
2025,0.0015967038047140503
2026,-0.006245821513381343
2027,-0.0011574791906902096
2028,-0.006411604720842321
2029,0.0033147115859045416
2030,0.005027896514611257
2031,-0.0034396411185859885
2032,0.004104270939332771
2033,-0.0025861616789636735
2034,0.0042507977483995305
2035,-0.0062843868383375065
2036,-0.0012908554455802607
2037,-0.0028384284676472894
2038,-0.005104915153230236
2039,-0.001966194054102883
2040,-0.005414237063505328
2041,-0.0007923745829589435
2042,0.0015414927039544349
2043,-0.006020801921658499
2044,-0.0021905764286005783
2045,-0.0056599913328840255
2046,-0.012183505105829738
2047,-0.0060221800957743835
2048,0.0001010370849133177
2049,-0.0016816301003102774
2050,-0.008897956756178358
2051,-0.006836861321079288
2052,0.002543649044595992
2053,-0.001111169930973481
2054,-0.0012449391577167915
2055,-0.0035298458166477184
2056,-0.00591360941080523
2057,0.0034555150247927227
2058,-0.004359110286495358
2059,-0.003066425683727801
2060,0.0056811771462886955
2061,0.0037034482944511594
2062,-0.01148110429188573
2063,-0.008101618876521634
2064,-0.0062707436733017916
2065,-0.001805470659484755
2066,-0.004336068085830563
2067,0.0036166452624053734
2068,-0.0035484985164936714
2069,-0.005334059393849153
2070,-0.0033433625077596493
2071,-0.004552776782882548
2072,-0.00394568817251879
2073,-0.010219684845936324
2074,-0.000333633596566605
2075,-0.0037506658918725726
2076,0.003017601931993741
2077,-0.00380173341823134
2078,-0.0063343458957942946
2079,-0.004409997818325392
2080,0.004789638172386028
2081,-0.002285264105101343
2082,0.0010830715494843102
2083,-0.003596679711040756
2084,-0.0040928489761978964
2085,0.002913640446309519
2086,-0.0030016268633063573
2087,-0.0038900578960115936
2088,-0.0025510015920314176
2089,-0.008058198716733318
2090,0.004106805609637977
2091,0.002182366341846372
2092,-0.008951195516697086
2093,-0.001100408060054809
2094,0.003524328237112035
2095,0.0006453545614516186
2096,-0.002451639047296325
2097,0.0009979367932765812
2098,-0.0051353301045927065
2099,0.0035749688448918314
2100,0.0003821021666130797
2101,-0.004660060722648164
2102,0.004594795318201499
2103,-0.0021180829385350486
2104,0.0013311246405656799
2105,-0.007306445426892193
2106,0.0016555915180837787
2107,0.002390323157445043
2108,-0.0064675505510510475
2109,-0.001387105799554745
2110,-0.007248673084301934
2111,-0.006171113379757797
2112,-0.012940057697491274
2113,-0.00368889263505702
2114,-0.0035838741213649813
2115,0.00322764152375582
2116,-0.002373896790384456
2117,-0.0014608670113313155
2118,-0.0008585375792285951
2119,-0.00043713733891991013
2120,-0.00031441192715483957
2121,-0.004762258232127954
2122,-0.003191460913823118
2123,0.00162412965033025
2124,-0.0023531312664704304
2125,-0.002097116808755236
2126,-0.002106128758369928
2127,0.0013232065409933026
2128,-0.00502690810016608
2129,-0.005002133392340385
2130,-0.0017170694874923467
2131,-0.0018949398724564803
2132,-0.0003514176709179667
2133,0.0037823741811301125
2134,-0.0045910902138588325
2135,0.003214272270212093
2136,-0.005847750576839485
2137,-0.007299113729395373
2138,-0.002613467551639704
2139,0.008382230813905461
2140,-0.004487652945896939
2141,-0.003303424870948285
2142,0.0024782729579276783
2143,-0.0042070338482692905
2144,-0.001166680339289225
2145,-0.008852749639253983
2146,0.0034341245635754435
2147,0.006899388977256841
2148,-0.006443851261405075
2149,-0.004697339400391281
2150,0.0012298533565026984
2151,-0.006016561676780691
2152,-0.002561254738396704
2153,-0.006527039933787435
2154,-0.0024378545480791096
2155,0.0010400199140981857
2156,0.0006119878920299963
2157,-0.006584212958933917
2158,-0.0026501314822614946
2159,0.0014232694113374862
2160,0.0014968560422638083
2161,-0.005439746374761155
2162,-0.0014881037628385746
2163,-0.006541320956470746
2164,-0.00394721571025216
2165,-0.00453095760284879
2166,-0.004163714538511932
2167,-0.008656838628098372
2168,-0.0026293602958618705
2169,-0.014234938290191325
2170,0.00034875501849622806
2171,-0.008017638652721332
2172,0.0035632144035525892
2173,-0.010172765265117935
2174,-0.016154184897030688
2175,0.000995702982084061
2176,0.0004251052397955604
2177,-0.007201189211849559
2178,-0.006861934648048535
2179,-0.009230269431867132
2180,0.0054472310826344725
2181,-0.0005095228461074394
2182,-0.0029819111806701146
2183,0.0011737688771444564
2184,-0.0027329028415916147
2185,-0.004571950834550559
2186,-0.0031805172743666274
2187,-0.005534934453021494
2188,-0.006626127635867465
2189,-0.004410995577300909
2190,0.002246001536543304
2191,0.0004486891423572739
2192,-0.005170790076959336
2193,0.0023134779689351626
2194,-0.008545796441450274
2195,-0.00534581889879596
2196,-0.0023332470768396285
2197,-0.0008220074203115699
2198,0.0012513274226898588
2199,0.0010366690344714158
2200,-0.000885831611160133
2201,-0.0007214283282402333
2202,0.003660503757141706
2203,0.000863000433095739
2204,-0.00689052778614269
2205,-0.0005168983304005524
2206,0.00038155271014506803
2207,-0.006800821114152748
2208,0.0024602386743843574
2209,-0.008230355349147744
2210,-0.004317489053247112
2211,0.0029011703139343384
2212,0.0012416025201753833
2213,-0.0009654475222096517
2214,0.003935403217211669
2215,-0.0010927715035035056
2216,0.0016086777928130055
2217,-0.0013962095964077034
2218,-0.0030392769100518954
2219,-0.006578631352555958
2220,-0.0032839491484856174
2221,-0.003474201271139895
2222,-0.0012829072308864486
2223,0.0012728197214374876
2224,0.003640083837564572
2225,1.9573256651830157e-05
2226,-0.0016991276926871315
2227,0.0037612376160042517
2228,-0.007058175526607573
2229,8.589952793999073e-05
2230,0.002911287112293229
2231,-0.00039484919330902077
2232,-0.0021340395189662804
2233,-0.0014011663581635497
2234,0.008536501745800569
2235,0.0020928006152132056
2236,-0.002696009707509099
2237,-0.0036096779798468724
2238,-0.005982440976425481
2239,-0.005649362323446934
2240,0.002628184400093391
2241,-0.007064360429122507
2242,-0.004681838860628847
2243,-0.005348867144428834
2244,-0.0006550436198607436
2245,-0.0036628027690699394
2246,-0.00410255424685101
2247,0.0011758636167025702
2248,-0.0029237723986785154
2249,-0.002261429181007614
2250,0.003051739878376227
2251,-0.0014562713362707147
2252,-0.003205657762816328
2253,0.0014377007390784097
2254,0.007492873444470485
2255,-0.0013861129705002272
2256,-0.006706004974549616
2257,-0.0028014745216797185
2258,0.0029505039567462275
2259,-0.0031955196728016243
2260,0.005872407337048267
2261,0.0003504947541762525
2262,-0.0022685181579064906
2263,-0.006823511984839492
2264,-0.004963399493543144
2265,-0.0009467136778405216
2266,0.001336804197479488
2267,-0.00307551675992037
2268,0.0021458049192667195
2269,-0.00945029865965142
2270,0.006900349090467835
2271,-0.001792014258101049
2272,-0.005934512634473022
2273,-0.004987352021315006
2274,-0.0019158896724744273
2275,-0.0034033099389387603
2276,-0.0035118651766106977
2277,0.008086122930984187
2278,-0.0028791238496142443
2279,0.004530050203835907
2280,-0.0009661115534196005
2281,0.0012025215518965474
2282,-0.0053935119894438985
2283,-0.0005061386523624416
2284,-0.005896476776743251
2285,0.001159314166806407
2286,0.0015778656522503418
2287,-0.009875741245705005
2288,-0.003158469523520342
2289,0.002201704747127605
2290,-0.0009380802075601748
2291,-0.0033731626413476476
2292,-0.002558589521483093
2293,-0.010055936107642174
2294,-0.006725292755472775
2295,-0.0057077440566508444
2296,0.0007777632521806313
2297,-0.007098739448066379
2298,-0.001376189530157855
2299,0.004249085872667015
2300,-0.005671340071634556
2301,0.002878722760177456
2302,0.0018892497006677694
2303,-0.007881460036903237
2304,-0.004581534070166728
2305,-0.007157107104662566
2306,0.0005578623177323033
2307,4.649040887724776e-05
2308,-0.0035993768072306517
2309,0.002745670557811379
2310,-0.0030372730656530733
2311,-0.0026841891880516645
2312,-0.0034452502806386343
2313,-0.010435004914278512
2314,-0.010818617536567508
2315,5.305232228386414e-07
2316,-0.0037323171277377186
2317,-0.0022016819730852344
2318,-0.0015032826670495283
2319,-0.0012044928808803458
2320,0.0029657693001359647
2321,0.003973162185350199
2322,-0.0031707908204877643
2323,0.004828588347463789
2324,0.0024329327694059405
2325,-0.004413807065212376
2326,-0.0031070767521107455
2327,-0.007398322470457054
2328,-1.8268751644047454e-05
2329,0.0008812053999321598
2330,-0.003567956585107661
2331,0.0011473676641068214
2332,-0.003536855823688862
2333,0.0026635466391430156
2334,-0.0013536498920137668
2335,0.001200709342150455
2336,-0.0016817328340223078
2337,-0.0009632090578910006
2338,-0.006062910745564087
2339,-0.0032706445579601742
2340,-0.0022070220468357327
2341,-0.007862520430788663
2342,-0.007738854958013002
2343,-0.006177390458105558
2344,0.0028533961969945745
2345,0.006659033538918904
2346,0.0009272586210685232
2347,-0.0010494564000810142
2348,-0.0071428007930032615
2349,-0.004137623010866731
2350,-0.008713653574122248
2351,-0.0027419582577197857
2352,-0.005690859839462006
2353,9.800602942975495e-05
2354,-0.005396917128012033
2355,-0.0012956918048260269
2356,0.005310743674998342
2357,-0.004460022454947862
2358,-0.0056276187069153084
2359,-0.0014321135076925812
2360,1.2861771258362159e-05
2361,-0.012397975424594199
2362,0.0027000535768621978
2363,0.0014007226298020925
2364,-0.005878441960523374
2365,0.0017830421411352652
2366,-0.0058840346339591315
2367,-0.004983137934784589
2368,-0.002958662877205441
2369,-0.00040881541117166603
2370,-0.0007294906482541857
2371,-0.007162554620322774
2372,-0.005923461765373145
2373,0.00014895407848687647
2374,0.001478160960492421
2375,0.0004431681189475331
2376,0.00016848021845441638
2377,0.00024373231284052083
2378,-0.00784610943430723
2379,0.0016745699057101535
2380,-0.0029480126141726397
2381,-0.007165104735059914
2382,0.0020930926943081435
2383,-0.003298509151269103
2384,0.004875224647378239
2385,-0.007167723138999847
2386,-0.008595247899662248
2387,-0.00691527090355018
2388,-0.0075254463537609805
2389,0.0013297962675791544
2390,0.00011846539660462924
2391,-0.0009522837251211627
2392,-0.0009879684252620986
2393,-0.005358011032193112
2394,-0.003840347325162717
2395,-0.001647899972284518
2396,-0.004212609078491306
2397,0.0012458472684658724
2398,-0.0022288584139855683
2399,0.00035131025530863585
2400,-0.00042596832759312503
2401,-0.001755860498114683
2402,-0.00039064517238419916
2403,0.001496321280256764
2404,0.005168561790432194
2405,-0.004539260374570666
2406,-0.00564611280062664
2407,-0.001767730073678763
2408,0.0011945805651929521
2409,0.00022236440257222476
2410,0.00022439286473128692
2411,0.0019409217803923913
2412,0.0034225869069683876
2413,0.004640378229402435
2414,0.0010736102625522534
2415,-0.00034139886367914873
2416,-0.002778913340632922
2417,-0.003789877229859167
2418,-0.0038095298250011705
2419,-0.005310481470286763
2420,-0.0024265321525265213
2421,-0.0036459186025136515
2422,-0.0052777733246167705
2423,0.0035439710528501547
2424,0.0005635381530715265
2425,0.0006944416827223722
2426,0.002366842583992515
2427,-0.002927529785239344
2428,-0.005478861808819131
2429,0.0017097985565945606
2430,0.006627218438361743
2431,0.0023862232260248514
2432,-0.006890097704388157
2433,-0.00955210431516261
2434,-0.006926299066437519
2435,-0.0007236536738502303
2436,0.0007339041108407988
2437,-0.004311342513273177
2438,-0.0016882672977338552
2439,-0.000537102553947788
2440,-0.0012193357623969878
2441,0.0036178962147113587
2442,0.007054263950475939
2443,-0.0041894962278982775
2444,0.0015027077593509491
2445,0.006159991451344951
2446,-0.006920324673105209
2447,-0.0012337473717657678
2448,-0.007976989224469877
2449,-0.0014185749157903
2450,-0.006059787317330496
2451,-0.003563295697386646
2452,-0.005606816942967243
2453,-0.002831447344463521
2454,-0.0009517192016763355
2455,-0.009252628731109575
2456,0.007815508712036956
2457,0.0019347360237656902
2458,-0.0046748770430750375
2459,-0.0025006403490219
2460,-0.002397877208219216
2461,0.0007224960188973693
2462,-0.0005411264709069136
2463,-0.0018331118792931436
2464,-0.0011816430882441026
2465,-0.0006431182772834929
2466,0.0037451551400043484
2467,-0.005968297519598126
2468,-0.006462528571189213
2469,0.0026098072476657616
2470,-0.004315808174860766
2471,-0.0015094007862752334
2472,-0.00798227402800825
2473,-0.002924108262038521
2474,-0.0019011516837474027
2475,0.0008272611217746417
2476,-0.006542012539439174
2477,0.009322115863645581
2478,-0.0037799341676837683
2479,-0.005368994822518975
2480,-0.00039941453982507424
2481,-0.008427751946614506
2482,-0.004282712279872498
2483,-0.0017706450398990645
2484,-0.005402566643538286
2485,0.0032518176158590796
2486,-0.00437858762931069
2487,0.0036000968922055322
2488,-0.007944088089577826
2489,-0.0022251171079992436
2490,-0.007795272437523603
2491,0.004294930897448909
2492,-0.0027289318596447273
2493,0.000560366302603657
2494,-0.009263119050441061
2495,0.003492900026157847
2496,-0.0010949992712063414
2497,-0.002829661124733762
2498,-0.006918458127880157
2499,-0.0024409148386452285
2500,-0.005858692277865427
2501,0.0026410992176453783
2502,0.0035384276390374586
2503,-0.005801868024196667
2504,-0.003344485575318891
2505,0.0024241890166695097
2506,-0.007553715688637483
2507,-0.001269165723088779
2508,0.0027808833396150076
2509,-0.00020068077956918867
2510,-0.002511703487108212
2511,-0.0009208736629245581
2512,0.005461009390801547
2513,7.064103235220054e-05
2514,-0.004007550940398803
2515,-0.004763246736632917
2516,-0.006864809896465821
2517,-0.0050027919310255825
2518,0.001993760689946826
2519,-0.0003430169429822494
2520,-0.01032963253666791
2521,-0.00883630191350266
2522,0.0005813799936103398
2523,0.0012714458903042292
2524,-0.0035964954280148613
2525,-0.003873799976206977
2526,-0.00023760684510309993
2527,-0.0034561877624471743
2528,-0.0008155466526687909
2529,-0.005962374726777461
2530,-0.0013544852134575527
2531,-0.0022258029273806365
2532,-0.01046440546226549
2533,-0.006200534236813118
2534,-0.0036674983561814332
2535,0.0006199667853859989
2536,-0.0005060876702143412
2537,-0.00028484526139326005
2538,-0.007911129437674153
2539,-0.005186174506000951
2540,0.006688195808989845
2541,-0.0022033730942201853
2542,0.0040921806693443585
2543,-0.004467501927308697
2544,0.002639767432788022
2545,-0.002545741245707299
2546,0.007310279016593334
2547,0.0005697181152186787
2548,-0.005470746688261703
2549,-0.005143951618913019
2550,-0.0010674451205585425
2551,-0.002169769959164517
2552,-0.002087296282194742
2553,-0.0018244933026073072
2554,-0.0011335473714873257
2555,0.008459325137900868
2556,0.003977122948027892
2557,0.0028365783477811227
2558,0.004569112505402265
2559,0.003755344079027504
2560,-0.005567144450987556
2561,0.001957120907521724
2562,0.003159030665396141
2563,-0.009652880000915166
2564,-0.0006034126532824015
2565,0.0021847804351751293
2566,-0.0053803950087513465
2567,-0.004484732417085316
2568,-0.002149065925429069
2569,-0.005007235483368899
2570,-0.0005636524762027903
2571,-0.002258004522171994
2572,-0.004441739153575708
2573,0.004579855839995931
2574,-0.004284382759508931
2575,2.8683857731651163e-05
2576,0.0009622662701081787
2577,-0.005413518466059294
2578,-0.0005225277365724229
2579,-0.002616204917638483
2580,0.0010570961891581791
2581,0.0011729365099692156
2582,0.006359896581856334
2583,-0.013684740439139746
2584,-0.0032348133766212303
2585,-0.0008745425211432352
2586,0.007391933930722815
2587,-0.00483028709442582
2588,-0.002865754518134176
2589,0.003631608651695716
2590,-0.0030376457350917985
2591,0.006133723438412016
2592,-0.005319600720182928
2593,0.007235702271189616
2594,-0.008035846313942632
2595,-0.000679784405319829
2596,0.003235148731825968
2597,-0.010777429141919703
2598,0.007752160742351855
2599,0.0038141536432967013
2600,-0.004423963789059113
2601,-0.006599860887553776
2602,-0.00048053096663059486
2603,-0.0018379047306233687
2604,-0.0015998801916070893
2605,-0.003714319540249141
2606,0.0012145932946725085
2607,-0.0017045466478109589
2608,0.0003291481603675088
2609,8.150189056672572e-05
2610,-0.004690101072923773
2611,-0.0022758759565756
2612,0.0005235333522602657
2613,-0.0027145040896800823
2614,-0.0008787720825315544
2615,-0.006275199514479603
2616,-0.005840471825785169
2617,-0.005033382170554795
2618,-0.007326069511322968
2619,-0.0038651082151744433
2620,0.005326766993025495
2621,-0.003419709596086843
2622,-0.003564613085285287
2623,-0.0069761544915303356
2624,-0.001097485822443265
2625,-0.0006679658113745504
2626,0.0006805422420821522
2627,-0.00572784328320701
2628,2.2178219869009586e-05
2629,-0.0006486920007966468
2630,-0.0005029250142973181
2631,-3.056211080997018e-05
2632,-0.0043079369150391435
2633,-0.003933764070667409
2634,-0.0019130933091598412
2635,-0.0050010411692446785
2636,0.0030945880968314236
2637,-0.0003743848313135477
2638,-0.006011154296404978
2639,-0.006177509324249406
2640,0.002779987581045796
2641,-0.010692451055312732
2642,-0.004892295550212675
2643,-0.007352129638841569
2644,-0.00402367961198136
2645,0.0006258692929901437
2646,-0.003880265957634771
2647,-0.0015133318843493504
2648,-0.00037614673677893035
2649,0.007931772213543662
2650,-0.002266705892881655
2651,-0.004143005212791314
2652,0.0033968423702267145
2653,-0.001285931857482537
2654,-0.0036700287439707276
2655,-0.0058183055039452425
2656,-0.008779355889432471
2657,0.0031339871292586814
2658,-0.0006058187855243688
2659,-0.008474358344837743
2660,-0.001397756335078923
2661,-0.007571307141717106
2662,-0.012623237713601083
2663,-0.0012543396236591835
2664,-0.005622392460925746
2665,-0.0021562748327687495
2666,-0.006194066398860228
2667,0.0035624202535460073
2668,-0.0009983226243587412
2669,-0.00427469407856711
2670,0.000620825824643248
2671,-0.003061670895331603
2672,-0.0032117172264489215
2673,-0.0035954584353007565
2674,-0.0019372763558459238
2675,-0.00504311692295285
2676,0.002426773905071289
2677,-0.002484795386471981
2678,0.0015917807040648144
2679,-0.0007776342390391454
2680,-0.004014748035652077
2681,0.001065947223367801
2682,-0.0010680798274139043
2683,0.004160984923062626
2684,-0.0010209766060461818
2685,0.0034439806272361685
2686,-0.011413019345377886
2687,0.003761025928584509
2688,-0.008441273213166595
2689,-0.0004485960867604069
2690,-0.01099028519003633
2691,0.0002916733920428037
2692,-0.006270078926653145
2693,0.0008731221461400346
2694,0.00259970143583433
2695,-0.005464920861090898
2696,-0.010810019748946274
2697,0.001203347116149181
2698,-0.0007569023446686064
2699,-0.00835036366552044
2700,-0.004552098342568409
2701,0.005805283454902999
2702,0.006777957559043122
2703,-0.002170405591139877
2704,-0.009546539321266295
2705,-4.33384241294299e-05
2706,0.0018080211623689793
2707,-0.006330399226519436
2708,-0.002685097851492596
2709,-0.005429540235587477
2710,0.0023306137520991282
2711,0.0001978656336473275
2712,-0.0030011370692332937
2713,-0.0015107698256174758
2714,-0.005286522258662014
2715,-0.0041543470094531736
2716,-0.00834060258773136
2717,-0.004324155814426318
2718,-0.0015179316824207659
2719,0.0005574109095430393
2720,-0.0009190014698400514
2721,0.0001397537094862157
2722,-0.0006023699704098204
2723,0.005982138012803853
2724,-0.0019229206337412173
2725,0.000385087507597838
2726,-0.004813857014520643
2727,0.006715228995680611
2728,0.000804335467350592
2729,0.0007215738798445233
2730,-0.0019387530697515393
2731,-0.012172633483924417
2732,-0.004393875754253852
2733,-0.0021782776857410535
2734,0.00043006771515969114
2735,-0.010533189118978208
2736,-0.006893557501173719
2737,0.005501504139719261
2738,0.003319691561718203
2739,0.0027590158056589875
2740,-0.002300298061477534
2741,-0.004232094416744693
2742,-1.0011345349003609e-05
2743,0.0036125986588164544
2744,-0.0037931328528212557
2745,-0.009115518327916985
2746,-0.00818873225807442
2747,-0.0028113217161321036
2748,-0.004731665378480212
2749,0.00334829396867831
2750,-0.005113145702973096
2751,0.0010962485485287443
2752,-0.005464965661078382
2753,-0.0047785920318568625
2754,-0.0018340761491203936
2755,0.006583364372284007
2756,-0.000762845799184099
2757,-0.00352872042671629
2758,0.0030664757548824126
2759,-0.006360678752571687
2760,-0.0033313364798278414
2761,0.001557811342195941
2762,-0.0022412395705155783
2763,-0.0003078087829587392
2764,-0.0016009856130789688
2765,0.002033980853550915
2766,-0.0016370371009218829
2767,-0.004768024546475742
2768,0.007723283491318525
2769,0.000992569623466017
2770,-0.007269712577381578
2771,-0.001347293365877765
2772,-0.007518780071546088
2773,-0.001244150883773415
2774,-0.0004063969827990295
2775,-0.0064491810842641495
2776,0.0028579956952419286
2777,-0.001946349275018612
2778,-0.0008214837695498939
2779,-0.011644427044808246
2780,-0.0004586113191112143
2781,-0.0028152563059972054
2782,-0.0026512736542376562
2783,-0.0005408768816297337
2784,-0.007162293566920379
2785,0.0045763124354881585
2786,0.002105489077917796
2787,0.00501350386716802
2788,-0.005547719088745771
2789,-0.004829372525606879
2790,-0.00831451723517546
2791,-0.0028349882805289127
2792,-0.004320914089350331
2793,-0.0006652415793499331
2794,0.008202210756184068
2795,-0.0037525527723209287
2796,-0.005402893307389467
2797,0.0009570092029899981
2798,-0.00863072908168444
2799,-0.0037807866819773925
2800,-0.005019558008104601
2801,-0.007820275053672207
2802,7.517375145860844e-06
2803,-0.007141643522687965
2804,-0.006171703389088727
2805,-0.00457620956662011
2806,0.0019332937295981345
2807,0.0005717259326244103
2808,-0.0037142512222362936
2809,-0.004191315005470996
2810,-0.001964877312005009
2811,-0.001277750754390513
2812,0.0005846585653591918
2813,-0.0014278722895183574
2814,-0.000949658623525057
2815,-0.006391629289383662
2816,-0.006171946565013017
2817,0.0016213609589173159
2818,0.0023291673942071253
2819,0.0002262725156762027
2820,-0.008843637476661243
2821,0.004087522578125079
2822,-0.003970712793771217
2823,-0.005494021564790896
2824,-0.005551998678340504
2825,0.0004670564450492756
2826,-0.007410155643759988
2827,0.005994675106657566
2828,0.0001632753718938465
2829,-0.0037246871842169585
2830,-0.0019013970805593014
2831,0.0009945150016549137
2832,-0.0045016432725485805
2833,-0.00033460535139036296
2834,0.006102467245790489
2835,-0.004550000806342866
2836,-0.0033960363468395136
2837,-0.004387358495099511
2838,-0.0038045986937028653
2839,0.0004090061008333104
2840,-0.00711203046241151
2841,0.0007650817613567354
2842,-0.003209116135644084
2843,-0.004361555387519818
2844,0.0020324978969134683
2845,-0.007209275963603594
2846,-0.004239938905678534
2847,-0.0048632442368997456
2848,0.003754886360704729
2849,-0.003452592038116424
2850,-0.0012687110512790978
2851,0.0032604479017181616
2852,-0.00030485802029347336
2853,-0.00010746171775071617
2854,0.0005629848624042477
2855,0.004010562526722532
2856,-0.003970673045800871
2857,-0.0036946558397151774
2858,0.0033232928747605646
2859,0.0009062973093278623
2860,-0.002015894542718607
2861,-0.0012093102191352012
2862,0.005825446092087488
2863,0.0009030644568343987
2864,0.003833971642640814
2865,-0.0034424944584998257
2866,-0.004684310594744334
2867,0.006193125646400739
2868,0.0026998495778596324
2869,-0.0027383174059336275
2870,-0.002159212854729569
2871,-0.008984264165698613
2872,0.0017034854654147946
2873,0.007617956990556302
2874,0.003611489489771344
2875,-0.006815696881109397
2876,-0.0008775411447898354
2877,-0.00921217899244866
2878,0.0025157698062418417
2879,0.007365840035195293
2880,-0.004543544544458281
2881,-0.0037763016096433386
2882,0.003755426912475171
2883,-0.008118181676050475
2884,-0.003874439920165177
2885,0.002398011856990283
2886,-0.0034438291653294366
2887,-0.002037221830594127
2888,-1.306779474248912e-05
2889,-0.0045394127046216
2890,-0.0008855556585286861
2891,-0.001832190957275548
2892,-0.006728622077021008
2893,0.0049014856878808535
2894,-0.0017180848635755912
2895,-0.00016622708546347453
2896,0.004199686503976542
2897,-0.004446054013050413
2898,0.0001696838806902537
2899,-0.0034861237539939582
2900,-0.0004941065538690732
2901,-0.0014211246448815155
2902,-0.0052750454646905
2903,5.928743762144764e-05
2904,-0.006189544717476434
2905,-0.004422251952741187
2906,-0.006213690243933489
2907,-0.005927818171215238
2908,0.0019771965113126143
2909,0.0004989584520710966
2910,-0.00603513060260007
2911,-0.008100683423536849
2912,0.0009446940633275336
2913,0.0013000494864742092
2914,-0.003533074110916426
2915,-0.012395220171759064
2916,0.004660007912947954
2917,0.006206927867008171
2918,-0.008162531166822144
2919,-0.0022955407039332056
2920,0.004027962320598835
2921,0.001374151082285495
2922,-0.0017801761892139029
2923,0.0015147115310973867
2924,-0.005075350284835481
2925,-0.0026789561376302506
2926,-0.0044566077490551664
2927,0.002846179575697501
2928,-0.0027195592786929436
2929,-0.008029985068362108
2930,-0.005870366709685361
2931,-0.007824038265378537
2932,-0.004924087689023391
2933,-0.0034476778378255933
2934,-0.0024174668404556877
2935,-0.005811183932189726
2936,-0.0013266930486357242
2937,-0.003412654168343049
2938,-0.0046876447705738455
2939,-0.005877354015478151
2940,-0.0016744000136043463
2941,0.002781268455416888
2942,-0.010253021305907595
2943,-0.008267099925859805
2944,0.0004122213219236795
2945,-0.004833542055538063
2946,-0.000421058717267192
2947,-0.0016205313033605222
2948,-0.0020765309898038847
2949,0.0014989793860357911
2950,-0.0010201003033880954
2951,-0.0037122505939220056
2952,-0.009099078873617772
2953,-0.0025125055467198135
2954,-0.0020185793792603657
2955,0.0017309857920496802
2956,-0.005078446338666061
2957,0.0008826206424281842
2958,-0.0026819913207447484
2959,-0.0033318735522288416
2960,-0.003759210520233449
2961,0.0018161556754470592
2962,-0.002375001590081586
2963,-0.0041809856305558835
2964,-0.003906981658476728
2965,-0.005383237605451861
2966,-0.006584689630525699
2967,0.0020223311695797552
2968,0.003962534253136096
2969,-0.00017543095115736193
2970,-0.003522836447669417
2971,-0.012512499934858961
2972,-0.0019081009266385222
2973,-0.007832278360977853
2974,-0.0036297430164690114
2975,-0.001352266677890259
2976,-0.0008162865020734308
2977,0.00501868275801368
2978,0.00012115311742372584
2979,0.003226600934386776
2980,-0.0020388337255470325
2981,-0.008599217990913888
2982,0.00118866211995668
2983,-0.0006831669920434082
2984,0.004106326682276333
2985,-0.001143942611074502
2986,-0.006706823987733666
2987,-0.0037113535560425667
2988,-0.004963120087962403
2989,0.0029283251809951866
2990,0.004356585666516838
2991,0.0026099945481713113
2992,-0.001216520924331381
2993,-0.004156306823127422
2994,-0.006147588849558537
2995,0.003913029871053214
2996,-0.0038314289885001684
2997,0.001635186232754788
2998,0.007048354753977273
2999,-0.0019795802258087136
3000,-0.002789149497143893
3001,-0.005524679571285437
3002,-8.310918138100878e-05
3003,-0.0026130484835794124
3004,-0.0067001705076604745
3005,-0.0006266103257992102
3006,-0.006034529263283548
3007,-0.000886109880001245
3008,-0.002408931142314663
3009,-0.003486793743029612
3010,-0.0009682410151875265
3011,0.00325886681436912
3012,-0.005627435997864576
3013,-0.004922927551041321
3014,0.001304648255129718
3015,0.00134579643151235
3016,-0.005905799999007318
3017,0.0006317631205332574
3018,-0.0036162797047467644
3019,-0.0013423544008468666
3020,-0.004557147960673878
3021,0.0009243197946312252
3022,0.002979747037250201
3023,0.006029883413775673
3024,0.00023735492393325494
3025,-0.005989754006385621
3026,-0.001428614920453125
3027,-0.0017397728921295583
3028,-0.0018836571277945809
3029,-0.003926710079522271
3030,-0.0044360874239554
3031,-0.006098652422995347
3032,-0.004541644315928541
3033,-0.007071988513426122
3034,-0.0018148068165378048
3035,5.938977984439042e-05
3036,-0.012118672733728832
3037,-0.003322305278678543
3038,-0.011327273264328381
3039,-0.004249415665144644
3040,-0.0007140587455923414
3041,0.0014393874453274072
3042,-0.0015226356160871098
3043,-0.00210522016657122
3044,-0.003832901491628706
3045,-0.0015507614977429349
3046,-0.00270250926426574
3047,-0.003332409136348219
3048,-0.008544186064695578
3049,0.0008068775160034458
3050,-0.004390791160581789
3051,0.0028389160975291153
3052,-0.0073192652175438945
3053,0.0026664835993441376
3054,-0.009689569897298154
3055,-0.005336455313502932
3056,-0.0035869289843405254
3057,0.0021667248757716168
3058,-0.0037140202437916797
3059,-0.00457188563167054
3060,0.00497935709970275
3061,-7.016085470126776e-05
3062,0.002128154929598239
3063,-0.0021925510679953117
3064,-0.0011055449918715536
3065,0.0027398343668670264
3066,0.0017575591601561372
3067,0.0008517797772452894
3068,-0.001647907959562045
3069,-4.583205287737521e-05
3070,-0.004618756265317329
3071,0.0033565571938310515
3072,-0.0006124819026148247
3073,0.004301751250784771
3074,0.001982878513816809
3075,-0.003478256531536904
3076,-0.003148774256957969
3077,-8.344383186358745e-05
3078,-0.0067576470637989924
3079,-0.003533096203198423
3080,-0.002620339729910319
3081,0.0028729250975161533
3082,0.0050945934081976126
3083,-0.0006420213127145413
3084,-0.008531238156047748
3085,-0.0029522273146881384
3086,-0.006240983752865234
3087,0.0003729659258027915
3088,-0.0005067419484964496
3089,-0.006835089497910684
3090,0.005334381284246535
3091,-0.007867329982409403
3092,-0.010628631704254717
3093,-0.002044225867450001
3094,0.0032289998736973607
3095,0.0004931884501533368
3096,-0.006545617447516815
3097,0.004608528182490593
3098,0.0018033215964117916
3099,-0.00922689262321361
3100,-0.009867371851332515
3101,0.0021224601868491053
3102,-0.009561120828851053
3103,-0.004213977569395257
3104,-0.004969484585564461
3105,0.0012376504368191536
3106,0.004691796244073305
3107,0.0014597407289205708
3108,0.005340544878957763
3109,-0.005708348591907178
3110,-0.004688572292360228
3111,-0.006132215030052256
3112,0.002449472282728328
3113,-0.003018344960934796
3114,-0.0018991324695699745
3115,-0.0015429786113766754
3116,0.001590384386207351
3117,-0.0022250270743340676
3118,-0.0018878603867309926
3119,-0.00550996071603474
3120,-0.00510148045425194
3121,0.00016412188374202025
3122,-0.001581617809569405
3123,0.0005678789501240081
3124,0.0005173189825778413
3125,0.0009140453872657321
3126,-0.0020206149960758472
3127,-0.001044438297855766
3128,-0.006887259412851371
3129,-0.003795160247344734
3130,0.0044288398873024715
3131,0.007831413821170825
3132,0.002184100099991048
3133,0.0005988425758432538
3134,-0.001426185903902956
3135,-0.010279630892787339
3136,-0.0037467589270744617
3137,0.0027888849888864434
3138,0.007973796758356855
3139,-0.0029772576856843605
3140,-0.00041157305983543363
3141,-0.001696791736577101
3142,-0.008071392120966928
3143,-0.004318198240934351
3144,0.0029094765270783474
3145,-0.00011920204944076279
3146,-0.010275031742254921
3147,-0.0019810082041225655
3148,0.0014286459702258086
3149,-0.0024974673388471307
3150,-0.002483704669461337
3151,-0.0012343644743803839
3152,-0.002479315837234833
3153,-0.0023046711342689583
3154,-0.004534192700890616
3155,-0.012667840633036977
3156,0.0018890791912600773
3157,0.0002957992754212234
3158,-0.002614284019054426
3159,-0.0037808700745536744
3160,0.0006512792604563798
3161,-0.0034467420395573496
3162,-0.0016093219602334903
3163,-0.007321546375787025
3164,-0.006316548989972592
3165,0.005742108631726191
3166,-0.007800167701655408
3167,0.0004542774323839094
3168,0.0004438898671548612
3169,-0.0029714853919863317
3170,0.0023070733475749478
3171,-0.00890077445779125
3172,0.003490745157011553
3173,0.0009087928388583702
3174,-0.004052264674196428
3175,7.088556182886091e-05
3176,0.00032802746299187904
3177,-0.00532477960983024
3178,0.0015414990508476126
3179,-0.0018200008301606438
3180,0.0036571109770545986
3181,-0.0049086729735160345
3182,0.000773562803370556
3183,-0.007784069064978621
3184,-0.00010771643688821386
3185,-0.001285558071569666
3186,-0.0033745766089152696
3187,-0.0034157439773736392
3188,-0.0026607439164207276
3189,-0.004119161385604798
3190,-0.007670321644758504
3191,-0.005024908334585822
3192,-0.0019198471819508109
3193,-0.003137179120238691
3194,0.00019342289556289333
3195,-0.002485503149722606
3196,-0.0025919906552924338
3197,-0.008427410262754582
3198,0.0017480685848950406
3199,-0.0032370102884532355
3200,-0.0034777006800930134
3201,-0.004866115123087086
3202,-0.003990253750048474
3203,0.0003865680761801771
3204,-0.0009925656682112857
3205,-0.004055593537358602
3206,-0.0038219316901195143
3207,0.00922799712367342
3208,-0.0038299968202249804
3209,-0.0002527426667613686
3210,0.0012446288354489472
3211,-0.003323389298475775
3212,-0.002064844022940323
3213,-0.003263062359406106
3214,-0.005771286497114534
3215,0.002624130427465163
3216,0.0027592997108633922
3217,-0.0030051307777137597
3218,-0.004355965785432958
3219,-0.00518019926200982
3220,0.003089824083230254
3221,-0.004921304318381253
3222,0.0037966294303272523
3223,-0.0009940325868704573
3224,-0.006253687066929001
3225,0.005049236046487295
3226,0.0033966470394332544
3227,-0.007946891099214828
3228,-0.007125693827208863
3229,-0.005415149839391602
3230,-0.0013125374005003368
3231,-0.00963519124009201
3232,-0.00559517247429988
3233,5.084793998698378e-05
3234,0.00034209896585779553
3235,-0.004675615339691366
3236,-0.0035635841014873618
3237,-0.0003462365436233128
3238,0.004160036366591333
3239,-0.001767033252663433
3240,-0.0136521351340027
3241,-0.0006022032513554182
3242,0.0015559654434941506
3243,-0.0027666669206888247
3244,-0.007215197448183226
3245,0.000795573403602097
3246,-0.0004247215626015412
3247,0.0006260632064624891
3248,0.00033402929891569386
3249,-0.0016310529299307062
3250,-0.0009228783336341397
3251,-0.011064257887103954
3252,-0.0006182631807932319
3253,-0.01067080881594621
3254,0.0014037129001364425
3255,-0.00969982438495107
3256,-0.00307421640107965
3257,-0.008116276065211883
3258,-0.0021773993879099472
3259,-0.002490207856754807
3260,-0.001537632432527726
3261,-0.0008380407747587484
3262,-0.00492499936838809
3263,-0.0007713705970626775
3264,0.0008824093950542608
3265,0.0012189153277485376
3266,-0.0012194729612900468
3267,-0.0023379932206076953
3268,-0.004272969494925075
3269,-0.0015639485852490913
3270,-0.005409246301708692
3271,-0.0027067168806754055
3272,-0.0009129896855947194
3273,-0.010370998444428195
3274,0.0015764179405539647
3275,0.0035935024498721484
3276,-0.002025173462440466
3277,-0.0049114413110109
3278,-0.00018658501239429692
3279,-0.006353121713536775
3280,-0.0020766679056381555
3281,-0.0029657076332980127
3282,-0.005091701575015314
3283,-0.005926348612324463
3284,-0.008777429632765347
3285,0.001780735693309582
3286,-0.007368532127884214
3287,-0.004152400140890605
3288,-0.009911340352343853
3289,-0.01525715023003395
3290,-0.0022739172885086964
3291,0.0011530336851628548
3292,-0.0035585128394078624
3293,-0.002531056359085942
3294,-0.004374690355287224
3295,-0.008216961723127428
3296,-0.0001081205920827541
3297,-0.00669324219508988
3298,-0.005088564372055605
3299,-0.001140462950720525
3300,0.0005394711996876619
3301,-0.0021787642815028103
3302,0.0004354224154485796
3303,-0.0030017986441276297
3304,0.0040099375041426945
3305,-0.002548360999969721
3306,0.0005223057014056218
3307,-0.004083021183996213
3308,-0.004450019860757989
3309,-0.003949648068983912
3310,0.0023714312359368224
3311,-0.004969902943478047
3312,0.0013307748440200343
3313,-0.009325185251068593
3314,0.00345265223669115
3315,0.006238143443100811
3316,-0.003224900475961641
3317,0.0023452874744644726
3318,0.00037401256011667175
3319,0.001862336430034868
3320,0.000735364449957511
3321,-0.008276164043415874
3322,0.005792421270077612
3323,-0.0048157807920717645
3324,-0.0062172806951885165
3325,0.0017124552853857375
3326,-0.0008745140984692673
3327,0.0059426055223465585
3328,-0.0008227343164487096
3329,-0.00597517834714956
3330,-0.0015067068340033907
3331,-0.005579667395583118
3332,-0.00595101523938572
3333,-0.005946646626218043
3334,-0.0014204554552835653
3335,-0.005732366114569072
3336,0.0020122676112683466
3337,-0.00025771406056836893
3338,-0.0019581047923140638
3339,-0.0006531373818722992
3340,-0.005912574886929027
3341,-0.0023111055034094885
3342,-0.005991410110645128
3343,-0.0029917876751639864
3344,0.0027280245832685818
3345,-0.0067606983329114925
3346,-0.002728635698397028
3347,-0.0002948913384867337
3348,-0.004886743600210235
3349,-0.002175575513397067
3350,-0.006823964990838854
3351,-0.010558638261131278
3352,0.0006152255506234605
3353,-0.0011494078685473676
3354,9.974348041919684e-05
3355,-0.004490268701374436
3356,0.0018062610193391657
3357,0.004824211124042702
3358,-0.006612144978621361
3359,0.000503573775057737
3360,-0.0033899482453920438
3361,-0.006708557870187308
3362,-0.0013825979794530527
3363,-0.0028423032855137247
3364,-0.003380759431974731
3365,-0.003732582054980404
3366,-0.002393877941134947
3367,-0.0036206845891671377
3368,-0.0026638414493474413
3369,0.00031993349210069494
3370,-0.0006450988472598146
3371,-0.0066709637603442895
3372,0.005106580855227354
3373,-0.0032478411325276638
3374,-0.008279297851637196
3375,0.0034575416560365356
3376,-0.003976725623343301
3377,0.007082469759184164
3378,-0.0025079563533475305
3379,0.0026955247423640326
3380,-0.0012667226629594283
3381,-0.00260789072233622
3382,-0.004078761305057622
3383,-0.005162055856739997
3384,0.0027322231997653768
3385,-0.003685237337599484
3386,-0.00022308340739132446
3387,-0.0048242970293480986
3388,-0.0013538788194925912
3389,0.00035402493461792264
3390,-0.0026164331540473804
3391,-0.0014717803703446705
3392,0.0016364285172339593
3393,0.0032746459184586803
3394,-0.002156438570153737
3395,-0.0014759879772891782
3396,0.004545297802224072
3397,-0.00024374008945303796
3398,-0.0016688149397425522
3399,-0.004784417114283825
3400,-0.006614580145153589
3401,-0.008131856321184246
3402,0.0006668975164015462
3403,0.0036364903913997763
3404,-0.005024279734644244
3405,-0.0055115313534992785
3406,0.00514480449496247
3407,-0.0008832140483683928
3408,-0.0023676780698922532
3409,-0.005483542583564278
3410,-0.005432507061340304
3411,-0.002672921226309119
3412,0.0025661822120075922
3413,-0.0008675278534667832
3414,0.006129304923927319
3415,0.0030992346153337277
3416,0.00660335855357605
3417,-0.0020180417883152967
3418,-0.007407530722646893
3419,-0.000892845652549476
3420,0.001723029775556606
3421,-0.005401674017032301
3422,-0.0031427928342199277
3423,-0.00208817285617955
3424,0.007255633142649563
3425,0.002848839523644918
3426,-0.0070978298964033855
3427,-0.0017512359270097783
3428,-0.003232920819581337
3429,0.001377115554292107
3430,0.003589734453829988
3431,-0.001005649549877377
3432,0.004556410154472251
3433,-0.001921183752240787
3434,-0.005728083536216143
3435,-0.007730437085203403
3436,-0.00016289499957555104
3437,-0.009379347495857594
3438,0.0002030212757326011
3439,0.007678472430353894
3440,-0.011342338791657556
3441,0.003386414866167288
3442,-0.0013812125269298953
3443,-0.0056708131048299245
3444,-0.006079834510349873
3445,-0.005975968513811856
3446,-0.0009011065758975159
3447,2.4998447259710205e-05
3448,-0.0032266699426679382
3449,-0.00024409136550537086
3450,0.002013127030228795
3451,-0.0047937776684221604
3452,0.0017471108124440353
3453,-0.003509371526666867
3454,-0.004737647176458901
3455,0.0010621290948307181
3456,-0.005921584683901214
3457,0.0055164612289008465
3458,0.0006905802881247147
3459,-0.0043662326129736174
3460,0.0016120733462418775
3461,-0.014783026469724056
3462,-0.0010477833233604704
3463,-0.0014217364127770554
3464,-0.009635207066044725
3465,0.0016722101279405127
3466,-0.008831855569569697
3467,-0.0034678339258488594
3468,-0.0056346900367344604
3469,0.0009981177322291729
3470,0.002646122542088694
3471,-0.00520212960282225
3472,-0.0017231330372230076
3473,-0.004330169103341296
3474,-0.0032470138964154904
3475,-0.0034479497444293225
3476,-0.00746711587009697
3477,-0.01306305791706066
3478,7.121005812283504e-05
3479,-0.003553627960341952
3480,-0.006219181363138988
3481,-0.005943171024439597
3482,-0.003527523566537412
3483,-3.958494533818496e-05
3484,-0.0009407969192128489
3485,-0.013191496588605137
3486,-0.007058151186205064
3487,-0.002266328104463075
3488,-0.005528176321110849
3489,0.004169921901781431
3490,-0.0037028501823817353
3491,-0.002370124927173794
3492,-0.005789095667584777
3493,-0.006070610687369315
3494,0.0035525184164603846
3495,0.005211399290927038
3496,-0.006041104676576557
3497,5.781133179046105e-05
3498,-0.010027232089963499
3499,-0.003308325958535814
3500,0.004123903554679169
3501,-0.006293404823552309
3502,0.006354519487804883
3503,-0.004442724938252849
3504,-0.003452846992981415
3505,-0.0015380132322061618
3506,-0.007225182413915926
3507,0.002303797511095114
3508,0.0012579430622047666
3509,0.00466440892261652
3510,-0.004946329336843004
3511,-0.0005075901036045855
3512,-0.0038228999660694374
3513,0.008963453673472427
3514,-0.011516649606025383
3515,0.0008534275887530397
3516,-0.0036593465534969297
3517,-0.0040582937140035275
3518,-0.0003992519230847612
3519,-0.0018611398526246076
3520,0.0028167344223627502
3521,-0.004663220455705767
3522,0.0025266392291342157
3523,-0.00489384766748004
3524,0.005567211454727761
3525,-0.0030077767642574804
3526,-0.006128830309296469
3527,-0.0033477858840752217
3528,-0.003257842635845859
3529,-0.00024785110586699605
3530,-0.0008213024092233179
3531,0.008887850319248741
3532,-0.0049885308561590964
3533,0.0036103305741850902
3534,-0.010901085052529041
3535,-0.0002422370333018016
3536,0.0018765702661019193
3537,0.0031529013921760413
3538,-0.0072866907866221825
3539,-0.0041060252114883955
3540,0.0009536147674288897
3541,-0.006251541107209858
3542,0.0030477216152085124
3543,-0.002306006579873978
3544,0.0011064028003697803
3545,-0.0016652825434052762
3546,-0.006395184322310583
3547,-0.006216902771514224
3548,-0.0034441521412377427
3549,0.006672681329928057
3550,-0.010663025778738351
3551,-0.0015502334923102983
3552,0.0012130849808783262
3553,-0.00578494498547396
3554,0.0013849671105776798
3555,-0.006391403854953105
3556,-0.00023182404490265304
3557,-0.003327886614166893
3558,-0.005403754117281421
3559,-0.0010353130570196697
3560,-0.007350837578397537
3561,-0.00773401183158217
3562,0.00017250795707330485
3563,5.829790447236041e-05
3564,-0.0024606802564972816
3565,0.0018841078051761093
3566,-0.004543082139024868
3567,-0.007520012595897831
3568,-0.00014035289593299777
3569,-0.0018744130667432204
3570,-0.003652110722126331
3571,-0.004539310093901787
3572,-0.0020762672610363693
3573,0.005418861684401467
3574,-0.00218433777225277
3575,0.0023542986652861156
3576,-9.360381833736081e-05
3577,0.0010288418019009597
3578,0.001355840456310424
3579,0.002831346257509214
3580,0.0023114001500017974
3581,0.0021382302411754595
3582,-0.0013734179913564779
3583,-0.005495114532342943
3584,0.0007298772371841858
3585,-0.005843979492817071
3586,-0.0009625949830826437
3587,-0.007828578515254238
3588,-0.011244240893095104
3589,-0.0024361820232520863
3590,-0.0009088284261967797
3591,-0.004363767895107295
3592,-0.00048754313175666114
3593,-0.00839377377170053
3594,0.001366930048241656
3595,-0.0007581496499166375
3596,0.006083695696268029
3597,-0.00220271192907031
3598,-0.008262827015249434
3599,-0.00029664140892308663
3600,0.0012635600646841473
3601,-0.002955559390256997
3602,-0.00026953577779846236
3603,-0.006169600488098146
3604,-0.0015782057537121197
3605,-0.0002844290438277809
3606,0.0013221477128543997
3607,-0.001056925640586695
3608,-0.009266907269489127
3609,0.0025903687415150638
3610,0.002571299861669943
3611,0.005557144736084398
3612,-0.0009010942830996599
3613,0.0069822481257756225
3614,0.0020032621048104576
3615,-0.006363684767501793
3616,-0.0006968810896974958
3617,-0.0019957104526211605
3618,0.00016837999068809728
3619,0.005343603504185314
3620,-0.006227333191888593
3621,-0.0030526707286149743
3622,0.00295276185854252
3623,-0.004414898348799483
3624,0.003315313430859071
3625,-0.002925543568456937
3626,0.0036150335859767707
3627,-0.0003631278854199574
3628,-0.004517835823596501
3629,-0.00874337248760823
3630,-0.004278869653381895
3631,0.0008154015290587242
3632,-0.007224435292650221
3633,-0.0048499565729832675
3634,-0.002513150053726005
3635,0.006103878576869743
3636,-0.0017863611840993401
3637,-0.015726679259872083
3638,-0.001978326416688818
3639,-0.0037272948896293345
3640,-0.004964947335878593
3641,0.0018319559449727595
3642,-0.0018991933843878102
3643,0.0002659472668202073
3644,-0.006814215156170412
3645,-0.00825609759513141
3646,0.0024443537686997044
3647,-0.006959255127812251
3648,0.0040195969727028075
3649,-0.0011799019095069113
3650,-0.005194516940596111
3651,-0.0056188807264875955
3652,-0.0004447356037231946
3653,-0.0021177360067614545
3654,-0.004039482680578851
3655,0.0026549345147023687
3656,-0.0034873196831116567
3657,-0.0029473974084530674
3658,-0.0043786776595923435
3659,-0.0013726346393616758
3660,0.0010917848575061236
3661,1.5071438304269796e-05
3662,0.0011148103341850832
3663,-0.007350096903435542
3664,-0.002555864572276481
3665,0.0008911909685273486
3666,-0.0063484467418079005
3667,0.00030129913378361753
3668,0.0008712430411127944
3669,0.0019643645696595866
3670,-0.0025861973978138914
3671,0.0064150463984823
3672,-0.010083669752603795
3673,-0.0010770787692143402
3674,-0.0019009617534175502
3675,0.0007525235689259391
3676,-0.0043667298187588036
3677,-0.007463185124493291
3678,-0.005276624686848079
3679,-0.00013764605767974808
3680,0.002486800889980434
3681,-0.003996504370433061
3682,-0.0039275842781086485
3683,0.003595530367645608
3684,-0.003961117087087004
3685,0.0015241423854845462
3686,-0.0011460573038490698
3687,-0.001268538539510554
3688,0.006617130914378551
3689,-0.0031174127318637536
3690,-0.003980767456149885
3691,-0.00710230382652751
3692,-0.005303187717404033
3693,0.005563173389846923
3694,0.003972161783529157
3695,0.0010005953859136968
3696,-0.003912875645814197
3697,0.003705629885851207
3698,-0.004589901208824215
3699,-0.0012621568307727635
3700,-0.0045288048647382124
3701,0.0028531530683820125
3702,-0.005388604708832085
3703,0.00353500667261044
3704,-0.006434729746421546
3705,-0.0012811903484833478
3706,0.0008552142754628574
3707,0.0030173040051253985
3708,-0.010195364012139954
3709,-0.008396941109114535
3710,-0.0024296092490477712
3711,-0.005131270435671586
3712,0.0029548818983667416
3713,-0.0013622065813237404
3714,-0.006083049695949666
3715,-1.4235009561297529e-05
3716,-0.005874192799416041
3717,-0.0007866994675916755
3718,-0.0025796402920855617
3719,0.00527054347877829
3720,-0.0017599728166541873
3721,-0.007148638274732465
3722,-0.0035411363795530906
3723,-0.005027298796962905
3724,-0.0007104508290676978
3725,-0.0037256945404590194
3726,0.00012125052200470665
3727,0.00023319783875459105
3728,-0.0043149638894209134
3729,-0.00683377877742139
3730,-0.0016560651125125773
3731,-0.004520585669649406
3732,-0.009610157489947122
3733,0.002889961755368202
3734,-0.0024974915929297237
3735,-0.004683629494091575
3736,0.0016974247247421928
3737,-0.0036065360401362143
3738,0.00036971711998155105
3739,0.0022728442680889083
3740,-0.004285415410952585
3741,-0.005307707313836119
3742,-0.006084224595934537
3743,0.007316034346376413
3744,-0.008555220889946646
3745,-0.00016194047975928022
3746,0.0017376734724969048
3747,-0.0026207825055561684
3748,0.003007560401248284
3749,-0.003280850506074774
3750,-0.006035957280162783
3751,-0.0016931281386295127
3752,-0.004311314230003471
3753,-0.00039868284603670687
3754,-0.0032578237428453824
3755,-0.0011076817864711652
3756,-0.008812112683065147
3757,0.0017954147037055404
3758,-0.0021453592971020993
3759,-0.006021778293036243
3760,0.0025361674048555785
3761,-0.001394654896292577
3762,-0.0001426065021356629
3763,-0.0058197432221275824
3764,-0.0064299073885094385
3765,-0.0014008306407384923
3766,0.006874369159602729
3767,-0.010457319466827462
3768,-0.0015003815485357605
3769,-0.00021819143366230698
3770,-0.005897542309575659
3771,0.011508344728144812
3772,0.0016042745026051547
3773,-0.009145876603628679
3774,-0.008210096089290377
3775,-0.004555521736874117
3776,-0.002430394160776214
3777,0.0006911210984030108
3778,0.00038574746168236473
3779,0.0025554842474642576
3780,-0.006331444951400145
3781,-0.0008653165661606753
3782,-0.005179601348240779
3783,-0.003231141683104795
3784,-0.00453092318346715
3785,-0.0018875423728814122
3786,-0.0010265820864811537
3787,0.002889574374506397
3788,0.0007879692063010868
3789,0.0035380862488363397
3790,-0.0030764159881639247
3791,-0.0012723664630820974
3792,-0.007466172679975805
3793,-0.005035334369644592
3794,-0.0013544843932272108
3795,-0.007401247152738637
3796,-0.00594839303961946
3797,0.0016011181811205824
3798,-0.006219766086974783
3799,-0.0030791220830344093
3800,-0.006232298318007156
3801,0.0024830679633708226
3802,-0.004377878814378455
3803,0.0012368573357430454
3804,0.005070522262613505
3805,-0.0017066789652347356
3806,0.0010405900546075
3807,-0.006441020979133787
3808,-0.005136444910584105
3809,-0.008752747553358007
3810,0.0008185973587946961
3811,0.006377886289524119
3812,-0.004105832277249106
3813,-0.007307597795839768
3814,0.003523295950488694
3815,-0.0016091143992836045
3816,-0.009054595438245282
3817,0.00237850826778873
3818,0.002818807685706276
3819,-0.0023430267108085698
3820,0.0012816676682957003
3821,-0.0015424791423762976
3822,0.000847370867629909
3823,-0.007556375584516044
3824,-0.005254040224414263
3825,-0.00339596325015204
3826,0.0029374485142863657
3827,-0.008650119486548584
3828,-0.005594898961341691
3829,-0.0026928252976802583
3830,0.003320095264037124
3831,-0.0035692807518130226
3832,-0.004600928727936923
3833,-0.005181703222736936
3834,-0.00387510568708746
3835,-0.0009367039509125402
3836,0.0008563641590518568
3837,-0.003753393845832717
3838,-0.004951227450682348
3839,0.0007276969010709712
3840,0.004782984127887722
3841,-0.001855590701680801
3842,-0.004846927808435347
3843,-0.005409417269722008
3844,-0.005801211501652866
3845,-0.0034575882431209203
3846,5.1474088097192006e-06
3847,-0.003959251335782003
3848,-0.0032189476456768763
3849,-0.0008414286555175829
3850,0.002351456165579375
3851,-0.0011586639106389365
3852,0.0015025350958835226
3853,-0.004251567120889966
3854,-0.003222412313366594
3855,-0.008077835525473726
3856,-0.0037196821077535615
3857,-0.007310256295324318
3858,-0.00993442305725626
3859,-0.0046907571860708985
3860,0.00615483373705468
3861,-0.0022543965965983945
3862,0.002720650930223313
3863,-0.003398685659700175
3864,-0.0004886581486473092
3865,-0.010746763679082505
3866,0.0015805201487789286
3867,-0.00886538721627771
3868,-0.00030788194918703396
3869,-0.0035347385648911954
3870,-0.0025399696015489595
3871,-0.00019802226452880073
3872,-0.0035769429185715344
3873,-0.00026074297160257054
3874,-0.0024014203663665634
3875,-0.0006097906446215738
3876,-0.00021438233821281794
3877,-0.010438990470033431
3878,0.00266443105595187
3879,-0.0028150494597521496
3880,0.0020476051170782925
3881,7.024444394938822e-05
3882,-0.0037449140015205773
3883,-0.007672306634728114
3884,-0.0021945552186529507
3885,-0.005441462779340586
3886,0.002551536273368335
3887,-0.002214699012118116
3888,-0.004859748416508474
3889,-0.0049123517501287114
3890,-0.00197443876149056
3891,-0.005270346099017869
3892,-0.0019969563009991087
3893,-0.0034995861954379565
3894,0.003986380848340857
3895,-0.007438899825120391
3896,-0.004550891301737768
3897,-0.005506950591927066
3898,0.007979309664881026
3899,-0.006153223336292285
3900,-0.0062313042180056205
3901,-0.0015853244063731911
3902,0.006063975417627484
3903,-0.002274777676673126
3904,-0.004054486186500131
3905,-0.0037879511123893837
3906,0.0005441163910219517
3907,0.0010253506182476557
3908,-0.0002956041104688195
3909,-0.00018566932810443193
3910,-0.0031376829211100105
3911,-0.006948421967861971
3912,0.004728744379223611
3913,6.799749041905973e-05
3914,-0.0004817031622779411
3915,-0.0037842812850069144
3916,-0.0007856148862143454
3917,-0.002289315677520734
3918,0.0014277825547777123
3919,-0.003498376092590544
3920,-0.001143386737279893
3921,-0.0045973403141472
3922,0.0020342651915070606
3923,0.0023353928550480588
3924,-0.004015993868655188
3925,-0.01156439826558633
3926,-0.00040766124126694753
3927,0.0006293978511810738
3928,-0.0009650784410760831
3929,-0.005459035986207582
3930,-0.0005230845050236861
3931,-0.003657789266844756
3932,0.0025100927377541687
3933,-9.575168610416462e-05
3934,-0.00632005225914423
3935,-0.00511237480666054
3936,-0.0015085759352643918
3937,-0.0025677941566939963
3938,0.0021614967560336304
3939,-0.004790194374550347
3940,-0.0033170517777810424
3941,-0.0040671586149566286
3942,-0.0054222811014821536
3943,0.0009334668938747459
3944,-0.0022541789273782357
3945,-0.002929025481684791
3946,0.00011250176852502236
3947,-0.002542851505058199
3948,-0.004872178634889826
3949,-0.004178152987199611
3950,0.007030485837385941
3951,0.0009404693172845591
3952,0.0011502291630890449
3953,0.00034244006401158017
3954,-0.0012925964895220791
3955,0.0042780097558425476
3956,-0.006917670433590591
3957,-0.002838267299184176
3958,-0.0035867248353097896
3959,-0.0004233445445940495
3960,-0.005335075082391887
3961,-0.004021534169166667
3962,-0.004710847822070402
3963,-0.004282858516807715
3964,-0.007143548153973833
3965,-0.004622021447462911
3966,0.0035018202179892682
3967,0.002432086436544849
3968,-0.004892939734555582
3969,-0.01265217802365929
3970,-0.0022229416028101898
3971,-0.010639456168381089
3972,0.0015950873147621732
3973,-0.008001231696407169
3974,-0.001410280399392656
3975,-0.008263994315964456
3976,0.0009885410926765217
3977,-0.00020604663824821262
3978,-0.0036912748044751545
3979,0.0007951527810536319
3980,0.002760251163264397
3981,0.00942762236261789
3982,-0.01016376696245036
3983,-0.0026482829757931807
3984,-0.0030312783466119805
3985,0.003913767057797203
3986,-0.001099040116883214
3987,-0.0023696979393703216
3988,-0.007934804126756123
3989,0.003097692553589961
3990,0.0005457697365345987
3991,0.0053135493813357
3992,-0.002890111687211712
3993,0.0012055055161958525
3994,0.004819733475501461
3995,-0.0066636073952041006
3996,0.0009232675694044734
3997,-0.0023599068848832207
3998,-0.009901991070996999
3999,0.0012773224741294414
4000,0.0017586596125351676
4001,-0.004337145602225145
4002,-0.0006658235090948178
4003,-0.0006211719878657963
4004,0.0036725303126155934
4005,-0.01060273354777451
4006,-0.0030444139005289805
4007,-0.0030560080710947055
4008,-0.0032201114949462414
4009,0.003514242113950683
4010,0.008673348863324916
4011,0.0029762472067883655
4012,-0.008396022134329533
4013,0.001214641010429108
4014,-0.0035805970846696893
4015,-0.005915652354724212
4016,-0.0064530509600119225
4017,-0.00117668493231839
4018,0.005634476449815594
4019,0.0035665578870618837
4020,-0.001090187484233368
4021,0.004275215883623534
4022,-0.0007963542097490506
4023,0.0019059683289730824
4024,-0.0010429535404060872
4025,-0.004789767202046932
4026,-0.004158849968716943
4027,-0.0037820358476401937
4028,0.0007069949262920733
4029,0.00331472990224628
4030,-0.0018406264780193443
4031,-0.005965928717750077
4032,0.0002115050575094181
4033,0.004625831083052166
4034,0.007650431460809369
4035,-0.0015002405315411374
4036,-0.002585908883167183
4037,-0.004619847879929823
4038,-0.0006822410025459288
4039,0.0069225803486892765
4040,-0.006837921048649713
4041,-0.003586781885098516
4042,-0.001602445504362806
4043,-0.004797935745307687
4044,-0.004144773630791687
4045,0.0014633349106269455
4046,-0.008792055137822531
4047,-0.005439526330329899
4048,0.0003281101534440903
4049,-0.0013563748847202559
4050,0.004234813382833009
4051,0.0030811472003218487
4052,0.0010992261798213297
4053,-0.006430459811477839
4054,0.0012981509738585265
4055,-0.0012304681731738314
4056,0.003941444441059445
4057,0.0031966844254445806
4058,-0.0010870263169799298
4059,-0.0013097857892279442
4060,0.003415156846078779
4061,0.0030868324038081166
4062,0.0018707608599309034
4063,-0.004374157269593372
4064,-0.005607701661982663
4065,0.002782283296149199
4066,0.002935435982536809
4067,-0.007305697102872176
4068,-0.003807754019916808
4069,0.00013789224046763943
4070,-0.0022995670224329606
4071,-0.002309454250168555
4072,-0.001670239300415155
4073,0.0026337407958150066
4074,-0.003737527645279251
4075,0.0018958329297690708
4076,-0.0007301359329562468
4077,0.0033005430361661633
4078,0.0035585474594920403
4079,-0.006656852608127609
4080,-0.004168637136595415
4081,0.0051985007596312
4082,-0.005831301082835742
4083,-0.005157387250854781
4084,0.002462841220937241
4085,0.00016492727310556468
4086,0.0011572337931798973
4087,-0.0007262844034495314
4088,0.0017877817699900912
4089,-0.001396726887408016
4090,-0.001242459018288837
4091,-0.002289303267741759
4092,-0.000748134902696089
4093,0.0006742019836414523
4094,-0.00168237665714243
4095,-0.005759285542408274
4096,-0.005329131020585243
4097,-0.005838480471838957
4098,0.0037855555607790373
4099,-0.0012786985262184317
4100,-0.0021068256005592444
4101,3.9791110138347185e-05
4102,-0.004428502119012686
4103,0.003624317922414022
4104,-0.006416104881778181
4105,-0.004947089837348394
4106,0.0012826708692147137
4107,-0.002537240363811852
4108,0.0009736989899717385
4109,-0.0019007350625851877
4110,0.0013030371352173373
4111,-0.0037595114811042156
4112,-0.004260481462015572
4113,-0.0011420627434927007
4114,-0.0012512842407168927
4115,0.00015558517725017262
4116,0.002011209685942157
4117,-0.004221919278836764
4118,-0.004137877770394378
4119,0.0020595592657158233
4120,-0.0039544199286453835
4121,-0.0031975158086891345
4122,0.004727938512202094
4123,-0.004321514605174971
4124,-0.004116001593766395
4125,0.0030180122076507165
4126,-0.006956665820762355
4127,-0.004190836336636965
4128,-0.005941898461216032
4129,0.0002775779449186791
4130,-0.0018809129694022722
4131,-0.0008287217001822673
4132,0.0008209954352490466
4133,-0.0018678497403520726
4134,0.0016374275030976125
4135,-0.00829060083098266
4136,0.005429554305399799
4137,-0.002532466821363724
4138,0.003956967966545946
4139,0.001890282990439654
4140,-0.0027875421121105123
4141,0.0008463028109388891
4142,-0.003983336837338897
4143,-0.003554169210310947
4144,0.0011832758967577836
4145,-0.0013213389143179669
4146,-0.007665877061897381
4147,-0.0053556181498270496
4148,-0.006880191717172236
4149,-0.009647050886553064
4150,-0.002224021935414825
4151,0.00148428776241092
4152,0.0018331937694229389
4153,-0.006031351186576467
4154,-0.0010768719059331827
4155,-0.008994880927355085
4156,-0.0041032890261206295
4157,-0.0007131358496734429
4158,0.0015732748091365004
4159,0.00231415577142809
4160,-0.0034318673083518873
4161,-0.0017369354873958756
4162,-0.0063879021736396
4163,-0.0007355208927043028
4164,-0.0014359528048752401
4165,-0.007010412015223216
4166,-0.004400319561811188
4167,-0.005639210684589523
4168,0.0029589980321998027
4169,-0.002392983242221716
4170,-0.004714515546642324
4171,-0.009740519908108008
4172,0.003547490078156877
4173,-0.00274605387219232
4174,-0.00283824075932404
4175,-0.00022334793784519608
4176,0.004758096716604477
4177,0.00026259210476254485
4178,-0.001400112700012706
4179,-0.005254090584703611
4180,-0.00043131711151633834
4181,-0.003983128148306279
4182,0.0011451859856754926
4183,0.0035463046559029085
4184,-0.0055658626266452856
4185,0.0020858687712365723
4186,-0.0011464564634783327
4187,0.0018117218397487502
4188,-0.0026505606279768404
4189,0.0023690931943828597
4190,-0.0017343578878733328
4191,-0.0006009080227959013
4192,-0.0072525484511181855
4193,0.0016048828696547078
4194,-0.0023057123799130573
4195,-0.004937551959843002
4196,-0.0030781591214628506
4197,-0.0037139571934242874
4198,-0.004540969195798265
4199,0.003005381541753834
4200,-0.008921358325217739
4201,-0.003515130694319621
4202,-0.008340250266507913
4203,0.001450246490388933
4204,-0.0003695605786727986
4205,-0.0038737050744113814
4206,-0.006478662788761153
4207,-0.002202569401257251
4208,-0.0009376841052062407
4209,0.001378601629912636
4210,0.0029124120237713873
4211,-0.0022174695614595244
4212,-0.0036479077426581352
4213,-0.006673227267145837
4214,-0.0021649377374271354
4215,-0.005714181638673953
4216,-0.008683542947675649
4217,-0.005882979524644661
4218,0.0008072719658491559
4219,-0.004861168900620209
4220,-0.00127293809438557
4221,-0.006999808333740698
4222,-0.003932692000996267
4223,-0.0053041598519994355
4224,0.0022430025967320917
4225,-0.006883344268281091
4226,-0.00857958340169503
4227,-0.00677929064981217
4228,-0.001656560265351898
4229,-0.006712933569818544
4230,-0.0013648384827215226
4231,-0.003603501367528239
4232,-0.0036219678331776348
4233,-0.001942540513312361
4234,0.0019394182502233785
4235,-0.0005163250043831828
4236,-0.0021195194839360547
4237,-0.003913470800441611
4238,-0.0011816708409965009
4239,-0.002460431141238492
4240,0.003519535404360629
4241,-0.002548397539560855
4242,-0.010390644150227515
4243,-0.00659312411746097
4244,0.0014621054685664964
4245,0.0034898426431814143
4246,-0.005100549728217808
4247,-0.0051319162522691815
4248,0.0022981253240276778
4249,-0.00799133418765486
4250,-0.005263137312408302
4251,-0.0023786508537721462
4252,-0.0035421291310305456
4253,-0.004794603130610774
4254,-0.004379969774420428
4255,-0.004206649909519133
4256,-0.0022336540605462363
4257,-0.0002573884776660533
4258,-0.0010602615840539995
4259,-0.004608857560274689
4260,-0.005950052947482971
4261,-0.002050848763966027
4262,-0.0007884681350137611
4263,-0.0020512272047397556
4264,-0.007608354034966906
4265,0.0012092211797711805
4266,-0.0011482451943122737
4267,-0.002622488612108162
4268,0.00490963925447082
4269,-0.004213293192439075
4270,-0.004121375038083994
4271,-0.003905285693319365
4272,0.005842596897469788
4273,0.0003249674848816893
4274,-0.010267835691163522
4275,-0.0041371362210538415
4276,-0.010615420339745833
4277,-0.0036457321713254734
4278,-0.003962650770440983
4279,-0.007505768957210182
4280,-0.0019035204162022867
4281,-0.003284122786000508
4282,-0.0017537109257870567
4283,-0.0012698947130904692
4284,-0.0043871085718200815
4285,1.1948095549592017e-05
4286,-0.0028638242574467072
4287,-0.0059201634384028305
4288,0.0017024425252367276
4289,-0.005180291049511416
4290,-0.0035383484393721465
4291,-0.0035644041789250555
4292,0.00118975222521598
4293,-0.00040101477238775954
4294,0.0021544162795271715
4295,-0.01183887208551087
4296,-0.003928152710183496
4297,0.0015024095764979567
4298,-0.0013037207913600413
4299,-0.0050846098635915875
4300,-0.009678560815793196
4301,0.005211601123578338
4302,0.0018826666049538317
4303,0.002561824302678359
4304,0.0004891568222548798
4305,-0.0027040281054329512
4306,-0.007946584441341959
4307,0.004469668768019151
4308,-0.00610603481252597
4309,-0.002164218177020758
4310,0.000718002111066509
4311,0.002229997082502412
4312,-0.0025721534677081923
4313,-0.01157874605916813
4314,-0.004021745031316866
4315,-0.002884713493691949
4316,-0.004880967089109203
4317,0.0026841503797453356
4318,0.00046563662192733446
4319,0.000519020139563408
4320,-0.006216233941059787
4321,-0.0032558908642279782
4322,-0.0031504640400708897
4323,-0.0015222522020111769
4324,-0.0023308830085247353
4325,0.0012969287045064906
4326,-0.0023316363351753716
4327,-0.002311791141715251
4328,0.003104159422003913
4329,0.0024212259507978076
4330,-0.00906603777476737
4331,0.00024288612782760385
4332,-0.009034672099650441
4333,-0.004761680552755384
4334,-0.0019382664700666394
4335,0.0021727437717554803
4336,-0.002379902565015437
4337,-0.005029170632392617
4338,-0.010382632090110335
4339,-0.0010894083983965103
4340,-0.00396143471871109
4341,0.007972237110686904
4342,-0.002564682581586361
4343,-0.001510531401983265
4344,-0.0041064430494837725
4345,-0.003421447915356708
4346,0.0036124948299355655
4347,-0.0001727376651742829
4348,-0.0019784086554068027
4349,-0.004163251331595501
4350,0.001353192544553225
4351,-0.0023129886317312075
4352,0.0021469758177890957
4353,6.178717165020858e-05
4354,-0.0027666673303246014
4355,0.004021095863794479
4356,-0.004629304963464604
4357,-0.0073132535302010415
4358,0.0006863136515422828
4359,-0.010419867384723662
4360,-0.005085764737908862
4361,0.00220309251265164
4362,-0.0076774881527415795
4363,-0.006541600147031607
4364,0.004138517426241849
4365,-0.0004327339482191536
4366,-0.0026246173189219263
4367,-0.009438504123284917
4368,-0.007637091950853433
4369,-0.006080741672597596
4370,0.0068544045177477975
4371,-0.007991788068187983
4372,0.003872754187409358
4373,-0.006068909630008182
4374,-0.013375595916471406
4375,-0.001288061202228158
4376,0.0019497040571383947
4377,0.001335333147651753
4378,-0.004708732288854427
4379,-0.004487202017657042
4380,6.835775501241523e-05
4381,-0.010410037204523295
4382,-0.0023283976990269087
4383,-0.004572984334129903
4384,-0.00041760617388587884
4385,-0.0004727723407517183
4386,-0.0011738959383073462
4387,-0.0018501805904327512
4388,0.0009349780301773497
4389,-0.0037386156290902736
4390,-0.0038966905215792463
4391,-0.0018757758296272797
4392,-0.007392230995772339
4393,-0.002295018533266486
4394,0.0025042129351822984
4395,0.0026889653766785926
4396,-0.007091604228069065
4397,-0.0025270254724829577
4398,-0.008152978471219829
4399,-0.010027755612616332
4400,0.0031848014530406824
4401,0.0007106077768918306
4402,-0.007334353455060217
4403,0.002853412339733692
4404,-0.00031102992877639
4405,-0.0023911847730167975
4406,-0.0012551997484040768
4407,0.0017942030605106185
4408,0.003143966379301713
4409,-0.003653544334889021
4410,-0.003283028026684783
4411,-0.008785823656671847
4412,-0.007970902442854859
4413,-0.0019152312889908797
4414,-0.00021581887942576441
4415,-0.008952060430353917
4416,-0.0039054926174144806
4417,-0.004342346431113635
4418,-0.0028017914849785275
4419,-0.0017702447213019772
4420,-0.0068169085474170145
4421,-0.003641967318207571
4422,-0.0019275320113280626
4423,-0.0006933278413934485
4424,-0.0019859124334884494
4425,0.0009526400109632384
4426,-0.004283213265238488
4427,0.008396099211369634
4428,-0.0008592720419862733
4429,-0.001345362966922621
4430,-0.002015141651006625
4431,-0.0035734439048461623
4432,-0.009520916287815706
4433,-0.0031118023964702424
4434,0.004485278029279671
4435,-0.0024277120568381334
4436,-0.005425650833693403
4437,-0.0008747510746614229
4438,-0.0030398115413430085
4439,-0.005165686167182146
4440,0.0032970686019759485
4441,-0.003914969711121447
4442,-0.00672144247051621
4443,0.0037790408241888777
4444,0.007341002410316436
4445,0.0017670190637370797
4446,0.002360629502559934
4447,0.0004304488387759618
4448,-0.0055335410190086864
4449,-0.002728067423205506
4450,-0.000445732519891516
4451,-0.009446105872399392
4452,-0.00039111375865117856
4453,0.003360414781259917
4454,-0.0016016274211723726
4455,-0.004655037850029679
4456,0.0026971164033704927
4457,0.00030993166174878364
4458,0.0006408140238684627
4459,-0.004183167626893396
4460,-0.00038804985406520887
4461,0.00029136944964502226
4462,-0.0035578252834169363
4463,0.004516239757313675
4464,-0.009577084653893356
4465,-0.009565507711726831
4466,-0.0012238409936782546
4467,0.00035487809764536346
4468,-0.0021323864488706733
4469,-0.0033332705904345894
4470,-0.002359578075645373
4471,0.0021751111293395256
4472,0.0027225498726845473
4473,-0.004832238111852131
4474,-0.0037134722887249526
4475,-0.005549921713884826
4476,0.004027107762025153
4477,-0.0029440406628646817
4478,-0.004421556024479054
4479,-0.0016563793072838888
4480,-0.002471849519837928
4481,-0.0012833973716594935
4482,0.005336732647588851
4483,0.003706540111600671
4484,-0.003592442581769155
4485,0.0013999309025563983
4486,0.004375004775340918
4487,-0.003958087648251396
4488,-0.004737974754700124
4489,-4.206129574913994e-05
4490,-0.0030273187369643413
4491,-0.0023254519985791942
4492,0.0016213543079446266
4493,0.006673457138122202
4494,0.0018556873091551788
4495,-0.00019209387259919858
4496,0.0017826417032663425
4497,-0.0012397387096988177
4498,-0.0002445891017242678
4499,-0.003447454462853501
4500,9.073402278764187e-06
4501,-0.0003389492548900863
4502,-0.0034748578669590337
4503,-0.0018209200695517846
4504,-0.002916186879588445
4505,-0.006987685159898369
4506,-0.0022731162224419454
4507,-0.0030619389877425823
4508,-0.0031856810857385683
4509,-0.00868195065172039
4510,-0.004083690407647448
4511,-0.00029206309303519973
4512,-0.0044516838061325024
4513,-0.004655139806222407
4514,-0.00046520065626168283
4515,-0.0029918307544911198
4516,-0.007236988656155449
4517,0.0036187091864990986
4518,-0.0034539120377184603
4519,-0.009826733314499108
4520,-0.0036839222131244617
4521,0.0027946077312149264
4522,0.006010526412977134
4523,-0.002782859879075089
4524,-0.004197736515240434
4525,-0.0072429137117422625
4526,-0.005183669604973899
4527,0.004657537282616357
4528,-0.006212241345498543
4529,-0.005272979949882246
4530,-0.0006810640640972261
4531,-0.004021829694931381
4532,-0.0012570946976561068
4533,-0.00021402752235560873
4534,-0.000521287917769557
4535,0.00015715745684773824
4536,0.0001942170672634587
4537,-0.00947183350951952
4538,-0.003515600114037381
4539,-0.004274210021650009
4540,-0.004315865834880826
4541,0.004727462578656062
4542,-0.006522442537949674
4543,-0.002769639067240294
4544,-0.0021231198943087275
4545,-0.0010633287502600577
4546,-0.0001169955227518539
4547,0.006249879453631663
4548,0.004683092276131021
4549,-0.011378220243015113
4550,-0.002100850606927978
4551,-0.0019190320299030637
4552,-0.007367230747042722
4553,-0.003451563103231331
4554,-0.0075207835890356775
4555,0.0036750504260718714
4556,-0.002631397021790164
4557,-0.0015121863768702212
4558,0.0021376443835155676
4559,-0.0008790551078403548
4560,0.0013597074781108373
4561,-0.0002740045609105658
4562,0.0005971277394737906
4563,-0.013725179419486186
4564,-0.003946645018385819
4565,-0.0050233665873143304
4566,0.0056167092822674465
4567,-0.005501926181338539
4568,-0.0046968927969599505
4569,-0.000886628482726956
4570,-0.008832363323873375
4571,-0.0059915611081471885
4572,-0.0032755610709031893
4573,-0.0009620834555387064
4574,-0.004140043234048825
4575,-0.0016274230830207077
4576,-0.010500637449657388
4577,-0.0042319674338922204
4578,0.004500743992847188
4579,-0.009202551384279882
4580,0.00034285845047616476
4581,-0.0023368642869548116
4582,-0.0035008232119447154
4583,0.002751595802788852
4584,-0.008110373813627197
4585,0.0010362274407028776
4586,-0.0012812967202320315
4587,-0.004963020571705615
4588,-0.00015053089119370505
4589,-0.005705100241953198
4590,-0.00782859718549326
4591,-0.005810863051089642
4592,-0.0004532780916382956
4593,0.0021381224284130057
4594,-0.0006227842307977259
4595,0.0007082575155148013
4596,0.0043784128821817495
4597,-1.2132256497231209e-05
4598,-0.00045775145063077505
4599,-0.008611079477895467
4600,-0.001660330849820875
4601,-0.006925774350827314
4602,0.0052901002311594204
4603,-0.0006210261424801425
4604,0.0029710643820109323
4605,-7.175644513790491e-05
4606,-0.0007979482192016635
4607,0.004420368646219749
4608,0.0005222069295321777
4609,0.0007337867378457187
4610,0.0015560745004399613
4611,-0.0026958857432132603
4612,-0.004198981897759465
4613,0.001352498530965942
4614,-0.008501993841313098
4615,0.0032795776473834963
4616,-0.006171265637184141
4617,0.001213048769212948
4618,-0.0030009321587003215
4619,-0.008453724975628175
4620,-0.003407566172644653
4621,-0.0023851504743477928
4622,-0.002489580490928473
4623,-0.0016124572887788458
4624,-0.0016909554536122494
4625,-0.0038558940075831653
4626,0.0004471695757847678
4627,-0.0013957703915647608
4628,0.003651546640066179
4629,0.0032072991558966396
4630,-0.002974002335700946
4631,-0.006610691306114604
4632,-0.006145358662732477
4633,-0.013835923767496587
4634,-0.0011196176486442388
4635,-0.0032826600721670533
4636,-0.0021200426307900685
4637,0.002190150923602245
4638,0.0004285890172891389
4639,-0.001823793583072466
4640,0.0034062112013065193
4641,-0.002705816937457863
4642,-0.0016973718117504338
4643,-0.003166408482358371
4644,-0.004940554525657184
4645,-0.006069752876587259
4646,-0.003539748105112161
4647,-0.0012511073076222935
4648,-0.006813183897162036
4649,-0.0029342135245989873
4650,0.0010580817083261224
4651,-0.006564141424965003
4652,-0.00866511210565813
4653,0.00016615504045549082
4654,-0.0024798890191652656
4655,-0.0012966498439486336
4656,-0.011254612013068196
4657,-0.003309906424175984
4658,-0.0056329343525966
4659,-0.004355129820169459
4660,-0.0023826469454770113
4661,-0.007364024736085932
4662,-0.007026955692548385
4663,-0.006286440734321448
4664,0.0035664170874249793
4665,0.004992595401533757
4666,0.006050633845424473
4667,-0.0032013145663140896
4668,-0.0038284252889859496
4669,0.005429183171306761
4670,-0.005377875049635401
4671,0.001386164150331111
4672,-0.0019632297870736497
4673,-0.010219108220015188
4674,-0.0038501330720615776
4675,-0.002696384203232864
4676,0.0017076493230337025
4677,-0.0040131750544055295
4678,-0.006377167089459644
4679,0.002101428145391576
4680,-0.0047989969900456425
4681,-0.006309867063697291
4682,-0.0024940514121948483
4683,-7.301027283822259e-06
4684,0.0013132119724193966
4685,-0.009144014669857859
4686,-0.0014690321468604876
4687,-0.0011299295657633754
4688,-0.009388537105491895
4689,0.00032446038442088265
4690,-0.0012493623335927267
4691,-0.006813980799573346
4692,-0.004508245287327555
4693,0.0012346094840756036
4694,-0.004627427399526731
4695,0.0031849036770877012
4696,0.0018863010071730087
4697,-0.0004629269154498919
4698,-0.0009012541930034645
4699,-0.004660720541962916
4700,-0.005875306956793072
4701,0.00478550446990457
4702,-0.00403726849394442
4703,-0.0009843615057000682
4704,-0.009305450855818343
4705,-0.004891037773089576
4706,-0.0024815114889028753
4707,-0.001552245823032053
4708,0.004454977181386158
4709,-0.0033017536969801517
4710,-0.003710736731917002
4711,-0.00528678904488019
4712,0.00322524772701014
4713,-0.0020579351843918944
4714,-0.004268916932627813
4715,0.002483344142419512
4716,0.002807218119762256
4717,-0.0004558922791934941
4718,0.00039274661020177043
4719,-0.0028348188941792404
4720,-0.006053638985332982
4721,-0.002778822866290779
4722,-0.002018365657419561
4723,-0.0020118908184841057
4724,-0.0005894930173992868
4725,-0.004126937147131797
4726,-0.005292704452204262
4727,-0.003323632316572206
4728,-0.008495613989994918
4729,0.003952116645053055
4730,-0.0042154950363028285
4731,-0.004695704164032286
4732,0.002445664395980339
4733,-0.002629395650577307
4734,-0.007370741366032191
4735,-0.006087658044578607
4736,-0.00531759940134716
4737,-0.003656420561210849
4738,-0.0027977779375822284
4739,-0.009935095491065374
4740,-0.0008243941916710913
4741,-0.007216367544940004
4742,0.004098607152870262
4743,0.003544570824862918
4744,0.003388864488524306
4745,0.005256893587746812
4746,-0.002540066376019879
4747,0.0003522187177361566
4748,-0.007122027389633533
4749,0.003930329079529889
4750,-0.004984423661347687
4751,0.001302710004291576
4752,0.0017659948810005988
4753,-0.0009948425990980343
4754,-0.00040802977271160723
4755,-0.00405744163968676
4756,0.003316136770730921
4757,-0.007314779775585759
4758,0.0017478494232573208
4759,-0.00011167616714079232
4760,-0.006201966533214424
4761,0.004452959723417475
4762,-0.00541751804092739
4763,-0.0007990919684205955
4764,-0.0009827866140806503
4765,0.000913254110253784
4766,-0.01376902467659679
4767,0.002065424273044715
4768,0.003127077601247391
4769,-0.00658535718156919
4770,0.0020416074232898485
4771,-0.00815356038259061
4772,-0.0033391042904079883
4773,0.002176274123081634
4774,-0.010169214174109611
4775,-0.0030514172404453657
4776,-0.0016736351667615765
4777,-0.003118445809192228
4778,-0.007933227964309352
4779,-0.006080092017187906
4780,-0.0033604160453511167
4781,-0.005535614052149581
4782,0.0042247460434315445
4783,0.001335687777961326
4784,-0.003491535402834471
4785,-0.0016955630026060514
4786,-0.006834875888920764
4787,0.0020912257995838457
4788,-0.00036061876181518737
4789,-0.00465388835467815
4790,-0.001553653086488905
4791,-0.0013845538318953757
4792,-0.0030224074287511435
4793,-0.012101056800745674
4794,-0.0035376784082493083
4795,-0.0027777294310038295
4796,-0.003906570599943926
4797,0.004077778587185915
4798,-0.004568468086803196
4799,0.0013515008334586479
4800,-0.005433407907979023
4801,-0.008910710370301878
4802,-0.007421664716862834
4803,-0.0037638613560888948
4804,-0.008471255605320978
4805,-0.006264012801921241
4806,-0.0014083758372994137
4807,0.00045687351038421753
4808,-0.0044517779692854025
4809,-0.0040313109470768195
4810,0.004295893364284403
4811,-0.00011963602367769804
4812,0.004439032817016082
4813,-0.0037295712517702584
4814,0.004104760099066802
4815,-0.0042250496104075524
4816,-0.0033201109684998786
4817,-0.0019137402236205636
4818,-0.003963783877432667
4819,-0.001750696490056089
4820,0.0016118333188949695
4821,0.0037676172272222003
4822,-0.009499296816730472
4823,0.0002259968729133345
4824,-0.0015655211164120678
4825,-0.004781854893653695
4826,0.00033762246643897695
4827,0.0006119549860693733
4828,0.00326624323018581
4829,-0.0042177217594158364
4830,-0.0026794742256854506
4831,-0.008152285410080534
4832,0.00280221927290494
4833,0.004315069452961756
4834,0.0021241790858747764
4835,-0.0015299813625310812
4836,-0.005665740859246343
4837,0.0012754810999665162
4838,0.0006867209834925669
4839,-0.0022628191849103085
4840,0.0007390507273956418
4841,0.007256500729672551
4842,-0.008641198870265872
4843,-0.009627791026861714
4844,0.0008514735772950852
4845,0.0015028820165948337
4846,-0.0030305626000802777
4847,-0.0051523309073615645
4848,-0.00456263717121352
4849,0.0008445624141678598
4850,-0.0025096353160086182
4851,0.00040422917004951514
4852,-0.0013277529459408306
4853,0.003305969328289776
4854,-0.0010245952539969794
4855,0.004164153390028055
4856,0.005356182802374342
4857,-0.0009072346173742696
4858,-0.003257435423356332
4859,-0.005290102347536581
4860,-0.0061636273087120885
4861,-0.002958757676643071
4862,-0.006303903517225904
4863,-0.004689747013430258
4864,-0.0008384045977370136
4865,-0.0005211984098025431
4866,-0.0034065406382053007
4867,-0.004542875774827468
4868,-0.009718001491032687
4869,-0.0010484047591920419
4870,0.0017621468336025542
4871,-0.0050448166210265155
4872,-0.0028789126469335354
4873,-0.008597708700268276
4874,-0.0015653879342321306
4875,-0.004415663252343289
4876,-0.0009737359525149314
4877,-0.0029227502406048607
4878,0.0018975202189235874
4879,-0.013116681572538112
4880,-0.0046605004363842115
4881,-0.003928658799082017
4882,0.0032934765552964373
4883,0.0005419582140928497
4884,0.002676299799183733
4885,-0.001057945727766893
4886,-0.003832905806278833
4887,-0.005946679607242884
4888,-0.010970637403674606
4889,-0.0023683999003138653
4890,0.004812404344011999
4891,-0.005618309549055987
4892,-0.0003722432664474487
4893,-0.004610541792263032
4894,0.00485910158929552
4895,-0.0021016585487286348
4896,0.00023533905912186473
4897,-0.0003498479207280844
4898,0.0016551995200726338
4899,-0.002044605922636236
4900,-0.001160935721724949
4901,-0.0032931149874527513
4902,9.671440141022919e-05
4903,0.0013051913565979775
4904,-0.0016067051662366424
4905,-0.0014956583341901308
4906,0.0037493538426469006
4907,0.004366802655545031
4908,-0.004796532412648855
4909,-0.0038280962921411303
4910,-0.0021426830883516726
4911,-0.0010871246614858401
4912,-0.0009362891801708989
4913,-0.007011436058717905
4914,-0.004045411753477581
4915,-0.002714288710540226
4916,-0.003596376845889919
4917,-0.002686446542812259
4918,-0.002033989830578807
4919,0.002921632747158405
4920,-0.003263888027322713
4921,-0.004773905827949211
4922,0.0005965131799763046
4923,-0.0070483943281104515
4924,-0.005461576871802279
4925,0.0002608457461792321
4926,0.0019922625375028875
4927,0.00028181682661979415
4928,-0.002152284794997121
4929,-0.004563352373207541
4930,-0.0037717146163199072
4931,-0.004716516833743481
4932,-0.005763470732184042
4933,-0.001604919857608026
4934,-0.001284197674556467
4935,-0.0009412644188647352
4936,-0.010545876683876375
4937,-0.00711869060178158
4938,-0.013916399749911285
4939,-0.0014859457920759628
4940,-0.0012377106871368192
4941,-0.005210513071497218
4942,0.006209504027673136
4943,-0.005702466866038335
4944,-0.004587719716468042
4945,0.0012044515272571533
4946,-0.005098958117404198
4947,-0.00015547075509629235
4948,0.0021033586422865777
4949,0.000948113229259466
4950,0.0018424121382501248
4951,-0.0086302640615823
4952,-0.0021689560883599475
4953,-0.0007908671611878311
4954,0.0026648859270733474
4955,-0.003482070018048844
4956,0.0002762673793750836
4957,0.003002799770220582
4958,-0.0009998050734582285
4959,-0.0008988430968745464
4960,0.005253983338039871
4961,0.003077622009954848
4962,-0.002336327448003033
4963,0.0004686234886942531
4964,-0.003779481898526286
4965,-0.0024044007523879203
4966,0.00044546430667302336
4967,-0.0043666348944915966
4968,-0.0002655634334093569
4969,0.0039466848010704485
4970,0.0017008070050214298
4971,-0.012110230202859156
4972,-0.003267768205755285
4973,-0.00031606803599091085
4974,0.0017405349599221853
4975,0.0019024326899959067
4976,0.002476914747397682
4977,0.0024639335228587855
4978,-0.0022412395705155783
4979,-0.005131112973095198
4980,0.009267946246598015
4981,-0.006537342609155131
4982,-0.004732532838166492
4983,-0.0009369460445885214
4984,0.0024421929470932677
4985,-0.005084457907809103
4986,-0.00372098834320031
4987,0.0010458036479605234
4988,-0.0009314001105003474
4989,0.002239753667218996
4990,-0.005755599704300084
4991,-0.0008181388752600202
4992,-0.0040473327644376805
4993,-0.007735247243403902
4994,-0.003822942456170965
4995,0.002846052944808601
4996,-0.005861434793797925
4997,-0.004375939157779285
4998,-0.0022449316835952554
4999,-0.00858680608992023
5000,-0.006012521390971436
5001,0.0022295594693590437
5002,-0.0036563475205106735
5003,-0.0049057285981877405
5004,-0.0027616260613040795
5005,0.0006478159817556867
5006,-0.00016362465191056136
5007,-0.0034843419357903256
5008,-0.01164022506175863
5009,0.0005502731420843829
5010,-0.001346479322815397
5011,-0.0066669523810394815
5012,0.0024905574801483213
5013,-0.0008164220174632364
5014,0.00021672904076715585
5015,-0.007390135976714132
5016,-0.009205156332509422
5017,0.00215361286409178
5018,-0.005498642950888824
5019,-0.007524827534085728
5020,0.002363085169119733
5021,0.0005905863916120455
5022,-0.005487378785530971
5023,-0.005447093538848851
5024,0.0007402401273583423
5025,-0.0031729189893494082
5026,-0.0007959861440290962
5027,7.947636399695257e-05
5028,-0.0010865401416494773
5029,-0.002110031515843158
5030,0.002827226274370844
5031,-0.0028246348204144164
5032,-0.005423308515555593
5033,0.001647999464127782
5034,-0.0022682276975582484
5035,0.0023199460903783956
5036,-0.004820127128052774
5037,0.0010905077996145006
5038,0.003927922158608196
5039,0.006289127768898756
5040,-0.006156450315768693
5041,-0.0012512365246427695
5042,-0.0012830246490310102
5043,-0.001209169839244146
5044,-0.0006083006568903225
5045,0.00482046332075603
5046,-0.004715339363664587
5047,0.0021152520844871688
5048,0.0027987180465101
5049,0.0031843250841064874
5050,-0.003025786780275392
5051,-0.00590234565199748
5052,-0.008775557260955115
5053,-0.007840627850911937
5054,-0.001970265098428778
5055,-0.010880236858229697
5056,0.0043689828890664945
5057,-0.0058593777263219425
5058,-0.0033911766308029334
5059,-0.0015166612986641827
5060,0.0020061228295313108
5061,-0.004463486549906217
5062,-0.0028400585043594426
5063,-0.005007991998602898
5064,-0.009586339705776329
5065,-0.0017103178884937571
5066,-0.004979426586610165
5067,0.0012057119682135284
5068,-7.299222344972489e-05
5069,-0.0019304068559123887
5070,0.002418596896412044
5071,-0.00024901146310088093
5072,-0.005990340183328682
5073,-0.00028667746410155834
5074,-0.0018888611897173585
5075,0.005712974011002202
5076,-0.0047035114924808
5077,-0.006644960454736101
5078,0.003671811239088437
5079,-0.0065927143579137225
5080,-0.005311129955598522
5081,0.004669606037800242
5082,-0.0056145127219694585
5083,0.002801637094838612
5084,0.0026108880804927882
5085,-0.004206277029890015
5086,-0.006520960780994803
5087,-0.003338923027007022
5088,0.0011592767272065908
5089,0.006344209107270744
5090,-0.012755144228493599
5091,-0.0041460065561744475
5092,6.902788555118375e-05
5093,-0.0007185890562038492
5094,0.0004573952406717874
5095,-0.002444173370878419
5096,-0.0027683777382376262
5097,-0.009164753469173541
5098,-0.002275988930408021
5099,-0.0043305327120088735
5100,0.0004275321659976475
5101,-0.008922980149682621
5102,-0.0009993589908404987
5103,-0.0009473457826851758
5104,0.000819654741060747
5105,-0.009256700522090062
5106,-0.006075904222697645
5107,-0.003631210244076498
5108,-0.0011009579956216334
5109,0.0011230537471304917
5110,-0.000792990361792794
5111,-0.003267004102882283
5112,0.002133045083473367
5113,-0.009766881247663346
5114,-0.001732716872153161
5115,0.0014254107630606583
5116,-0.004876721568550152
5117,0.0023404231879840254
5118,0.002152546818996546
5119,-0.007629422014234524
5120,0.001377470980566474
5121,-0.003395936428399672
5122,-0.00013718837114677293
5123,-9.570938930996212e-05
5124,-0.002501445393113755
5125,0.0013489519724986972
5126,0.0007103340295926651
5127,0.011055050567905542
5128,-0.0013893801338637317
5129,-0.006226859160046075
5130,-0.00963696760794679
5131,-0.005789675486625009
5132,-0.007869784398401317
5133,-0.0032913365161524773
5134,0.00210144335635281
5135,-0.005058953604142213
5136,-0.00608954497968835
5137,0.0007994592016839532
5138,-0.00288912831037268
5139,-0.003347284090139492
5140,0.006656749246703467
5141,-0.006668686663462105
5142,-0.0030376064174989677
5143,-0.002432242905243874
5144,-0.006193042902678907
5145,-0.001269425266829105
5146,-0.0036739242707783185
5147,-0.004293671527048654
5148,-0.0007811710131106417
5149,0.007129912012338948
5150,-0.0023837570512784192
5151,0.0016496278498413924
5152,-0.0009711234969329782
5153,0.0032754118779348487
5154,-0.006241171044851959
5155,-0.005156312781984994
5156,-0.0027724882181881898
5157,-0.0030435324672590525
5158,0.0018368689168751923
5159,-0.002758453374300307
5160,-0.005942061091889515
5161,-0.003096372162021164
5162,-0.0075277528620158705
5163,-0.0015369103243946317
5164,-0.0045899820074968775
5165,0.0018285072535534908
5166,-0.00017387273850619916
5167,-0.0023541367250868965
5168,-0.004995665618772422
5169,0.0006570360187610758
5170,0.0014052340515606151
5171,-0.0022857137095887575
5172,0.0014737698041551311
5173,-0.006660080498707116
5174,0.0025408094583898345
5175,0.0005222584051526417
5176,-0.010967234421402502
5177,-0.0010240684523529636
5178,-0.0019870119370746925
5179,-0.0046347651986151026
5180,-0.002012526482212902
5181,0.006032742076016104
5182,-0.007421101444090375
5183,0.0020914310238097124
5184,0.0041104129058913835
5185,-0.003936062925547788
5186,0.00046402322226448897
5187,-0.0028095292129181083
5188,-0.0052200968498176264
5189,-0.00990864579167847
5190,-0.007500407198982151
5191,-0.002679982975309858
5192,-0.0004121330372483835
5193,0.0029094930084966157
5194,-0.0009358409407729182
5195,-0.004102854278941661
5196,-0.009769799841910017
5197,-0.002586447205657004
5198,-0.00495697476888763
5199,0.0077733123299851305
5200,-0.003504457252148069
5201,0.0010086932069732352
5202,-0.0038941629280602394
5203,-0.0029901385486739845
5204,0.002748439041868469
5205,0.00013807294840584988
5206,-0.00013034845729618244
5207,-0.0015389956687627791
5208,0.0006873727611081404
5209,-0.0007925206154038786
5210,0.003952402117300836
5211,-0.0048051667452327605
5212,0.0029164302760904294
5213,-0.0027297031254609992
5214,0.0008192044290729894
5215,-0.002092597597777447
5216,-0.0035097475609339665
5217,-0.0038293919700337596
5218,-0.004528205473016411
5219,0.0007373456042365778
5220,0.006049468420595221
5221,-0.008424213425956745
5222,0.0004147880384126196
5223,-0.005317176651881271
5224,-0.004432786612195858
5225,0.0015088326236099084
5226,-0.0024830004324653265
5227,-0.0004289949474906435
5228,-0.00036394133359700376
5229,0.00010515801303090377
5230,-0.005558319476256329
5231,-0.0014121104679956815
5232,0.0016742073521835293
5233,0.002204531974652077
5234,-0.007124571241657725
5235,-0.002084343044518003
5236,-0.0036447020408804133
5237,-0.00926988335577323
5238,-0.009051838461769761
5239,-0.0049061717221717885
5240,0.0002136764723698302
5241,-0.005077306722496337
5242,0.004211649124146476
5243,-0.003780490788780483
5244,1.0195854423040301e-05
5245,0.006363184917391816
5246,-0.005456358064770139
5247,0.0030572149490957906
5248,0.0023705315031534203
5249,-0.0006781675550958412
5250,-0.008467640197356106
5251,-0.0014921295833573087
5252,0.003544434638392456
5253,-0.001249058826829845
5254,-0.00288860969386278
5255,-0.0007248257109516709
5256,-0.007864590695714734
5257,-0.002028894078925654
5258,0.004627738885964131
5259,0.0038704021989044678
5260,-0.013678172308006546
5261,0.004359388643477055
5262,-0.0027107221402328102
5263,-1.8876908675292264e-05
5264,-0.0058318183929936054
5265,-0.0014539190406789373
5266,-0.0020441109069760724
5267,-0.00344753194161683
5268,-0.0017087780138197728
5269,0.00578506201237225
5270,0.003343594384411317
5271,-0.0018928746527310143
5272,-0.006582087095971783
5273,0.0038193672443412353
5274,0.0052360904207129425
5275,-0.0005233969988732157
5276,0.0002682773572706791
5277,-0.006949111581546416
5278,-0.004794692596529371
5279,0.0074732506684235395
5280,-0.0015802987067561163
5281,-0.002197708888271123
5282,0.0008861067563966651
5283,-0.0042174036790318704
5284,0.0019514886346941908
5285,-0.007575881297229185
5286,-0.004069178695767846
5287,-0.0011323378697566527
5288,0.003573392695367817
5289,-0.00034121560199022044
5290,-0.0036892754713348727
5291,0.004030021693244856
5292,-0.006304679305072981
5293,-0.008455449304198531
5294,-0.00805846389136387
5295,3.624412882153455e-05
5296,0.0017765361858239348
5297,0.0014989884580576401
5298,-0.0034175012796306276
5299,0.0017949422315598138
5300,-0.0023611807501906397
5301,-0.001988750348668144
5302,0.006849919021602337
5303,-0.004642602278937556
5304,-0.009225916047598287
5305,0.0019302097179536085
5306,-0.0034405282788755737
5307,-0.0034193108327398823
5308,-0.006331927537823918
5309,-0.0030699135966847924
5310,-0.0033268824292134944
5311,-0.0021275323084201346
5312,0.004067232756102702
5313,-0.00441807988524897
5314,0.006046641985687665
5315,-0.0016170766909824885
5316,0.0032703034173308387
5317,-0.008655543688177534
5318,-0.0014489584029481264
5319,0.0044990739121672785
5320,-0.0027626847067011955
5321,-0.003414210729313652
5322,-0.004910922289467649
5323,-0.003966915176354634
5324,0.0018277250359148914
5325,-0.0009329096162336951
5326,-0.0037442239932583
5327,-0.0005452084367299423
5328,-0.003057504724113227
5329,-0.0009416149089277043
5330,-0.006845533004978775
5331,-0.0028914638793312644
5332,-0.00208709381219422
5333,0.007945751010504924
5334,0.0028938180651132545
5335,-0.0007164012250243344
5336,-0.0017743373729505116
5337,0.0015012493952180038
5338,0.00040003575054389437
5339,-0.00413910646593748
5340,-0.006416229507659795
5341,0.0034909299253586407
5342,-0.00048087315732091643
5343,-0.001991106289071405
5344,0.002717584301471291
5345,-0.004015456051312878
5346,-0.006729683965725562
5347,0.0009749607539614943
5348,0.0015832297997152266
5349,-0.003977951900022255
5350,-0.009322692006064587
5351,-0.00016869708499081884
5352,0.0005912866731598507
5353,-0.004007255811712934
5354,-0.004431042013259737
5355,-0.0023960085452203635
5356,-0.0041075005954073485
5357,0.008747572166618138
5358,-0.0104217996606919
5359,-0.001511950497346523
5360,0.0020366736971296345
5361,-0.004122720133834204
5362,-0.0057515663629972465
5363,-0.004583517841514381
5364,-0.002626668745538293
5365,0.001569876399015551
5366,-0.002827190458602434
5367,0.0008392864975290369
5368,-0.002762807693519269
5369,0.00036711145537174014
5370,-0.0021082918501419204
5371,0.005982457943602814
5372,0.005177579071255191
5373,-0.010308976437865752
5374,0.00037313858262610217
5375,-0.002876138554908668
5376,0.006059810186797899
5377,-0.006954685985709225
5378,-0.0060606564944565185
5379,-0.003915690164501641
5380,0.005929325648497751
5381,-0.0024574067975472215
5382,-0.0020107267590202746
5383,-0.007287557665091503
5384,-0.00031610732855048146
5385,0.006377667156353246
5386,0.003110286526709208
5387,-0.0056507915060676935
5388,-0.006340186881234597
5389,-0.003295434049273009
5390,0.0049087387435518826
5391,-0.004474906152502855
5392,-0.002941420738316356
5393,-0.006338341822188374
5394,0.0012486788453040104
5395,-0.009179860110662491
5396,-0.002713797010038828
5397,-0.0042078387292797705
5398,-0.005523695718202135
5399,-0.006688261936701672
5400,0.0036593462588427467
5401,-0.0037904988661520353
5402,-0.003368989762103307
5403,-0.006107781968851426
5404,-0.0012577881694152832
5405,-0.0060174299627738445
5406,0.0014580274982413759
5407,-0.008960233463973798
5408,-0.003607221382374782
5409,-0.005345774128531534
5410,-0.00533962125407066
5411,0.002995830676969735
5412,0.003903667796233537
5413,-0.002938756413026381
5414,-0.003359727473385289
5415,-0.0006441643085167807
5416,-0.0031244434648464124
5417,-0.0036493848065976622
5418,-0.0036536115936477397
5419,-0.0025211750107978423
5420,-0.0008271198481763151
5421,0.00012469156891421057
5422,-0.0012637208268535677
5423,-0.0070175426206914235
5424,-0.0023458406629454955
5425,-0.004360819116200433
5426,-6.4339618452567e-05
5427,-0.008401960910403617
5428,-0.004149981450635748
5429,0.00390419650330966
5430,-0.01217073833410532
5431,0.0003048632997910486
5432,-0.00884057222320174
5433,-0.0014953805810949197
5434,-0.0019487122458171323
5435,-0.005643376904865348
5436,-0.0014441764678165027
5437,0.0011682818763885418
5438,-0.004606403120900368
5439,-0.0033066151531842454
5440,-0.0038308491855661778
5441,-0.002023789664549476
5442,0.0061577841501619275
5443,0.0025624088372588547
5444,-0.0009149514461222891
5445,-0.0014028325788975338
5446,-0.008169360107840258
5447,-0.004170576498764178
5448,-0.00747156927059766
5449,-0.004783897091159686
5450,0.0027259301883085785
5451,-0.002042720123512143
5452,0.0038162152809097863
5453,-0.0013252740141781079
5454,0.0027511283923827637
5455,0.0042867598979636455
5456,0.0012731752556838817
5457,-0.006321099614605884
5458,-0.008287419010126085
5459,0.001482024596317133
5460,-0.0018200990910894783
5461,-0.0022802725706735257
5462,0.00018083970325788457
5463,-0.012474877093468964
5464,-0.007557210283339798
5465,-0.007257121358883092
5466,-0.0002713869715156615
5467,0.00011720011267612324
5468,0.001981779714624595
5469,-0.006977163129231509
5470,-0.0044592767998973375
5471,-0.002548206278111066
5472,-0.006479515459001578
5473,-0.0009839591801013535
5474,-0.0033403489674612152
5475,0.008628705708396585
5476,0.003428691011098054
5477,0.00016523474167984276
5478,-0.004416743460131878
5479,0.00203522522465761
5480,-0.0023464738496114176
5481,-0.004537704472739219
5482,-0.0003381244084250945
5483,-0.0001310123920214984
5484,0.0007337883797962838
5485,-0.008732240084400725
5486,0.0006429744205304205
5487,-2.588891702532542e-05
5488,0.0029232191887705213
5489,0.00015283315365798023
5490,-0.0016502217498871041
5491,0.0005735322877477855
5492,-0.004409316932028059
5493,-0.0035894687644324914
5494,0.0039212237556956984
5495,-0.0009538298841006189
5496,-0.0037565403220755286
5497,0.0018671990089913562
5498,-0.008813262670529013
5499,-0.003081551288550973
5500,-0.006103206611383173
5501,-0.0060602508963793
5502,-0.0007596863915083109
5503,-0.007043012330975297
5504,0.002691769494948766
5505,-0.008518339565207735
5506,0.0065276882866488126
5507,-0.004466157782318705
5508,0.0006396350514987111
5509,-0.002114529132349295
5510,0.006030128422813558
5511,-0.007919854567241702
5512,-0.002577139914502549
5513,-0.007795059136298712
5514,0.0020185688340780585
5515,-0.00961383216916415
5516,0.0038225852514118704
5517,-0.0014130715783383582
5518,-0.002253830965601167
5519,0.002256090039883963
5520,0.002145360327366983
5521,0.0019472270292836998
5522,-0.0002758407578609817
5523,0.00605859348887474
5524,-0.0013405099492372619
5525,0.0056239762895672896
5526,-0.006989838334742014
5527,-0.006111227141720573
5528,-0.004364192526623588
5529,-0.0024649271933510977
5530,-0.0036831380690794287
5531,0.006213444473572947
5532,0.0001474160515072022
5533,0.001333922357689376
5534,-0.002345319142844221
5535,-0.0025880231164898994
5536,-0.0060348293425855765
5537,-0.0008651000353850392
5538,0.0009942706181848351
5539,-0.009027242054255265
5540,-0.0021503335454496064
5541,-0.007352863574170587
5542,0.00446229411898004
5543,-0.0008772876727729459
5544,0.001278172841240502
5545,-0.011841662677292072
5546,-0.003281454609954257
5547,0.00023343925647204347
5548,-0.0038683325623284706
5549,-0.006752159569210738
5550,0.00016540544383700229
5551,0.001687577056584219
5552,-0.0036038463177019107
5553,-0.002498315978665202
5554,-0.0052056667329413026
5555,-0.002367261381209393
5556,-0.0037984785319811476
5557,-0.002613264581378845
5558,0.00035902725461501445
5559,0.000699104397341492
5560,0.006885486164339788
5561,-0.007436712876362408
5562,-0.0027796484471726626
5563,0.00035497995485564426
5564,0.0032363624314934863
5565,0.0023944720804865496
5566,0.0042305601820029695
5567,-0.0025405511812917336
5568,0.0018784435279904886
5569,-0.008818902976998888
5570,0.00147796418503153
5571,0.0009862522332290333
5572,-0.00944109403205596
5573,-0.0009645625960985928
5574,-0.010360801822927451
5575,0.008158990797144522
5576,-0.004526503183588493
5577,-0.001087248210358046
5578,-0.0012203950958088045
5579,-0.002201530846626311
5580,0.0005875791450301801
5581,-0.0028430175018434936
5582,-0.00554572130326721
5583,0.0035274761487830257
5584,0.00105403297162689
5585,-0.0025281710139363547
5586,-0.00532304715268405
5587,-0.00033124424523864673
5588,-0.010394421875656677
5589,-0.004573807091758569
5590,-0.006083322727358682
5591,-0.0012710835437182294
5592,0.001773257009401022
5593,-0.007362968011859497
5594,-0.001572752807195578
5595,-0.0012144657733523662
5596,-0.007609707310008335
5597,-0.003573495397998977
5598,-0.006163182282115213
5599,0.0013920307528170577
5600,-0.0077148315846134324
5601,0.004708286354933068
5602,0.007161847753772339
5603,-0.002981803320034084
5604,0.0007310199629617375
5605,-0.0022782912490313598
5606,0.001241609524295792
5607,-0.00618472512320143
5608,-0.004562646969910378
5609,-0.002923865982125195
5610,0.0034122768836004867
5611,-0.004674255057414034
5612,-0.00306135993264078
5613,-0.0017264686767535023
5614,-0.002921912754827307
5615,-0.003213129364896334
5616,-0.006130763352496373
5617,0.0008759058730872897
5618,-0.0006435330822767531
5619,0.0021678344436745697
5620,-0.0004978808110312413
5621,-0.0013847941056120035
5622,-0.0042719492379344436
5623,-0.007376677112907796
5624,-0.0037493030230644903
5625,0.0031489304017262507
5626,-0.0030081346427308017
5627,0.0015284894262138672
5628,-0.003967264577113289
5629,-0.005953445270903697
5630,-0.0047963317291746035
5631,0.002133413473769573
5632,-0.00696742508172378
5633,-0.007298462280912452
5634,-0.0018613703579184876
5635,-0.0021690878232662573
5636,-0.005008134718239569
5637,-0.006789627160193143
5638,-0.002275049557594701
5639,-0.0003040754125860773
5640,-0.006752135179113439
5641,0.0003710480162077909
5642,-0.010143133466411297
5643,0.001927524146404333
5644,0.00026599918106199813
5645,-0.007764935926338271
5646,-0.0007347803102708411
5647,0.003741593788632494
5648,-0.00019267096337008405
5649,-0.001625576313150065
5650,0.003292685734337372
5651,0.004475669817528935
5652,-0.0045147096988446545
5653,0.0011857319032397805
5654,-0.003660673504869462
5655,-0.005689165630453581
5656,-0.0024769474093689556
5657,-0.00560627984510792
5658,-0.004778972997933673
5659,-0.0005826794885640009
5660,-0.002277859556104416
5661,-0.00324526413000192
5662,-0.002461654561310596
5663,-0.0055610323847663685
5664,-0.0032947042938619026
5665,0.00013937668807831316
5666,0.002618847801198712
5667,-0.0038384998187829082
5668,-0.004396192261520378
5669,-0.00730457698532231
5670,-0.006721409591601377
5671,-0.002577144061923154
5672,-0.0030790559563278544
5673,0.003098344298513446
5674,-0.008043874657179984
5675,-0.005017436083070034
5676,-0.003938534437239235
5677,-0.00977292883825373
5678,-0.002291482380064439
5679,-0.0026765918310165185
5680,0.0020629233602969463
5681,1.2665291980646504e-05
5682,-0.0043768472819420146
5683,-0.0002934720944290127
5684,-0.0008667542504358361
5685,0.0035367317566378023
5686,-0.003461580902475815
5687,-0.008491428939867995
5688,-0.00351581163038513
5689,-0.0064013784852614795
5690,-0.001433339753094981
5691,-0.003997326374134164
5692,-0.0024807314937328705
5693,-0.00031601580948460023
5694,-0.009159477852088732
5695,-0.0043385316139979944
5696,-0.0036627583165591074
5697,-0.010117388787816154
5698,-0.004723476508747049
5699,0.0003218323066424174
5700,0.0002834571375937914
5701,0.000677864301401411
5702,-0.0047987773243649
5703,-0.0015975442431643769
5704,-0.0007434783912880008
5705,0.003537955211387018
5706,-0.0062995464744938015
5707,-0.0043188513020568295
5708,-0.008394550150039481
5709,-0.0012141130635488287
5710,-0.0021590768709322493
5711,-0.008824169583701608
5712,0.002237400081963381
5713,0.0016358190989079861
5714,-0.001151058123545913
5715,0.0028596776405067324
5716,0.0028871502091015917
5717,0.0017521129385833743
5718,-0.0085297165833189
5719,-0.004251686531801774
5720,-0.005715006186965358
5721,-0.0018755429805653624
5722,-0.0019870086515442684
5723,-0.00036864889297002004
5724,0.0008350940797822969
5725,-0.007079085630746308
5726,-0.004374852774271749
5727,0.0024111452661030423
5728,-0.013125645317360657
5729,-0.008163896187070495
5730,0.0022056135405801695
5731,-0.0011367576009896768
5732,-0.003276181402994488
5733,0.001952741054105589
5734,-0.0060141439365674
5735,-0.009488024869764116
5736,-0.0019304138223690814
5737,-0.0013072725403629193
5738,0.0005735579304245939
5739,0.00031758581756632237
5740,-0.0012773402026341404
5741,0.00010957536929849868
5742,-0.01113208416611882
5743,-0.0039172065791638865
5744,-0.004701079014866445
5745,-0.00911683219237746
5746,-0.000528623655543875
5747,0.0035576395273397496
5748,-0.0032857489484804762
5749,0.002397142176382972
5750,-0.0025360065981768765
5751,-0.0026111196814594187
5752,-0.011347030482554716
5753,0.0017101707775064728
5754,-0.0006545616586535706
5755,0.0002839104227591316
5756,-0.0014816990584578665
5757,-0.011012165909273411
5758,-0.002897954040440142
5759,-0.004594608263016733
5760,0.0053140159976517234
5761,-0.006238910200871143
5762,-0.004851359962272657
5763,-0.0009420805607174114
5764,0.0024502807473028507
5765,-0.0008156606368515534
5766,-0.003888621253200622
5767,-0.005487069382170379
5768,-0.0030577764559971896
5769,-0.00025011825360910303
5770,0.0008607025406932971
5771,-0.0020250216179273778
5772,-0.005443617908530627
5773,-0.007859212603177346
5774,-0.004817419244688455
5775,-0.0019356922245169841
5776,-0.004471248247258107
5777,0.0035228036252066067
5778,-0.0031205213362991424
5779,0.0029147726868352375
5780,-0.0016450335655189899
5781,0.0021104813290061496
5782,-0.012956085192361484
5783,-0.0027891364658838257
5784,0.0031842615907880754
5785,-3.104258666918741e-05
5786,-0.007750463732180558
5787,-8.099712865992925e-06
5788,-0.005072973407692749
5789,-0.005167498900210687
5790,-0.005994418092679095
5791,0.002767332112098876
5792,-0.006946752984191552
5793,-0.0031212554081005636
5794,-0.0013370288667107835
5795,-0.0038385169739864958
5796,0.0020512332951622345
5797,0.0008462091630841578
5798,-0.00811312185137239
5799,-0.005971970427533606
5800,0.0005292868849670999
5801,-0.00012897339739528432
5802,0.001030205695504445
5803,-0.007205799969950372
5804,-0.0011175770218332104
5805,-0.009029254970114368
5806,-0.005416287614647498
5807,-0.003139274802003336
5808,0.0032244594760082457
5809,-0.0020519065328485006
5810,0.0021515050974228664
5811,0.00761993156137309
5812,-0.0028171474503750626
5813,-0.0063831201060973
5814,-0.0037713484268770345
5815,-0.0008846966474467012
5816,0.0010452067342263602
5817,-0.004500821052640033
5818,-0.00014550099939130215
5819,-0.002503599294187444
5820,0.002820732028672574
5821,-0.0033837959723848066
5822,-0.0026399430253650907
5823,-0.002471077049297582
5824,-0.0033317961116745287
5825,-0.0038576775763802806
5826,-0.0010081159546425494
5827,-0.00159025882869087
5828,-0.0032023717363327854
5829,0.003949537131678633
5830,-0.005165463142864417
5831,-0.00598621625855577
5832,-0.006185337093392591
5833,-0.003923078224452682
5834,-0.004167454590028777
5835,-0.009537209992747413
5836,0.0032180088167636234
5837,0.000821386940440684
5838,0.00044283854099477077
5839,-0.0007116099493205789
5840,-0.004733597363370354
5841,-0.0012601506264500115
5842,0.001452924715483049
5843,0.0027536117916627904
5844,-0.006624630378263788
5845,-0.00016856062671061212
5846,0.0032021620479194927
5847,-0.0026081425627621745
5848,0.003672689179011368
5849,-0.004889044539759451
5850,0.001194165561438816
5851,-0.00568750853141943
5852,0.0005717697118601435
5853,0.004967915097629637
5854,-0.003539497518241161
5855,-0.005825532887665165
5856,1.0325583965860308e-05
5857,0.0015888107977149388
5858,-7.759414628714933e-05
5859,0.004510605659381273
5860,-0.0058963672266264915
5861,0.0007150978156992005
5862,-0.00411472589938881
5863,-0.003926952496195634
5864,-0.008643508143302555
5865,-0.01007522083922232
5866,-0.0006187004124692703
5867,-0.017250033529349226
5868,-0.002828534151228329
5869,-0.0050613447671650075
5870,-0.0029565899768941445
5871,-0.004461864784955777
5872,-0.009776425628690338
5873,0.005694160919862471
5874,-0.002722786322197031
5875,-0.0010755557302748013
5876,-0.004929663124754399
5877,-0.0020540111718873114
5878,-0.0026388850219958987
5879,0.001893272692846025
5880,0.005361453516900039
5881,-0.0010259368482135461
5882,-0.0027927977447512985
5883,0.0006615778521934304
5884,-0.01271924863080616
5885,-0.009962577526798626
5886,-0.0008229926398453345
5887,-0.0020564620309960827
5888,-0.004414477170357339
5889,-0.003008961273607051
5890,-0.0015231252726479565
5891,-0.008758030191656468
5892,-0.013030586201398742
5893,-0.00010074678844394086
5894,-0.00471339422006236
5895,-0.000205032007805004
5896,0.003149480706623249
5897,-0.004038656264891468
5898,0.00012236018614032035
5899,0.0013720191230113393
5900,-0.0006345944702155215
5901,-0.003275125445712599
5902,-0.003892791360111416
5903,-0.006153203347353812
5904,-0.012506426637433322
5905,-0.004887750081537086
5906,-0.0028569212921634585
5907,0.0019625402510724116
5908,-0.0019248086866709493
5909,-0.0015612148137911994
5910,-0.007402770085770154
5911,-0.0020060319753481444
5912,0.004433315900393732
5913,2.387010213673879e-05
5914,-0.003683764118246134
5915,-0.0049887296547610135
5916,-0.003087891414552381
5917,-0.0032142201369682807
5918,0.0022876754695753017
5919,-0.006538141182711402
5920,-0.009910810784051913
5921,-0.006515747325375611
5922,2.923742575594926e-05
5923,-0.0017001999237877229
5924,-0.006834038348163443
5925,0.005302191912492295
5926,-0.003380919055697696
5927,-0.003400774409152006
5928,-0.001854123544373764
5929,-0.00037120965949376944
5930,0.006545846706816922
5931,-0.004644846576911235
5932,-0.00646170955043
5933,0.0001406749361177323
5934,0.0008257343126276892
5935,0.00828181200679197
5936,-0.006376994817113832
5937,-0.009164861259780051
5938,0.0011850588993592773
5939,0.0037591578346839495
5940,-0.002363579085819967
5941,0.004831178299595444
5942,0.0018577401016565374
5943,0.0009796328402896168
5944,-0.005259839394891379
5945,-0.004396024401034822
5946,-0.0035154975674495034
5947,-0.0016294117137336597
5948,-0.008915084510071922
5949,-0.0012740417094309932
5950,-0.0004400826608973174
5951,0.0007666887099900925
5952,-0.005399448298651483
5953,-0.0012157209785312872
5954,-1.6343428259728288e-05
5955,-0.002631334900451164
5956,-0.00520370316562797
5957,-0.0013019847355809668
5958,-0.00215569441785117
5959,0.0019609220525652823
5960,-0.0038423538279025726
5961,0.0028862771871986034
5962,-0.005969468039188158
5963,0.0016070505512546344
5964,-5.35169917194149e-05
5965,-0.0008788941254199087
5966,0.0010280066981110253
5967,0.0035066735631971054
5968,-0.002743334365896348
5969,0.0009755359909058917
5970,-0.0015060853320611745
5971,0.00027697282285392075
5972,0.0021457081490114938
5973,-0.00613283784546401
5974,-0.004401857483546809
5975,0.0026278791149830782
5976,-0.0014939845874481737
5977,-0.006922234118242054
5978,-0.007393725097598745
5979,0.00046537370901589617
5980,-0.0032381270383807434
5981,0.0018035225991779487
5982,-0.003970070708540441
5983,0.0015850586031117345
5984,0.0014661742905257985
5985,-0.004262878298690039
5986,-0.003946451768119769
5987,0.0005949593780411322
5988,-0.00040326832907181323
5989,-0.0011037830246004472
5990,-0.004839945648617561
5991,-0.005552291304273031
5992,0.0017046236929571176
5993,0.00038304700768070077
5994,0.0011334880434667738
5995,-0.006114984735672832
5996,0.0016222684742267825
5997,3.126490031690743e-05
5998,0.003017555245490189
5999,-0.0027019930290369983
6000,0.003026308238451122
6001,-0.0023297141467364738
6002,-5.916328337100818e-05
6003,-0.010062835971995504
6004,0.0007867048915153607
6005,-0.00503923908734057
6006,-0.006920120602821409
6007,-0.0031034736355589274
6008,-0.007739154961303313
6009,-0.002062984618830723
6010,0.0017550410232302013
6011,-0.0019273809756806294
6012,0.002093184825760923
6013,0.00191584728098328
6014,0.0058180992543794795
6015,-0.0027102119765163857
6016,-0.00607909420779831
6017,-0.005254162186062235
6018,0.0052609820715357886
6019,-0.003570453807162647
6020,-0.0036832532183649555
6021,0.0018141447281751176
6022,-0.0003883739385495272
6023,-0.00465325700103238
6024,-0.0061194558215097415
6025,-0.004938767706328638
6026,-0.005836798361426379
6027,-0.0009100903687898759
6028,-0.0051222185510782295
6029,-0.011760018073333493
6030,-4.2684163867320185e-05
6031,-0.0025699037038870685
6032,-0.0013308706256161748
6033,-0.0018360335051211332
6034,0.004827048615398344
6035,-0.006677349597075187
6036,0.0012182467331424175
6037,-0.0007319478542661562
6038,0.0006859760681187481
6039,0.004164237960282792
6040,-0.0017231806411329917
6041,-0.0015532742266369179
6042,-0.003305235257994095
6043,-0.0028183866104064155
6044,-0.007849135358565476
6045,-0.00034714990171910015
6046,-0.003983818170953151
6047,-0.007159612065791774
6048,0.0013027368040210152
6049,-0.0100794026681582
6050,-0.00176553219062809
6051,-0.0010864340218222357
6052,-0.0019034751340299763
6053,-0.0021289151649167594
6054,-0.0031470920232737065
6055,0.00042195340742218895
6056,-0.0049596143112934435
6057,0.002247545700799783
6058,-0.00350797457752091
6059,-0.002558746773824807
6060,-0.0033698555245369605
6061,-0.00873851679542495
6062,0.004239635150759188
6063,-0.011609128208817151
6064,-0.004528963183866617
6065,0.0018961733907930794
6066,-0.0007007773031710365
6067,-0.0028867174960337805
6068,-0.0005441323837526296
6069,0.0006545878217604426
6070,-0.0001854257634590628
6071,-0.005862327031258722
6072,-0.002162530808616177
6073,-0.0022939365666968317
6074,-0.0035006250953195026
6075,-0.002155378241308667
6076,-0.0016753165819064393
6077,-0.0010013256079414723
6078,-0.0032764988394984283
6079,-0.0037367427650946
6080,-0.009544024296899933
6081,-0.004652493360115799
6082,-0.00660021717626267
6083,-0.007316039525137645
6084,0.005547357217087101
6085,0.0001166341294846808
6086,-0.005446762691900996
6087,-0.005335421995921685
6088,0.001406093960128238
6089,-0.0018488046987041942
6090,-0.004003467478478073
6091,-0.0024924357002974948
6092,-0.001614538639207283
6093,-0.00570772049593711
6094,-0.001751508290930421
6095,0.0026936479463176566
6096,0.004452854058800235
6097,0.00039538075522923405
6098,0.002142730016174786
6099,0.0013200681095917113
6100,-0.001256146259922139
6101,-0.0003628398878873021
6102,-0.0014233399100673921
6103,-0.003707585099188098
6104,-0.002742140842740333
6105,0.0014063399588631377
6106,-7.061334443220213e-05
6107,-0.0047805193913016755
6108,0.0005706080338730886
6109,-0.00013531558577153935
6110,-0.0068292093260760925
6111,-0.0003254939437287996
6112,0.007188183301892949
6113,-0.002696358439095603
6114,-0.0021887465382921106
6115,-0.002239950717652605
6116,-0.0027425186793680334
6117,0.0009909336042028816
6118,-0.0022713743778010644
6119,0.006371507900911101
6120,0.001359290644714425
6121,-0.0033213171493719357
6122,-0.004243682168583271
6123,0.00021193979015320802
6124,-0.007487862097551527
6125,-0.005281421224860104
6126,-0.013056613001863157
6127,-0.002688940197194477
6128,-0.002259076210920148
6129,-0.001036233100968436
6130,-0.006153966096955371
6131,-0.005403220206304141
6132,-0.005395398426630171
6133,-0.005427154387457403
6134,-0.007846622897624677
6135,0.0016415743213439651
6136,0.002289213432366443
6137,0.008020932236200248
6138,-0.0034941804952780056
6139,-0.011606501862966537
6140,-0.003967672275362526
6141,-0.006364952807308984
6142,-0.005567203973909796
6143,-0.00021866235581088217
6144,-0.004429572450208488
6145,-0.0027939314217191105
6146,-0.006889674771745829
6147,-0.004016585330903807
6148,0.0017985825511762955
6149,0.00019496436739633444
6150,0.0031844944034976445
6151,0.00486269902064753
6152,-0.004436119057386657
6153,0.00028539044330825117
6154,0.0014830592484360756
6155,-0.004156214043816782
6156,-0.0027184097325634593
6157,-0.0006092935144696478
6158,-0.008164999661023853
6159,-9.064254892889728e-05
6160,-0.0021116918365304306
6161,-0.0033176405334397197
6162,0.0006723567455090181
6163,0.0007713904428605887
6164,-0.005395852644830296
6165,0.0011967392415709842
6166,0.0012034049516696718
6167,0.0005043014738419366
6168,0.006700077979986847
6169,-0.000509273131809998
6170,-0.005134204626351925
6171,-0.00331717860747989
6172,-0.001543389714541786
6173,-0.004606509937192343
6174,0.000388781983699113
6175,0.004087147512366628
6176,0.004086134674339673
6177,0.005228815930288157
6178,-0.00857037795807412
6179,-0.004239872287849212
6180,-0.0013498155876991297
6181,-0.008460527271977752
6182,-0.0015443347212041082
6183,-0.0018933447514832766
6184,0.002713006317872524
6185,-0.0005931147813707793
6186,0.005863360135331851
6187,-0.005181596849452387
6188,-0.0009744473000594875
6189,-0.0007372178562329822
6190,-0.005278355839661637
6191,0.006172672231160949
6192,-0.0021782908675211064
6193,-0.010365156297468151
6194,0.001287543119232789
6195,-0.003914991724125013
6196,-0.0010572284531292463
6197,0.0030347643457048976
6198,0.00019458818206042824
6199,-0.003915258475674376
6200,-0.00988186453879138
6201,-0.002716379692530701
6202,-0.004199093140877786
6203,-0.009876961320891608
6204,-0.008074353674197829
6205,-0.003195683980068028
6206,-0.00045222395362445184
6207,-0.00636067460032182
6208,-0.0037218580863154285
6209,0.0015083789477754461
6210,-0.0052358646184546
6211,4.13983238901211e-06
6212,0.0017209933047801496
6213,-0.006287218051246803
6214,-0.006596151882615694
6215,0.0005380903085984712
6216,3.6506859721681384e-05
6217,0.001314200784482366
6218,-0.0075989676166291
6219,-0.007986028728874849
6220,0.0043183882341082044
6221,-0.010648747264927691
6222,-0.00958304716482852
6223,9.018185703103809e-05
6224,0.0019800371765977993
6225,-0.00530423736341213
6226,-0.006971937775323907
6227,-0.008406736535132728
6228,-0.00014724977121476426
6229,-0.001040681274088042
6230,-0.0008524560523068409
6231,-0.005259766973875878
6232,-0.004863554446197103
6233,0.0010103794105911883
6234,0.00015111651486255512
6235,-0.009821171726124511
6236,-0.00771166469169746
6237,-0.006934634515465953
6238,0.0013354225208556635
6239,-0.0007535870768469975
6240,-0.01012902601168484
6241,-0.0034629225427282445
6242,-0.00047027199787000665
6243,-0.0031062394804908106
6244,-0.008059524788477566
6245,-0.002665393816980159
6246,0.003789019199330987
6247,-9.097675285573564e-05
6248,-0.0025173591625954686
6249,-0.002398559970752275
6250,-0.002722442521404085
6251,-0.002003225320260222
6252,-0.009161497330963615
6253,-0.0062699754536781685
6254,-0.0006517550321491136
6255,-0.0031249946126727934
6256,-0.006618320370037886
6257,-0.0023649044510339647
6258,-0.006239743480800523
6259,-0.00015267296622375331
6260,-4.6795312201992206e-05
6261,-0.0069675278134711666
6262,0.004121824951246279
6263,0.0030740044167446093
6264,-0.0002632822223009798
6265,-0.0018853071713950016
6266,-0.005263341921946576
6267,0.002010402181805298
6268,-0.0034865505990575134
6269,-0.004118239268972479
6270,-0.003328196979158978
6271,-0.00855683125514936
6272,-0.00027406333880360817
6273,-0.008062344621719526
6274,-0.003292970278664757
6275,-0.008870440382311395
6276,-0.008443658495424104
6277,0.0015281076762871382
6278,-0.0037275027701812007
6279,-0.006259211406258316
6280,0.0015382360801912236
6281,-0.010112349309713747
6282,-0.005264729835319292
6283,-0.0025496188919432346
6284,0.0015318353223998937
6285,-0.0025687372141050407
6286,-0.008041855062771254
6287,-0.003784328604657935
6288,-0.0015663834380872516
6289,0.00638262985052232
6290,-0.0034569712968443994
6291,0.0031543957958746413
6292,0.006714562838772666
6293,-0.004746431524074741
6294,-0.0006147321888214548
6295,-0.008138964988969162
6296,-0.0031476975149168224
6297,0.002185447779209374
6298,-0.005494131589721174
6299,-0.0016473947592379051
6300,-0.0026467682734513664
6301,-0.0018626239795502021
6302,0.0004784197904331815
6303,0.003982578480334578
6304,-0.006846701127586573
6305,-0.0009585944065444892
6306,-0.0009370295025520857
6307,-0.01012976404698488
6308,-0.0013084084832120368
6309,0.00012448786253551475
6310,-0.0025857912903226067
6311,-0.0007039444690809457
6312,-0.004373003167952527
6313,-0.0010687372189517076
6314,-0.0043877622300641
6315,0.002951080497024732
6316,-0.0036986317149999837
6317,-0.0020615270935336917
6318,-0.001580210364737905
6319,-0.004840377879892201
6320,0.0070553472804938885
6321,-0.006493715899120078
6322,-0.005484478566743889
6323,-1.787650115134612e-05
6324,-0.0007169932257621858
6325,-0.0008523296030878008
6326,0.003070398784699724
6327,-0.004361521087864258
6328,-0.004592578169168127
6329,-0.004856876499161337
6330,-0.003669945637360471
6331,-0.006911528465898865
6332,0.001134442452805081
6333,-0.004891825251570545
6334,-0.005089985246207497
6335,0.001088938768708969
6336,0.00392392157863667
6337,-0.005959750111486403
6338,0.0039066332073478816
6339,-0.004802540358177516
6340,0.0048177185713115175
6341,0.003059166610221393
6342,-0.00480204607705496
6343,0.000583086041536892
6344,0.0006603666132052877
6345,-0.0050719625935257105
6346,-0.0051726803615776
6347,-0.003720110745179816
6348,-0.0015440220179751343
6349,0.001530234672209186
6350,-0.0020081131989477356
6351,0.0004518936215611932
6352,-0.00019063276129057533
6353,-0.0022154490946956484
6354,-0.0005740306074472519
6355,0.0011917411891067542
6356,-0.009177380567805517
6357,-0.002319565663494262
6358,0.0026667018149316678
6359,-0.0005501326984147584
6360,-0.008940187001289804
6361,-0.0015719148947751088
6362,-0.003093660573820576
6363,-0.0010078230261565402
6364,-0.00489729116302922
6365,-0.003260280697598525
6366,-0.0038641482409469095
6367,-0.001805465177936602
6368,-0.004528714784045061
6369,-0.002267564964402953
6370,-0.004678077759367329
6371,-0.00018101886016286955
6372,0.003035367565583199
6373,-0.0108492367811538
6374,-0.005312840903475578
6375,-0.0059493384422210985
6376,0.007724297403505966
6377,-0.00630582121629495
6378,0.00247782694639289
6379,-0.004310315647947108
6380,0.0030224422596030337
6381,0.006504399076603069
6382,-0.0029694640949620953
6383,-5.700927734391195e-05
6384,-0.014917568488941824
6385,-0.0035908082174233302
6386,0.0006434422281866754
6387,-0.004584661635704923
6388,0.002809640319208169
6389,0.0009581542816113515
6390,-0.008056264088471224
6391,-0.005650185648779157
6392,0.0005908673883648977
6393,-0.0030610194939260787
6394,-0.00985991096057088
6395,-0.000829046336795633
6396,0.0017891983515995816
6397,-0.004357614674986344
6398,-0.003263349324842551
6399,-0.0001235762262831036
6400,-0.009308618263138859
6401,0.002974243049851083
6402,0.0019005095833261564
6403,-0.000880721641112199
6404,0.0022605149199295647
6405,-0.002388052190717277
6406,-0.0035641395043013654
6407,-0.0004950188543414065
6408,-0.004742443226312454
6409,-0.005504593640104364
6410,-0.0013968583006961945
6411,-0.0023974606414987193
6412,-0.000498264782114094
6413,-0.00803533529882624
6414,-0.00014444063719631917
6415,-0.00517046963958866
6416,-0.0016080246904246268
6417,-0.008156476185031687
6418,-0.0019299519372277772
6419,-0.006992244882940174
6420,-0.0025770600920159217
6421,-0.001960686760861932
6422,-8.280463158998747e-05
6423,0.007944261042539619
6424,0.0010764903968640653
6425,-0.014815525298102376
6426,0.000828095882361865
6427,-0.0002762029213903769
6428,0.005246352824731335
6429,-0.008645369800374409
6430,0.0033295516091446133
6431,-0.008535722859336861
6432,0.002360333784125094
6433,0.0020300060722338864
6434,-0.00655301646473808
6435,-0.0009399306548477475
6436,0.0007171067892827662
6437,-0.0014157512711709015
6438,0.005446732353409426
6439,-0.00036377808613212784
6440,-0.00013292472565736013
6441,-0.0029297706541921813
6442,0.0008815338439430789
6443,-0.005323438256208124
6444,0.004775598873491067
6445,-0.0028863346788117437
6446,-0.007130732384076688
6447,-0.00036704191779903667
6448,-0.006218015092266695
6449,0.00091578709524405
6450,-0.008786935828864754
6451,0.0025816584956469407
6452,-0.004281242446200692
6453,-0.0005384394742381816
6454,-0.006582281665657674
6455,0.003402566721191467
6456,-0.007229131790956585
6457,-0.0005632132969233747
6458,-0.006506705319955404
6459,-0.0034689301473093993
6460,-0.006906831680598455
6461,-0.005095816976417082
6462,-0.009194225500508656
6463,-0.0018909565408403162
6464,-0.008272888911165129
6465,-0.0027509920216329045
6466,-0.010220317834843
6467,-0.0030627659739979954
6468,-0.0043512502305301515
6469,0.0012251077940803323
6470,-0.007566614184464571
6471,-0.0015502294524489466
6472,0.0019674798612615216
6473,0.007335408453315352
6474,-0.009034450391207
6475,-0.0031813812422414565
6476,-0.002392029971332147
6477,-0.001123151741887242
6478,-0.005308921120901623
6479,-0.0013171729064586461
6480,-0.000998697099276441
6481,-0.0007526061592458833
6482,0.0012746981705779106
6483,-0.003794754738071022
6484,0.0018281146021363742
6485,-0.00987973478997584
6486,-0.004747365919932543
6487,-0.006308255586233727
6488,-0.002553069852746708
6489,0.0036583052933210278
6490,0.0034001849404388246
6491,0.003294941121326136
6492,0.004244278575753768
6493,0.0019221872992406172
6494,0.00031037255045135437
6495,-0.010520203213481252
6496,-0.006613255636425262
6497,-0.006963982340412501
6498,-0.011090253180403947
6499,0.0012894215043946639
6500,-0.010182214191405057
6501,-0.0016098888015614252
6502,0.0033110631731326674
6503,-0.0019230082417006564
6504,-0.007468124679265095
6505,-0.0014807326033515443
6506,-0.0054133143584219265
6507,-0.007489059322629211
6508,0.004167697347099625
6509,-0.003229251294603476
6510,-0.004223865444173098
6511,0.0019398201861408199
6512,-0.0033647019060747754
6513,-0.003575189685418631
6514,0.0005913899610664082
6515,-0.0015796606266483965
6516,-0.00541485573696919
6517,-0.003407267789849646
6518,-0.0019339061326347044
6519,-0.0054074239129480416
6520,-0.004670169249277694
6521,-0.00623478859211328
6522,-0.002245321080651057
6523,0.003680870075800459
6524,0.0017998530042440675
6525,-0.0024454057676498824
6526,-0.0004943214870099244
6527,-7.88591831435495e-05
6528,-0.005885664562895153
6529,-0.008951115213543501
6530,-0.009732939342798723
6531,-0.005355950639732942
6532,0.0020841218055958483
6533,-0.0027618885009876026
6534,-0.0036944948474049583
6535,0.002598163684058817
6536,-0.00115788609494525
6537,0.0018170763502974377
6538,0.0029993066665335716
6539,-0.004095749812080822
6540,3.982360742016064e-05
6541,-0.004215834098977727
6542,0.001425395478095219
6543,-0.004736388438989214
6544,0.0017064064025031807
6545,-0.004703777667179554
6546,-0.0045789012888001746
6547,-0.002240705701035531
6548,0.0027042620868457067
6549,-0.006156034598353646
6550,0.0016702415566213769
6551,-0.0034303463577677606
6552,-0.0005765229115535474
6553,-0.0011750562010487998
6554,0.0032956737437972172
6555,5.685303019487692e-05
6556,-0.005582525041049228
6557,0.0012279871636767387
6558,-0.0036688838159146843
6559,-0.001956325858217735
6560,-0.005800205730906668
6561,0.0008500038010941374
6562,-0.004556418435101968
6563,-0.0014022433816254093
6564,-0.0003023943691486293
6565,-0.001823560017600194
6566,-0.00024382598015908197
6567,-0.0004434409451351054
6568,-0.000278482196173737
6569,0.0013647026582075186
6570,-0.0026838571619002063
6571,-0.006628826630987357
6572,-0.005941956749943397
6573,-0.0016791925963058826
6574,-0.00319842633073553
6575,0.0005340619040542123
6576,-0.0026356686050881643
6577,-0.008162632631518445
6578,0.002737259812072318
6579,-0.00255312307367769
6580,-0.005102196700779105
6581,-0.0012188145474767535
6582,-0.004319009996825288
6583,-0.0003584005322173449
6584,0.005123444512474356
6585,-0.0047598741258206845
6586,-0.003373553344820368
6587,0.0015649163037663207
6588,-0.003353644068031514
6589,-0.003960040653463351
6590,-0.003891404735642194
6591,0.000984097120328875
6592,-0.0035387403963171894
6593,-0.004866238061030141
6594,-0.006430748418964613
6595,0.001469571835715458
6596,-0.0017949850065245958
6597,-0.002498432816183699
6598,-0.007698154612464231
6599,0.004984634294932219
6600,-0.008660383221219335
6601,-0.004145589544109755
6602,-9.112265916617901e-05
6603,-0.0054078317917825615
6604,0.0035442795888165936
6605,-0.000127919114737661
6606,0.004730945374196868
6607,-0.005764038524013571
6608,-0.005353273900429337
6609,-0.003508248646355426
6610,-0.00814036505895619
6611,-0.005077072955730802
6612,-0.006013540424965998
6613,0.0005806507718676274
6614,0.003380479139322219
6615,-0.003199450398165868
6616,-0.0013390509610355372
6617,-0.002309583502584981
6618,-0.003877038819786613
6619,0.0015915573186331758
6620,0.0008761301545190392
6621,-0.0017339044888231916
6622,-0.0014429213743280996
6623,0.00012723500844608743
6624,-0.001020140761759561
6625,-0.005025022100068721
6626,0.0016749499193363937
6627,0.0018554280918520252
6628,-0.0009825070966239038
6629,-0.0012404806746525616
6630,-0.002510395459432803
6631,0.00015713345881399055
6632,-0.0038464377865823074
6633,-0.006554945228518714
6634,-0.009422054167067685
6635,-0.006545625255324816
6636,0.002963812688706116
6637,-0.0036782406736563175
6638,-0.0015281440284627482
6639,-0.00419469309665841
6640,0.00032287491631881673
6641,0.0006435999369184195
6642,-0.003278491896098898
6643,-0.0009166897856934253
6644,-0.001378346926601333
6645,-0.003613259806938565
6646,-0.0036310248750089542
6647,0.0015481507277409316
6648,0.0020744702497803996
6649,-0.004393319723832549
6650,0.0026075772880126413
6651,-0.005033302656288041
6652,-0.0030930594695346494
6653,0.0019522709325848903
6654,-0.004754737577299533
6655,-0.0007823949151477688
6656,-0.007159689269298254
6657,0.0021596883638717625
6658,-0.0028164963049146334
6659,-0.008434039220500456
6660,-0.004882624965509962
6661,-0.0012307274515105104
6662,-0.004884048856437999
6663,0.0009947136196130947
6664,-0.0024832341131300374
6665,-0.0034137080405658507
6666,0.0041612988748858624
6667,-0.005707800898267799
6668,8.921823136955748e-05
6669,-0.004882506988848644
6670,-0.0047592197229694745
6671,0.005368472695214954
6672,0.010556148395523372
6673,-0.0061144558815033785
6674,-0.003641598220703257
6675,-0.0068704824628305974
6676,-0.006630532200205465
6677,-0.0023185971797253513
6678,-0.0025419293413934084
6679,-0.0004988614865991461
6680,0.0009220463513845145
6681,0.0005175506085774266
6682,-0.004188810662993488
6683,-8.150059485463601e-06
6684,0.002374013953014245
6685,-0.007203692669655148
6686,0.005912680227806982
6687,0.005580121583786346
6688,0.0011926383918312439
6689,-0.008521094873182446
6690,-0.0028783386638715908
6691,-0.0034938112151408386
6692,0.0017919080240328712
6693,0.0013290577069506523
6694,0.0002671897112436379
6695,-0.00354999676383529
6696,-0.0030013548568488466
6697,0.0028849070871744403
6698,0.0038096131719309104
6699,-0.0033496782239614865
6700,-0.0010407708037439914
6701,0.008557546814234346
6702,0.0018254550225224112
6703,-0.00414753118688178
6704,-0.010770376862865284
6705,-0.007831555718371956
6706,-0.0018950915925909154
6707,-0.007765211368536296
6708,0.0027128973315823923
6709,0.0012179051485596837
6710,-0.008032195626678187
6711,7.490514258970751e-05
6712,-0.002123093647677529
6713,-0.010337656384297261
6714,0.0017070364966303292
6715,0.0032470102575035686
6716,-0.003829579323348903
6717,-0.004045971258615787
6718,0.0006540638012445671
6719,-0.0030842517835716968
6720,-0.005907814395778189
6721,9.077971269148138e-06
6722,-0.0026799855026021294
6723,-0.0012164588761444974
6724,-0.0009308189142858275
6725,-0.002368102459119951
6726,0.0016764373746054675
6727,0.001091751327753153
6728,0.0018246798864525633
6729,0.004954942390800875
6730,-5.298812775654527e-05
6731,-0.0018237380883942868
6732,0.002979461068822485
6733,0.003570328056772591
6734,-0.003252376920494359
6735,0.0005918231951643031
6736,0.005186216777113395
6737,-0.009062106507676377
6738,-0.009278169533210118
6739,-0.004718117650453026
6740,-0.003518369117116723
6741,-0.001985534961957223
6742,0.0005570604289044032
6743,-0.002603360084763376
6744,-0.003799642108163949
6745,-0.007686339741181544
6746,-0.002598674410531396
6747,-0.004483174113146075
6748,-0.003155728046588438
6749,0.0059598715474373475
6750,0.000947737578647901
6751,0.0006175174128886622
6752,-0.001811970181837451
6753,-0.0025356459063305
6754,-0.01003846134442055
6755,0.001687748901590326
6756,-0.0009193730315310324
6757,-0.0013082938326023363
6758,-0.011481774729631258
6759,0.006957577645811543
6760,-0.0032907766158185824
6761,0.0017261458484847288
6762,-0.005836824554464246
6763,-0.003651246577236592
6764,-0.006866682230423995
6765,0.002635560591786948
6766,-0.001998281889235523
6767,-0.0011910877675095008
6768,-0.00044487199312804454
6769,-0.00796995557465946
6770,-0.0020768598583063604
6771,-0.0005172690961139544
6772,-0.0025430464123663253
6773,-0.002148326997557796
6774,0.005310160000586005
6775,0.00220889617240198
6776,-0.003211126819562135
6777,-0.004655298207580004
6778,0.006448169363370657
6779,0.0036976228470831304
6780,0.0012706647799215834
6781,-0.0011460275026603864
6782,0.0013876125115603183
6783,-0.0001630611032094123
6784,0.0017954401071370515
6785,0.007549518579940573
6786,-0.00868535283968213
6787,-0.0005338927657084561
6788,-0.004908220384540057
6789,-0.0021505051151218812
6790,-0.013479233971784514
6791,0.007600444706178065
6792,0.0005829800309779358
6793,-4.2402715118971396e-05
6794,-0.0030580199730895555
6795,-5.236251337388531e-05
6796,0.004973380384035414
6797,-0.0021619530075873312
6798,-0.009250598205230783
6799,-0.0038612150487788433
6800,-0.005611351708015643
6801,0.0014242982993683921
6802,-0.003505843634724365
6803,0.0033888005670273356
6804,-0.0025811384216270702
6805,-0.0019107795884724804
6806,0.0022947950010829346
6807,-0.0082687767996034
6808,0.0005690774983190261
6809,-0.0005969331547935122
6810,-0.005938933417358454
6811,-0.0011140781529729235
6812,0.007424917259307218
6813,-0.004264430954175783
6814,0.005288366796579784
6815,-0.00631442156891281
6816,0.0009810712990323753
6817,0.0022953094159589987
6818,0.00035542055254388777
6819,-0.005957544769292496
6820,-0.0020398842678874957
6821,-0.00014003662825420524
6822,0.0014215571455244227
6823,0.0011972642174372418
6824,0.0006517505277930692
6825,0.0002999503978470472
6826,0.004318873956004436
6827,-0.0019567254493930777
6828,0.0007125587282499901
6829,0.00235273221455291
6830,-0.005960240007802646
6831,-0.011256872965371461
6832,0.00509337458090087
6833,-0.006819993494421646
6834,-0.005596714128058861
6835,-0.004617765759850526
6836,-0.0035330050523471497
6837,-0.005398582890673059
6838,-0.0026108465751860134
6839,-0.0049489631628699335
6840,-0.006404954110751995
6841,-0.007493632412314082
6842,0.0023092283033079863
6843,0.003431186898314141
6844,-0.0010061507311712667
6845,-0.0034488882947513178
6846,-0.004712405603500253
6847,-0.003454355820750831
6848,-0.0037147567889147214
6849,0.0011572345458427911
6850,-0.011082778898934567
6851,5.147289169620678e-05
6852,-0.005166439592741583
6853,0.0024714705731160927
6854,-0.013055688759646227
6855,-0.00822999585111324
6856,-0.0023667188019749555
6857,-0.0005170575223845883
6858,0.003128962455793371
6859,-0.0016720096310935476
6860,-0.0009800969071019142
6861,0.00464024796910693
6862,-0.00026501004533979744
6863,0.0008031975526097204
6864,0.005455873848401779
6865,-0.003367187091741511
6866,0.00031886993962679244
6867,-0.0009650276935801207
6868,0.001400803166444961
6869,-0.003603056693242599
6870,-0.007875920469500357
6871,0.0014568584014374754
6872,-0.0005201640849761408
6873,-0.00011596042571374379
6874,0.0007510148306563574
6875,-0.0014665866402228424
6876,0.008343776420608066
6877,-0.0040649279071072325
6878,-0.00620449893428518
6879,0.00469352115254696
6880,-0.0025346854079594666
6881,-0.00023483098771557437
6882,-0.004285147941536845
6883,-0.003773705239189795
6884,-0.0038491747044283667
6885,-0.0029644797184708235
6886,-0.0022278387536482716
6887,-0.005198873235812453
6888,0.00018398929076606993
6889,-0.0027445121757273296
6890,-0.003763205361780153
6891,-0.006227128529615038
6892,0.006795793018648154
6893,-0.012087442064199337
6894,-0.00380038135305924
6895,0.004853836731540009
6896,0.0020524814787652793
6897,-0.0007350352229773191
6898,-0.0051267418636526604
6899,-0.0034106188130699384
6900,0.0032094236989956802
6901,-0.0010748257547200518
6902,0.0010269617535943118
6903,0.001887910721006733
6904,-0.0015696295460766382
6905,-0.006096272311933892
6906,-0.008700727859120128
6907,-0.0005457983045294573
6908,-0.009720854421496183
6909,-0.0033469532454450425
6910,-0.006745957757655543
6911,0.00494541675627292
6912,-0.005039002110437542
6913,-0.003750315444248725
6914,0.0003272604975944164
6915,0.002218638815698313
6916,0.002941428272974493
6917,-0.0019259337959659818
6918,-0.006460301808630421
6919,-0.012266742497883176
6920,-0.001764955678532798
6921,-0.003669139085531986
6922,-0.0007873880853218884
6923,-0.008271685246765328
6924,0.004239929927688974
6925,0.002308666450754629
6926,0.0019038598320006497
6927,-0.003136255636365756
6928,-0.007685612398513356
6929,0.0021769980821349025
6930,-0.004117127866689437
6931,0.0008305070941213889
6932,-0.007775154729931545
6933,-0.003802987219111386
6934,-0.004301173072109723
6935,-0.006006420580372394
6936,0.0011112994727074353
6937,0.006157266489933949
6938,-0.0020263685664377758
6939,-0.0017095490985483477
6940,-0.0007093131880774317
6941,0.0016237276508231716
6942,-0.00030313272869841174
6943,0.003744760694614588
6944,-0.0010109801162288407
6945,-0.008127179544929638
6946,0.005986968719863036
6947,0.0009026985636830034
6948,-0.0029059429293747906
6949,0.0009450252634766107
6950,-0.0016070694348304035
6951,-0.003812948161989113
6952,-0.0044554621541869725
6953,-0.00935167475887163
6954,-0.005731014986405471
6955,-0.010340624153037239
6956,-0.0011318745351222778
6957,0.009507309639803625
6958,-0.004056721956998577
6959,0.004336256389576826
6960,0.005698745433849486
6961,-0.00852741832644396
6962,0.0018952096393178887
6963,-0.003853755851188242
6964,-0.0014806818691751739
6965,0.0020187746630428126
6966,0.0032535271877754124
6967,-0.004043877208654959
6968,0.0036433029518828063
6969,-0.0004914793797053917
6970,-0.006572779799716082
6971,-0.004560234662739825
6972,-0.0051244395494662795
6973,-0.0004891818382644283
6974,0.0030812374473962387
6975,-0.004498841127742195
6976,-0.0029794976753485317
6977,-0.006400257559210289
6978,-0.0070653771068856785
6979,0.0002655553974762227
6980,0.004319103864193659
6981,-0.0026343030933264552
6982,-0.005263550328501156
6983,-0.0030113294547486104
6984,-0.004575527588421599
6985,-0.003116774146561599
6986,0.006951620792408492
6987,-0.001635860827194694
6988,-0.008063142099686876
6989,0.001732253286804427
6990,0.0036026512252111363
6991,-0.004814512654423803
6992,-0.00014631479135659292
6993,0.006206050675962013
6994,0.004426217139868065
6995,-0.002083603386373478
6996,-0.008562113186777156
6997,-0.0027065199668169088
6998,-0.00042051231237382955
6999,-0.009031831096162558
7000,-0.004934266260892807
7001,1.8901027072568133e-05
7002,-0.0018790927407578949
7003,0.0014448665261466466
7004,0.0018047730889555538
7005,-0.003018051180596292
7006,-0.0002868957805834786
7007,-0.00688713276979902
7008,-0.00386084371469389
7009,0.0008956880944888806
7010,-0.006866405381867963
7011,-0.0036874607598404753
7012,-0.005977605727221738
7013,-0.01083049046159543
7014,-0.0065560539049472726
7015,0.0024600888080782805
7016,0.00095973812700164
7017,0.005614042037565173
7018,-0.005896351499840701
7019,-0.0048401808521586
7020,-0.005020941555205299
7021,-0.0008531147633818112
7022,-0.0027543534218689193
7023,-0.0024601612423914183
7024,-0.006631685997523888
7025,-0.008235214485336009
7026,7.666375311577919e-05
7027,0.0035280559018980723
7028,-0.010365833634816086
7029,-0.004582695053979444
7030,-0.003745250316246812
7031,0.0029330155690575933
7032,0.0004854572613775601
7033,0.0038256807351487662
7034,-0.008589851832159951
7035,-0.0033175802997086543
7036,-0.011387563230897617
7037,0.003221092495382577
7038,0.0029344831225442056
7039,0.0007670406062598792
7040,-0.0012118104290516872
7041,-0.009513316264334947
7042,0.00010220972226253344
7043,-0.0009688415080293319
7044,0.0019442178505450283
7045,0.00030748380866030267
7046,0.005148587313536526
7047,-0.006117110938739255
7048,0.0035775930952312088
7049,0.005654921019636484
7050,-0.0037413408878531965
7051,-0.0031316974436449256
7052,-0.0017578308554538763
7053,-0.011356782977214368
7054,0.002399612964835443
7055,-0.005389010986509703
7056,0.0009424714367577657
7057,0.003621603004987331
7058,0.0007838041272621409
7059,-0.0011034147197028013
7060,0.0027761311143858665
7061,0.0031313606126574037
7062,-0.0018130240523055348
7063,-0.009027548010035587
7064,-0.0004328949103572302
7065,0.0009484817676043075
7066,-0.009649617353641688
7067,-0.01184573557325867
7068,-0.001530209768814933
7069,6.872598027255969e-05
7070,0.003043616175874092
7071,-0.00046956233761248634
7072,-0.004713200888909239
7073,0.006104012980232672
7074,0.0014364760054140814
7075,-0.0016791558077078536
7076,-0.0023779788144303766
7077,0.0012708725952923286
7078,-0.002317912623551535
7079,0.005090454806138244
7080,0.0009079437887468123
7081,-0.0018126490933575157
7082,-0.005688961742290281
7083,-0.002922147022123317
7084,0.0014642389848891595
7085,-0.0041945332183215625
7086,0.004437257784669472
7087,0.0005331594711888293
7088,-0.0012446803867958087
7089,-0.0038636889975600455
7090,-0.0044942351612458215
7091,-0.004939127160008962
7092,-0.002833581426699896
7093,-0.002560917728583856
7094,-0.002681044961055777
7095,-0.0024078316035022786
7096,-0.004690962837129269
7097,0.00041154791213698916
7098,-0.007961345692803663
7099,-0.00048042817957255624
7100,0.004459450366354294
7101,-0.002952975505229445
7102,-0.002210737491620436
7103,-0.008929750625203441
7104,-0.0040568306693567376
7105,-0.0014710075760050526
7106,-0.0036836453552292377
7107,-0.0038690663454683596
7108,-0.0012754817228658802
7109,-0.0019307616288820814
7110,0.005703314045127014
7111,0.0008642407515275681
7112,-0.00016398071798382624
7113,0.0022921762930329832
7114,-0.004396329981971855
7115,-0.0033551919180334795
7116,-0.0012436326009818907
7117,-0.007671046393647112
7118,-0.005457428158891841
7119,0.0018709708644996693
7120,0.0011488797985409818
7121,-0.005451590650318364
7122,0.0038878455916341106
7123,-0.00414945884918853
7124,-0.005141182014127516
7125,-0.0027343700553575517
7126,-0.007583263734846427
7127,-0.003856296495334359
7128,-0.0018046885584259535
7129,0.0002451055270148786
7130,-0.002714982587072059
7131,-0.0036520579522045654
7132,-0.0042304131688485486
7133,-0.003921804978488715
7134,-0.0022905487371453134
7135,0.0008913485403472324
7136,-0.008383757640174967
7137,-0.006465143751125762
7138,-0.0010810939643465453
7139,-0.003348200731623112
7140,0.0017554522050680227
7141,0.005133397886887391
7142,-0.0019045612472066917
7143,0.0032544962336382953
7144,-0.0034482650675847354
7145,-0.004424918203436351
7146,-0.004821771876083469
7147,-0.004105502250057583
7148,-0.0021186124439160764
7149,-0.005822938708027633
7150,-0.0030491326933824066
7151,-0.0017115097059022637
7152,-0.008623151889841661
7153,0.0010121033119531893
7154,-0.003913158283032785
7155,-0.00374741767825185
7156,-0.007433958512146743
7157,0.007183472423403885
7158,0.0017485113070145192
7159,0.0019022050941766636
7160,0.0029080591836431954
7161,-0.002931316088203628
7162,-0.0023285562514729283
7163,0.005772479328252922
7164,0.003973982027676931
7165,0.0012056922471112112
7166,0.0032713873578728153
7167,-0.00336453118384061
7168,-0.007137591243171756
7169,-0.0010672719411747335
7170,0.0024224554494249456
7171,-0.0027475619034336776
7172,-0.012665953618263556
7173,-0.004910923443218897
7174,-0.006972617072877132
7175,0.0035819848343638383
7176,-0.0014403407900134453
7177,-0.0028973590913820117
7178,-0.003476291069376771
7179,0.0020281286626829716
7180,0.0009360320636218368
7181,0.00405186998654879
7182,-0.00035655168111136185
7183,-0.0005483092082039925
7184,-0.004238506777155933
7185,-0.004650042032346473
7186,0.00702929918988493
7187,0.0009065414970812723
7188,0.011624321844683594
7189,0.00014795576249493694
7190,-0.012657970331664471
7191,0.0073770077068221265
7192,-0.00519867040596942
7193,-0.012203456573239353
7194,-0.002607434166463831
7195,-0.0027322222321084985
7196,-0.0049513796582477156
7197,-0.004196737292730301
7198,-0.0015868647031048039
7199,-0.004388255307386325
7200,-0.003151693628772559
7201,-0.008049276890787757
7202,0.0006385164173351304
7203,-0.01083862054834453
7204,-0.0009896092124715705
7205,-0.006670803224502697
7206,0.002105805951139208
7207,-0.0011434615645757908
7208,-0.004641630486282895
7209,-0.0014064976154594608
7210,-0.00440085125726844
7211,-0.0033422733402908786
7212,-0.0034498523130887804
7213,0.0010790981457681342
7214,-0.002729142496681495
7215,0.004281385719827141
7216,9.406114993171927e-05
7217,-0.007886701853431866
7218,-0.007953352829403272
7219,-0.005397140428444119
7220,-0.0037187004655490283
7221,-0.004509727729213486
7222,-0.008370811215465568
7223,-0.010607461113423658
7224,-0.003841649550907888
7225,-0.007255452350807004
7226,-0.003751277947383988
7227,-0.0009219042945939337
7228,-0.0016512390565534309
7229,0.0035333024105657015
7230,-0.0015397845187647488
7231,-0.0014348688152488395
7232,-0.002258513387737641
7233,-0.005053962370422906
7234,0.000442002137022543
7235,-0.0002792341275990387
7236,3.343753321204471e-05
7237,-0.000914826005326809
7238,0.005117487575771785
7239,0.0005002839174631062
7240,-0.0013409740172866703
7241,0.0004474538610320031
7242,-0.006901519435125111
7243,-0.002578057670862669
7244,-0.003344768356343869
7245,0.004331592311482783
7246,-0.0016112486663081745
7247,-0.006284844065516514
7248,-0.008490940292828826
7249,0.0015218728131206824
7250,0.002253776385159896
7251,-0.003127676421618035
7252,0.0013341139069994457
7253,-0.006091414401881452
7254,-0.005008016439648294
7255,-0.005458438021269791
7256,-0.0021204391681201064
7257,0.0008804000963374414
7258,0.0009806706355832487
7259,0.0008069253683031345
7260,-0.0027563186347727177
7261,-0.002954747293387343
7262,-0.006943737616605411
7263,0.0022943108775811405
7264,0.001473809534938409
7265,0.0011851740549887017
7266,-0.003366355240348246
7267,-0.00578366381716712
7268,-0.0030454369983216253
7269,-0.0029699209709802034
7270,-0.006497813321748994
7271,-0.0033646579117689764
7272,-0.007512419253326904
7273,-0.001226454487582556
7274,-0.006337899441418604
7275,0.0013299129489361995
7276,-0.0042636080792779335
7277,-0.00325115786148044
7278,0.004517460856754096
7279,-0.007862482666315708
7280,-0.0053361038115980475
7281,-0.004978392558126838
7282,0.0047987119507124296
7283,-0.0033107536924914596
7284,0.0009327915322327567
7285,0.000979027044052224
7286,0.0048299593563020105
7287,-0.00042455484779766253
7288,-0.006078047903423249
7289,0.003354433900846887
7290,-0.0011239087818472396
7291,-0.0035735835992781184
7292,0.0017885722012775142
7293,-0.00016113244947993377
7294,-0.006001692535651894
7295,-0.008273590209137233
7296,-0.007153216142179852
7297,-0.0031650730580812005
7298,-0.00519622109698166
7299,0.002239083893095545
7300,-0.004497206289473789
7301,-0.006147920737018222
7302,-0.0069102617677284615
7303,-0.00414848956457833
7304,-0.0009816498453499474
7305,0.0019640950448990765
7306,-0.005696124425081564
7307,0.00122982937426485
7308,-0.007549450474461317
7309,-0.002863963881774432
7310,0.0035227386798703693
7311,-0.0006889102478576138
7312,-0.0005419514195217842
7313,-0.006408273009933692
7314,0.0005052162560496322
7315,0.001831725574750788
7316,-0.003774914300203956
7317,0.00033898516226451084
7318,0.000447659265111533
7319,-0.004639880081028294
7320,0.0030711937497304876
7321,-0.008879838618023328
7322,-0.004235205631229894
7323,-0.0004411857311906395
7324,-0.0038360072567703157
7325,-0.007322779359621535
7326,-0.003274266111008523
7327,-0.004409661834445789
7328,-0.002344100179655983
7329,-0.0033124680522505848
7330,-0.006674681268000061
7331,-0.0034517329034608364
7332,-4.3638050877103235e-05
7333,0.002189175399458048
7334,-0.0048415466045861125
7335,-0.0032093810552935517
7336,-0.0065061734086834765
7337,-0.0034515708448883825
7338,-0.004299277668200284
7339,-0.003080049263330026
7340,0.0007689620891409357
7341,-0.006476556214743499
7342,-0.0007038314763456455
7343,-0.004679291560490666
7344,-0.00314080301291228
7345,-0.004126676078569029
7346,-0.003106536994152906
7347,0.0018516983512752092
7348,-0.005909113528233447
7349,-0.0037407300133618093
7350,-0.005818130667572304
7351,0.003386011370246113
7352,-0.00028298804736020394
7353,-0.001267090024439553
7354,-0.006091280252469963
7355,-0.005295499200047703
7356,-0.001803597599884351
7357,0.0013011260531067305
7358,-0.0036800782094599076
7359,-0.004327200381749163
7360,-0.004562192698669899
7361,0.00016473702860304168
7362,-0.0024115489148113824
7363,-0.00514822648947675
7364,-0.0001892704521251863
7365,-0.006565105985354019
7366,-0.0029700249105433507
7367,-0.005527331812428364
7368,-0.010417026843437843
7369,-0.001695509691579597
7370,-0.004395058881512051
7371,-0.0025461452566938776
7372,-0.004895119073846984
7373,-0.0020405687854271326
7374,-0.001298439643444546
7375,-0.005889827479984802
7376,0.005653213469978262
7377,0.0033823452406918086
7378,-0.004581136365093226
7379,-0.009458465583572037
7380,0.0011851731912358582
7381,-0.003176490811118024
7382,-0.004766575923622833
7383,0.00191279110261873
7384,0.003153502807991714
7385,-0.0032075907771080894
7386,-0.0019489067973177433
7387,0.003984304339907693
7388,0.0009677648158420843
7389,-0.0007719056383410985
7390,0.0004075411353972047
7391,-0.00302688892993825
7392,-0.010165615637576678
7393,0.003622185432343973
7394,0.001786255380425105
7395,-0.005402182228239048
7396,0.0003946554485598948
7397,0.00015386150472669613
7398,0.005230003339721009
7399,-0.002476890922683307
7400,-0.003491606909363461
7401,-0.004575722776996138
7402,-0.003557406720044655
7403,-0.00317590408798496
7404,0.0022234723239531046
7405,0.004099761224560041
7406,-0.0003734328151257238
7407,0.002392991387046156
7408,0.0006671250026060067
7409,0.0006038665535721618
7410,-0.0027286165742963914
7411,-0.004723784234675267
7412,-0.003308337861498499
7413,-0.005186699923440646
7414,-0.004313116689179566
7415,-0.002516362243031464
7416,-0.0003786561995203011
7417,0.0036398606356492953
7418,-0.0029277187076363342
7419,-0.0031312390468282575
7420,-0.005227122123591624
7421,-0.0027552925594177026
7422,-0.006253896803391362
7423,0.0010444583341470103
7424,-0.003884599402957812
7425,-0.004874619017016593
7426,0.00328528325451238
7427,-0.004378414135420568
7428,-0.0006043963217409118
7429,-0.0015576044231325192
7430,-0.004333357697184216
7431,-0.009155848114476426
7432,-0.008746796229668702
7433,-0.0033045657230089953
7434,-0.001382177439963099
7435,0.0009700838176282499
7436,-0.002611363494472274
7437,-0.00024798581545107737
7438,0.005420658557557662
7439,-0.004622488858904622
7440,0.003122373181766329
7441,-0.007019143787779708
7442,-0.006083778489094697
7443,-0.004328277736542881
7444,-0.0025323163312899917
7445,0.003913196168146171
7446,-0.0008098089485812088
7447,-0.006485952999697876
7448,-0.0004080078085912063
7449,-0.0013049361430581552
7450,-0.012537836413398878
7451,0.004621693533386003
7452,0.0021137031880404146
7453,-0.0005892605719595954
7454,-0.0005014881696418644
7455,0.002589024494277097
7456,-0.0014743897283413694
7457,-0.000957323841419052
7458,-0.005945818294955947
7459,-0.00031110356173687237
7460,-0.009235941582737758
7461,-0.002639031285145338
7462,-0.0019997592878148694
7463,0.00400136309265442
7464,0.007831552912553691
7465,0.0005017188897019319
7466,-0.004703180418586139
7467,-0.004506928891715611
7468,-0.0005497968203832422
7469,-0.0024280803568907453
7470,-0.001752753109839432
7471,-0.00933419800666024
7472,-0.007206083148520625
7473,-0.003875164153605795
7474,-0.00030812076414451703
7475,-0.002281285821446405
7476,-0.003302309925087312
7477,-0.0019868276825110165
7478,-0.005732386677715452
7479,-0.000393608112880358
7480,-0.00555350040925463
7481,0.00235406124134966
7482,-0.0029890439559840144
7483,0.0015586222572392151
7484,-0.012735461273453305
7485,-0.003282346353051375
7486,-0.006393069558221547
7487,0.002071631411522782
7488,-0.0046516008360191485
7489,-0.003762232462477689
7490,0.0026084825480654147
7491,0.003972865649315083
7492,0.0017281965058659407
7493,0.0008390598462754487
7494,-0.004036637685905765
7495,0.001249451310294386
7496,-0.005002632810128391
7497,-0.011771280932648783
7498,0.002859882649312858
7499,-0.006483845821717571
7500,-0.006940187511724601
7501,-0.003973462962550665
7502,0.0009042478891216205
7503,0.0004251517593044443
7504,0.004549108258504814
7505,0.002459679320206406
7506,-0.010606492392841685
7507,0.0003115463983184713
7508,-0.0013411672892594158
7509,0.00037240639231267414
7510,0.001719300578652154
7511,0.0008064878495366995
7512,-0.0009679982292524827
7513,-0.0029584677598672796
7514,-0.0058798236209573265
7515,-0.012129039330877344
7516,-0.0036838221699842313
7517,0.0008962619785746057
7518,-0.0050985745647337405
7519,-0.004794957087367338
7520,-0.003331859382480911
7521,-0.00046689521022400676
7522,-0.009620817124490179
7523,-0.003449709238241016
7524,0.002863075152754087
7525,-0.0065945292818205825
7526,-0.002559122798048881
7527,-0.000765242914049738
7528,0.0015575485309666688
7529,-0.002884544444843852
7530,-0.0007866563449646126
7531,-0.0006799212684170768
7532,-0.0018608533687203659
7533,-0.0011424885056417339
7534,0.0036970976459228602
7535,0.004707031610938606
7536,-0.007212426134592994
7537,-0.0032570895849356393
7538,0.002295062587581484
7539,-0.004431631483758414
7540,-0.0038920142593144025
7541,-0.008281482904315032
7542,-0.0009086236659729859
7543,-0.006551913078551845
7544,-0.003052641853994901
7545,0.005882831484757371
7546,-0.0027295201616349685
7547,-4.155217367952588e-05
7548,-0.005123506274564944
7549,0.0006095033507616081
7550,0.004492775627024676
7551,-0.005631405105655678
7552,-0.003965128464473323
7553,-0.0026773221074630343
7554,-0.006009123467648637
7555,0.003382074174540582
7556,0.006378643897758794
7557,-0.0051739261274235775
7558,0.002810060279010134
7559,-3.464960429128833e-05
7560,-0.005843330283505397
7561,-0.005761535009947777
7562,-0.003001656407554232
7563,0.0050573014935993005
7564,-0.005004098586100958
7565,-0.003522646060575306
7566,0.006137602684124527
7567,-0.002890998542830883
7568,0.0056506894286085345
7569,-0.0008267239695733432
7570,-0.0003740889494249361
7571,-0.0057884405739477875
7572,0.0008542175185773278
7573,-0.006451331547684756
7574,-0.0007789451922252527
7575,-0.0029215123895024245
7576,0.002424014613286715
7577,-0.003005458576959219
7578,-0.006074314534511439
7579,-0.005011218990390916
7580,-9.891290742157499e-05
7581,-0.0022575524310936256
7582,-0.0014522104219408596
7583,-0.0018827319600515265
7584,0.002731493810121881
7585,-0.0008883440642390578
7586,-0.007666539763553106
7587,-0.005341661957761097
7588,-0.00012190668524795362
7589,-0.0012850382189172546
7590,-0.005495681127765873
7591,-0.001182658485622403
7592,0.000244891632661344
7593,-0.007721157761748237
7594,-0.003312299443463902
7595,-0.0013358338336417475
7596,-0.001496836323654844
7597,-0.00784214667622023
7598,-6.386580516998253e-05
7599,-0.0031459670859546422
7600,-0.009078588321555114
7601,-0.008882066862600051
7602,-0.005639013836514231
7603,0.0005407359010852417
7604,-0.005475957157577156
7605,-0.0013608727538176602
7606,-0.004981122089992265
7607,-0.0034548543832867047
7608,0.0011026291046353914
7609,-0.004010972022403549
7610,0.0021182754032081433
7611,-0.005386300805689824
7612,-0.0043546204558166865
7613,0.0025626200809231864
7614,-0.003662683885510873
7615,-0.007180068571292903
7616,-0.005632517038073777
7617,-0.006918472327593704
7618,-0.004104888446173897
7619,-0.0018571119348316095
7620,-0.003772679100315316
7621,0.0024059727497513714
7622,-0.005463569738513398
7623,0.0035186948152839403
7624,-0.0008520432920260494
7625,-0.0045504604722793225
7626,0.006211980554648076
7627,0.0022030538878616834
7628,-0.002912490882527284
7629,-0.00856207184182324
7630,-0.006036188321392372
7631,-0.001023741698768843
7632,-0.0037010412241154436
7633,-0.00027448036957730335
7634,-0.003049522058083204
7635,-0.004164432419525507
7636,-0.003746563781012721
7637,-0.006580649233171469
7638,0.002950723089178632
7639,-0.00040656572399043467
7640,0.0008714207391350599
7641,-0.007513081953285199
7642,0.002235813367992494
7643,-0.004065038717582188
7644,0.0013056735830003705
7645,-0.008189578256220499
7646,0.0028869218412167635
7647,-0.004050196274391106
7648,0.0029275580296096587
7649,-0.0018456202137312923
7650,-0.007494366328239407
7651,-0.004194082841237436
7652,0.004222002871440641
7653,-0.001392200772505868
7654,0.0024289996598670545
7655,-0.003804175438535534
7656,-0.004802319816038212
7657,-0.006115396635041029
7658,-0.0010478990803189613
7659,0.001017234018736407
7660,-0.005647164337764375
7661,-0.0036332882251236785
7662,-0.0001331618972428561
7663,-0.0013021062417909422
7664,-0.005174256285358912
7665,0.0006663494266279171
7666,0.0014552606470214918
7667,0.004613736904761322
7668,0.0033977338128543116
7669,-0.00415520165102827
7670,-0.004024796477162768
7671,-0.0009921263773341772
7672,-0.0013754238395998174
7673,-0.0017628307292867872
7674,-0.0017075954862859968
7675,-0.008832614193152843
7676,0.000549894002574814
7677,0.002167223604981467
7678,0.0006742240997218499
7679,0.0030468848783815027
7680,0.0004645677403188539
7681,-0.0020045689927830936
7682,0.0022291206836058015
7683,-0.003498695571150366
7684,-0.007169784166431763
7685,0.0032987622579703467
7686,0.0010789749649839676
7687,0.001114929507180614
7688,-0.005178343002315566
7689,0.0015840292885017614
7690,-0.0067905189558486664
7691,7.629701621170853e-05
7692,-0.0013843895209403913
7693,-0.006572514158689358
7694,0.0009638498967257866
7695,0.000532868761085166
7696,0.0014201638068145304
7697,0.007636465875049084
7698,-0.009277359998256848
7699,0.0009673142464894577
7700,0.0024751874030961053
7701,-0.006393206366630114
7702,-0.003217175664618002
7703,-0.0005250919388330479
7704,-0.0030878753103368017
7705,-0.00520320797752347
7706,-0.004971398244494128
7707,-0.00320886156845733
7708,0.0006952709814870839
7709,-0.000677383493896469
7710,-0.005290231546133596
7711,-0.0015052033042558983
7712,-0.002674341915744463
7713,-0.0031511353833452264
7714,-0.005220887063474424
7715,-0.007937867306319471
7716,-0.0016470697245741309
7717,-0.004077043134901537
7718,-0.002361493301136216
7719,-0.0033019540481346588
7720,-0.0072320399381764836
7721,-0.0020041115599663956
7722,0.0008561829317661612
7723,0.007619537951522152
7724,-0.00258959334189085
7725,0.0036916775943235183
7726,-0.01138078961222563
7727,0.0006941701502331671
7728,-0.007508899169052525
7729,-0.00390999519608401
7730,-0.0027598798148324166
7731,0.0006899230348169985
7732,-0.004711813856407392
7733,-0.0033903926862222343
7734,-0.0037252116631832297
7735,-0.005398476323827988
7736,0.0012634283402140206
7737,0.00447378220060457
7738,-0.0008284513418250622
7739,0.006003862791374832
7740,-0.00840973483975136
7741,-0.0022700503995828555
7742,0.00036742823622619436
7743,-0.00658926121269085
7744,0.0003976576491951933
7745,-0.003590935594541128
7746,1.555293816183842e-05
7747,-0.004530558555522715
7748,-0.0029450480765432427
7749,0.0045932547463387215
7750,-0.005519972975938651
7751,-0.0094129427692844
7752,-0.005327405303651361
7753,0.002506925255060348
7754,0.0007784382547304652
7755,-0.005162221564703487
7756,0.0013532131605088274
7757,-0.0019999396930782745
7758,0.0027216839819311986
7759,-0.012750594884895383
7760,-0.0020695841727376083
7761,-0.004206748714087348
7762,-0.005258316500104145
7763,-0.0031106651173471236
7764,-0.004079022406827108
7765,-0.00355968492566296
7766,-0.000692621646539833
7767,-0.0025281938030042098
7768,-0.005516239984363607
7769,-0.0017876440707191438
7770,0.0013020086673379075
7771,-0.00581115241688504
7772,-0.006600062355793593
7773,-0.006400941301568909
7774,-0.0016999601749554602
7775,0.0019964109085868695
7776,-0.003961559027304131
7777,-0.008227914961955702
7778,0.008236875125167901
7779,-0.003951216275393736
7780,-0.0038668552095548377
7781,-0.0008177465252077881
7782,-0.004800618735704882
7783,0.002828205670283246
7784,-0.0032877544919080737
7785,-0.005366114986248949
7786,-0.005737251948533324
7787,-0.0006173076140497842
7788,0.00011967451865256898
7789,-0.004238213025516514
7790,0.0024937411052568734
7791,-0.002141160642547317
7792,-0.0019205517424924247
7793,0.001498170536386765
7794,0.0008645219378230588
7795,-0.0054511983142282935
7796,-0.004081686816715627
7797,-0.004401949847444117
7798,-0.001442152219905589
7799,-0.0020527947824678545
7800,0.0035798008716351436
7801,0.005721052115307962
7802,0.0034739869015473837
7803,-0.00812611976561877
7804,-0.010382551701413133
7805,-0.0021395908529253695
7806,0.0026803141149503683
7807,0.0020922399554754584
7808,0.0023503392114320766
7809,-0.0032489903782821697
7810,-0.00987554169227101
7811,4.1227642906593864e-05
7812,0.005939107491371075
7813,0.005069069946161714
7814,0.0011173083970115495
7815,-0.004276677746921566
7816,-0.00749004746848024
7817,0.0034629823339900785
7818,0.003295484502127112
7819,-0.002397647768041501
7820,-0.0007739639939574883
7821,-4.92755405662286e-05
7822,-0.0012260643147803986
7823,-0.0006993399133099487
7824,0.0005144165216729446
7825,-0.0042081378140257746
7826,-0.0018445027968594513
7827,0.0005521993574070412
7828,-0.0005724610115145148
7829,0.0023730211723808313
7830,-0.008803805019887069
7831,-0.0015193802176309452
7832,0.0011128104530330578
7833,0.006358389917850836
7834,-0.008663296371498465
7835,-0.0034908710438206585
7836,0.0025753299498759187
7837,0.007178098081181805
7838,-0.003601228556632509
7839,-0.00282047011221407
7840,0.0003213481766528581
7841,-0.011336989677784504
7842,0.00047583540039780256
7843,-0.005037445626636487
7844,-0.00439544668685447
7845,-0.004894165081065556
7846,0.0019391985789467235
7847,-0.0025745854524298895
7848,0.001029044302863335
7849,-0.004440678604731123
7850,0.0010392160497235403
7851,-0.0009605277734443529
7852,-0.006343661878498039
7853,-0.006439130364886664
7854,-5.257595635455026e-05
7855,-0.001183015638774914
7856,-0.009025802801512897
7857,-0.0037688538322925152
7858,-0.0062950954540793545
7859,-0.0035537285472640595
7860,-0.0015117798275704197
7861,-0.004942934716858208
7862,-0.0031241669942369266
7863,-0.0021653430319869653
7864,0.0005245542388815812
7865,-0.005445043460129733
7866,0.003205360259841021
7867,-0.000521144735532636
7868,0.007586407155201286
7869,-0.0034256347085366706
7870,0.002407198492747075
7871,-0.007620960761844167
7872,-0.0023109473084211504
7873,0.005557425585688808
7874,-0.002806354767669668
7875,-0.002932170179093599
7876,-0.0021815617245613955
7877,0.0009284266540290735
7878,-0.004291706586450762
7879,-0.0022049466557793607
7880,-0.005768258104359422
7881,-0.008076372897077803
7882,-0.0020453982123365202
7883,-0.005133288961409611
7884,-0.006960834663812587
7885,-0.002596519160766489
7886,0.0002918969450729572
7887,-0.000768160710388939
7888,-0.00025967690372044605
7889,0.0028663061223627197
7890,-0.00538868276757767
7891,-0.004397883790515061
7892,0.0027062812902195477
7893,-0.0029171858177790555
7894,-0.0051745671976928045
7895,-0.005456015351879971
7896,-0.0016670130454725686
7897,-0.005063544958321325
7898,-0.009775258447742775
7899,-0.006457273359117957
7900,-0.008690916518415717
7901,0.0023943746192276356
7902,-0.008730906511420878
7903,-0.0030613778401405688
7904,0.004982788572573577
7905,-0.002294114615686474
7906,0.005142174098398254
7907,0.004186883334886524
7908,-0.006695291882263789
7909,-0.0017450860948775779
7910,-0.007057147392103405
7911,-0.007764894300756137
7912,0.00047739696088990036
7913,0.003002893732369342
7914,-0.006900828981346217
7915,-0.00022311933039916715
7916,-0.0039019520074716554
7917,0.0006089138017194191
7918,0.0017626658177793027
7919,-0.000678556936355483
7920,-0.003575841237973096
7921,0.0021455589256792404
7922,-0.0020135748490576408
7923,-0.009009838941023956
7924,-0.006028512314839429
7925,-0.008534417522107946
7926,-0.0060629112444441635
7927,-0.00249180637188089
7928,-0.0058662713555394305
7929,-0.0023510371809340874
7930,-0.0012571113264259748
7931,-0.005295775441115279
7932,-0.006190719300369112
7933,-0.0016753179002926624
7934,0.001903794800676404
7935,-0.0018843340135481293
7936,0.0054577898533772
7937,-0.0003728467888834894
7938,-0.007743916373068087
7939,-0.0032733847311425986
7940,0.0007911021203344769
7941,-0.0020893479572359555
7942,0.004332422173179983
7943,-0.008326485802176153
7944,-0.007053401097154074
7945,-0.0026331717312091316
7946,-0.010026261291760485
7947,0.0027036616395786223
7948,0.001582645272679345
7949,-0.003728079721498953
7950,-0.0073953131133399595
7951,-9.6095647953362e-05
7952,0.007667008615284666
7953,-0.0010352331555379957
7954,-0.006295316590291457
7955,-0.004775190228187731
7956,-0.0011243428522334786
7957,-0.005600604643543047
7958,-0.0038047257788460936
7959,-0.00756367765118816
7960,-0.002015126529731341
7961,-0.0013777443153582432
7962,-0.005326442045000077
7963,-0.00232273990424468
7964,0.000320076981571861
7965,0.00038037042682562833
7966,-0.00751252378489406
7967,-0.0023061243227108577
7968,-0.0035210436296084155
7969,-0.003601021749308474
7970,-0.0013720652006054233
7971,0.0009994468584940443
7972,-0.0005697962935952462
7973,-0.006945517021411961
7974,-0.002152873796795504
7975,0.0013358922567053427
7976,-0.006510955154331224
7977,-0.002064159092026594
7978,-0.006972032896413093
7979,0.004453695879775697
7980,0.002374006130945683
7981,0.008358534462309233
7982,-0.008306641846142524
7983,-0.0014101632043611034
7984,0.0016932541139419097
7985,0.006190575621710763
7986,0.005681781263001038
7987,-0.0006168634555433761
7988,-0.0021839795349945443
7989,-0.004549766672907806
7990,-0.0019507952280787867
7991,-0.0024014330052854437
7992,0.005880695373412157
7993,-0.00599675879517882
7994,0.002091025589628679
7995,-0.010805319947246775
7996,0.003105685170060983
7997,0.0008668312089821009
7998,0.007414647019047021
7999,-0.0014114638175772264
8000,-0.0019377332282951888
8001,-0.000383141864230635
8002,-0.004531800960766365
8003,-0.0018027777689455828
8004,-0.0005377694640400846
8005,-0.0022180498566950722
8006,-0.0009275504043765072
8007,-0.011524788995634583
8008,-0.0016516510748098186
8009,0.0031976485818102016
8010,-0.004608395980473946
8011,0.004051630946574812
8012,-0.0008294096238410098
8013,-0.004178173274066034
8014,-0.006260315912550291
8015,0.0014303112430373542
8016,-0.0154613773059975
8017,0.0001475303814043455
8018,-0.002346379132114055
8019,0.003028474739368854
8020,0.0003952807644915374
8021,-0.010077335617360423
8022,-0.0025927991826658857
8023,-0.0001655290692443856
8024,-0.005589257903684232
8025,0.003983458037981065
8026,-0.00045644838939904245
8027,-0.007891852914599179
8028,-0.0067216105630369324
8029,-0.005922325656067439
8030,0.004377220760715762
8031,0.0003688597810004024
8032,-0.0023891561039511688
8033,-0.008899030156060285
8034,-0.002338505217007014
8035,-0.004487735332585004
8036,0.0028463871988949237
8037,-0.008091643090052354
8038,-0.0046185783135055634
8039,-0.004230698562963257
8040,-0.004113122706990425
8041,-0.002457458347917687
8042,-0.0007559182221448524
8043,-0.0032733556125147008
8044,-0.005955001776298881
8045,-0.0011549012412500927
8046,0.0006919681199739104
8047,-0.005597919183564885
8048,-0.002876347097488959
8049,-0.011876917960678864
8050,-0.004393505957702416
8051,-0.005932296366225456
8052,0.0003588211753188242
8053,-0.0034169224916594174
8054,-0.0026530654324811963
8055,0.002450373176611835
8056,0.0014507272124487623
8057,-0.002985062258216792
8058,-0.0021556622057132685
8059,-0.001493288296532523
8060,0.005121350220035535
8061,-0.011213521526402391
8062,-0.0014224567101170163
8063,0.0009447139638079256
8064,-0.003606067608335397
8065,-0.004683645005673358
8066,-0.002052242528931939
8067,-0.0007992177820854186
8068,-0.004791872531999284
8069,-0.004700485674956734
8070,-0.0012674236174457787
8071,0.0024007013122482324
8072,-0.0006335614492176331
8073,-0.0020366003350359846
8074,-0.010826457448722633
8075,0.007198631917523561
8076,-0.003049251498341836
8077,-0.0006550603836286417
8078,0.002429434081997979
8079,-0.004263562362667742
8080,-0.003926883042990159
8081,0.0013270024208046835
8082,-0.008184051206098795
8083,-0.0019678802667287137
8084,-0.003092720649435377
8085,-0.0045962772072874435
8086,-0.007088796582642602
8087,-0.00527502649330731
8088,-0.003443160627423312
8089,-0.002374385169576259
8090,-0.008074989321681464
8091,0.007722397408475579
8092,-0.004707953528205935
8093,-0.0017566751919827726
8094,-0.007615136300788999
8095,-0.0031090841444523162
8096,-0.0016633058554308133
8097,0.005740900428517309
8098,0.005823306074242269
8099,-0.0017257250284388077
8100,-0.0024878928791716576
8101,-0.008181492961266808
8102,0.0020730857977336627
8103,-0.0010556692050084845
8104,0.002348185771387165
8105,-0.0023263157386048533
8106,-0.006175028265822273
8107,-0.0016466023182701468
8108,-0.00892463379282777
8109,0.009050730286758471
8110,0.0010904452781435418
8111,-0.0018915362650222013
8112,-0.0033515574395631617
8113,-0.002945485679257398
8114,-0.005213651591740198
8115,-0.0018399743348848398
8116,0.0117479660873257
8117,-0.00789220835755327
8118,-0.005029794157239274
8119,-0.009509622121953581
8120,-0.006509308799943339
8121,-0.0037574794767725496
8122,0.00161363443841199
8123,-0.005562313097473161
8124,-0.0013978993124833528
8125,0.003910948008870152
8126,0.0012136367347501432
8127,-0.00440603715415052
8128,0.0027902360412680113
8129,0.0021095582938982643
8130,0.006777087519954816
8131,-0.0033904029279870976
8132,0.001214958065698421
8133,-0.007409351790307866
8134,-0.007774660003502926
8135,0.0013039909057810176
8136,-0.00020482379543821858
8137,-0.007723894814836225
8138,0.0031582504444360865
8139,-0.0007550017942510208
8140,0.0023876804983800834
8141,0.0023448832497195878
8142,0.0005926625641585262
8143,-0.004714208553669254
8144,-0.0031474718644946657
8145,-0.012384617160619015
8146,-0.006178647675745889
8147,0.0003557009104799558
8148,0.0014007646986371712
8149,-0.010029872433995383
8150,-0.003925504173687623
8151,-0.003240646749426805
8152,-0.0005593773672469549
8153,-0.002342318225544756
8154,0.004080854289979043
8155,0.003962940198405526
8156,-0.0002555486558269496
8157,-0.0019167042598998013
8158,-0.011014423114890603
8159,0.0053466309110165
8160,-0.0029629208379603096
8161,0.003466808461759008
8162,0.0009257483486357215
8163,-0.005272285009588894
8164,-0.0012223133908089434
8165,0.001015097935376602
8166,-0.002287989993780975
8167,-0.0057161087765968885
8168,-0.0035982972365854148
8169,-0.0031226277995378
8170,0.004479854682125507
8171,-0.0024627482006327507
8172,-0.003544746620980574
8173,0.0036886924066139477
8174,0.0008690828461013871
8175,-0.001088316625589912
8176,0.00479157433601023
8177,-0.010062931246963246
8178,-0.006715910684771467
8179,0.0011140161619146022
8180,0.0007433336824693958
8181,-0.0019653309826388743
8182,0.002548689514554718
8183,0.005483142853239784
8184,-0.007436448318065319
8185,-0.0015833503333629873
8186,-0.003740724177468034
8187,0.00024042614397205148
8188,-0.0027578640344353283
8189,-0.007016527621192509
8190,-0.003136313072203769
8191,0.0036815877135672817
8192,-0.00854120517127847
8193,0.0003791994367581264
8194,4.038934035499597e-06
8195,-0.0011124651343720482
8196,-0.0012257003140043674
8197,0.002324500411184243
8198,-0.009342598848743354
8199,-0.0022364533452095305
8200,-0.007390016268607177
8201,0.005309647392802489
8202,-0.00020246416939684667
8203,-0.0009264431384802194
8204,0.004235570574135459
8205,-0.0060250837865722
8206,-0.001525664484258133
8207,-0.009181838267999926
8208,-0.0019202200734103683
8209,0.0022464658795441905
8210,-0.006801640920678607
8211,-0.0036193907619291275
8212,-0.0033679297591086566
8213,0.000722898230467818
8214,-0.006191625404415715
8215,0.002335677724469881
8216,-0.002908853712854414
8217,-0.003989263062195821
8218,0.00012536608233213245
8219,-0.005482380072397
8220,-0.004364993095670108
8221,0.005891621634220221
8222,-0.0008832647751792003
8223,-0.00831634610086357
8224,0.00016883278408997768
8225,-0.0013541112869783767
8226,0.000731957363572424
8227,-0.0012009987370692789
8228,-0.0021439128440158307
8229,-0.0027799487100377863
8230,-0.006197153406980335
8231,-0.000759812325881265
8232,-0.00792336930424772
8233,-0.003496183434284962
8234,-0.0028388154024114945
8235,-0.0008389436232285885
8236,-0.002169922691946831
8237,-0.004034970266180139
8238,-0.006989221743608661
8239,-0.00021479270775928358
8240,-0.002158349781899542
8241,0.001454567823945166
8242,0.0006339076565890431
8243,-0.0017840438975776848
8244,-0.001224400858079032
8245,-0.004007345755196741
8246,0.005602090437491079
8247,-0.007475284789852262
8248,-0.0002699956347535573
8249,-0.004455672018503189
8250,0.00016892928304952995
8251,-0.006493988752961439
8252,-0.0009497097611085303
8253,0.002859830339795394
8254,-0.0009863032090635174
8255,-0.0021300213999829037
8256,-0.0019221544580152183
8257,-0.008972629430196142
8258,0.0012094923826958398
8259,-0.0007373665224536738
8260,-0.0012679022428812373
8261,0.0005900868809734713
8262,0.00045485962035319433
8263,-0.00261934501049391
8264,-0.0009402269723471565
8265,0.0023666945728797947
8266,-0.002540358546422695
8267,-0.0017794546400148915
8268,-0.0010277732042148664
8269,-0.0032703513891073274
8270,-0.0010110808656484636
8271,-0.0011874525080163185
8272,0.001632790648789708
8273,-0.00247415259331777
8274,-0.0005300325368235888
8275,-0.0023284230208863756
8276,0.004825222506611611
8277,0.00793964143209933
8278,0.005420092840811734
8279,-0.006127342545904482
8280,-0.00288370039394089
8281,-0.0037309119480992414
8282,-0.00040980142308233436
8283,-0.0027723050170331
8284,-0.0010755234187653576
8285,-0.009652817460409788
8286,-0.009973445353888995
8287,-0.007570301315126846
8288,-0.007360892136584744
8289,-0.0027805694187308626
8290,-0.0024759446829713296
8291,-0.004309271386155215
8292,0.005125723803343675
8293,-0.00043675233045929393
8294,-0.0011655558971568093
8295,0.006866891700433572
8296,-0.006402309529047606
8297,-0.0049375477817443225
8298,-0.0023970046869600525
8299,-0.0011693894959964451
8300,-7.700662387400553e-05
8301,-0.0003544770334141384
8302,-0.007185124922205629
8303,0.001484483149810166
8304,-0.0015228964167794783
8305,0.0030815920181315737
8306,-0.0015349319595386567
8307,-0.0019960433835198993
8308,-0.00239565349604752
8309,0.001171812184067672
8310,-0.0028908744030727504
8311,-0.0051385141908120435
8312,0.0023867870881166334
8313,0.008994559241883797
8314,0.0016486051685904897
8315,-0.0021165500437072583
8316,0.0014545047831461128
8317,-0.0036083997930707983
8318,-0.0006881948151227363
8319,0.00031937453949825584
8320,0.0013368437245550938
8321,-0.00632638916767448
8322,-0.00687932513614159
8323,0.0013812460196443097
8324,-0.00048301887424950785
8325,-0.003435285380084984
8326,0.005116080815590691
8327,-0.0012595266731583038
8328,-0.0032908029895458504
8329,-0.005442077528096213
8330,0.003948829937296474
8331,0.005094138788620868
8332,-0.008273571858623083
8333,-0.0034622802507179723
8334,-0.006839503260960243
8335,0.0006130260723049424
8336,-0.0006947042083093324
8337,0.0004783677589300702
8338,0.0027496322953245375
8339,-0.0004538953395917464
8340,0.00010332260012484856
8341,-0.0037290651421745223
8342,0.0002867627924461741
8343,-0.002580942675589268
8344,-0.006474551055677836
8345,0.004127442585305622
8346,0.0023798699000496665
8347,-0.005400522705475332
8348,-0.0008741250614137872
8349,-0.0002291910450645182
8350,9.381922760145697e-05
8351,0.002217406061388736
8352,-0.0008106511863805524
8353,0.006167909221360398
8354,0.0023917834216378962
8355,-0.00011565897081693144
8356,-0.0024115047034869302
8357,-0.0034787165433579
8358,-0.0015548042490667047
8359,-0.006573949415928881
8360,-0.008016623067137726
8361,0.003154913099665535
8362,0.0015516544001470643
8363,-0.002562843188106005
8364,-0.0004233247359324774
8365,-0.0011398370949534664
8366,-0.005498395611378975
8367,-0.0037704263102108122
8368,-0.004902875962801548
8369,-0.004727725731134946
8370,-0.001969435814888905
8371,-0.00926420588806515
8372,-0.004802473839571275
8373,-0.0026832218417115854
8374,-0.006813752631552466
8375,0.0015477727618506375
8376,2.777780225787091e-05
8377,-0.0031926138689636827
8378,-0.005905344920434593
8379,-0.0016657140100851953
8380,0.002511169937385597
8381,-0.004988570064153253
8382,0.006466434109557918
8383,-0.012951615847550259
8384,0.0011793360368242238
8385,-0.0032994000882180727
8386,-0.005224848208667504
8387,0.004396490163785672
8388,-0.0006052718618398817
8389,-0.005457012533540494
8390,-0.0013609203746632395
8391,0.003776964515009071
8392,-0.008740248427913967
8393,-0.0023786284228237073
8394,-0.003671960818512319
8395,-0.004704233658965419
8396,-0.0027918552489653303
8397,0.0014319692693153876
8398,-0.0067985364293977404
8399,0.0010474765727086222
8400,-0.004585388210745764
8401,0.002118843351212381
8402,-0.010063511669844788
8403,-0.0037368783171193923
8404,-0.005826282223477926
8405,-0.009957038854103636
8406,0.002515256103558794
8407,0.0006036010608723372
8408,-0.0009161384605033858
8409,-0.0016718240093873127
8410,-0.005255344267969392
8411,-0.0031304506661603906
8412,0.003102503007162114
8413,-0.00028585656664864914
8414,-0.01307728426161969
8415,-0.0023805046991939686
8416,-0.010935249524400479
8417,0.001000651498378833
8418,-0.0025532561841661514
8419,-0.0032102279202519887
8420,-0.008257226229452026
8421,-0.0007970711786170551
8422,0.007389484797146153
8423,-0.0020358848281661034
8424,-0.004415456657513646
8425,-0.007326361320513598
8426,-0.000797466715427169
8427,-0.003796159094242378
8428,-0.000593087579843745
8429,0.003917587199258402
8430,-0.007189019377977616
8431,-0.001665636132688178
8432,0.0002864777104344199
8433,-0.0007944432331363632
8434,0.0008645736625774933
8435,-0.006579272027244988
8436,-0.003256643170873534
8437,0.0024366026826008608
8438,-0.0023627318927607194
8439,0.00032518351069989876
8440,-0.0028972997328665998
8441,0.0033623781296455296
8442,-0.002707289589736532
8443,-0.008616918439982631
8444,-0.008878307609361834
8445,-0.006309922546729203
8446,-0.0002838444993204861
8447,0.010708631488550047
8448,-0.006502241337911385
8449,0.001475887896841447
8450,-0.007470329422499342
8451,-0.002259645763602963
8452,-0.0035053425185775644
8453,-0.005991661611647315
8454,-0.006247282660619795
8455,-0.0036137110373019032
8456,0.0025225176095527158
8457,-0.0047495091531325265
8458,0.0010403712793926045
8459,0.000722696512732688
8460,-0.0030635460492139076
8461,-0.004184570233558886
8462,0.0004338551107192362
8463,-0.0038351746731591224
8464,-0.0021342348638060706
8465,-0.00739578872517925
8466,-0.0033615433289439084
8467,-0.004621549569742249
8468,-0.0010142897484464453
8469,-0.0017156679876906347
8470,-0.004414977221572917
8471,1.7605736738202094e-06
8472,-0.0003589396907547615
8473,-0.0011431739045574124
8474,0.004182634576710455
8475,-0.0038974610906233886
8476,0.0009852093642192875
8477,0.00828973715380523
8478,0.0014868753712636122
8479,-0.0016134484251424004
8480,-0.0037832161056502098
8481,-0.0027106587729987114
8482,-0.005352450043301048
8483,-0.0019086154241807207
8484,0.0002346726406527548
8485,0.0009107567405956044
8486,0.0025253388724500586
8487,-0.00041477859946850715
8488,-0.0004378248309354557
8489,-0.0020063781495264846
8490,-0.003806073390187889
8491,-0.008685126620416983
8492,-0.0032850460308388313
8493,-0.004581666059031406
8494,-0.000797749818423444
8495,-0.006788137355469161
8496,-0.0049553776920213885
8497,-0.0076489942073391035
8498,-0.006688984712718966
8499,-0.004356996003659713
8500,-0.00574771882398251
8501,0.0031140617059010334
8502,-0.0007561688409816435
8503,0.00341045274119944
8504,-0.006918349671057165
8505,-0.004393227456056564
8506,-0.001110610657983263
8507,0.0011750770882894002
8508,-0.0006528020341392791
8509,0.0034883752610204988
8510,-0.00260687038852455
8511,0.0007645452989383725
8512,-0.008623285357050207
8513,-0.0033834089094919827
8514,-0.0023245576092512724
8515,-0.001337620879151645
8516,-0.0010945804837116518
8517,0.0034986341185384018
8518,0.0005456451424633753
8519,-0.004317598929878597
8520,-0.004992560851748408
8521,-0.005044233297189657
8522,-0.0016249961244516192
8523,-0.0053876255982825486
8524,0.0009202982572429491
8525,0.00272028941810315
8526,0.0014020387549739353
8527,-0.0066154156891394325
8528,0.00032105042018803695
8529,-0.0026436390207982413
8530,-0.0009248994353999798
8531,-0.009065395928268126
8532,-0.001378544045330235
8533,-0.0002919669367980951
8534,0.002418554394487578
8535,-0.012874196426215043
8536,-0.002238395023150576
8537,0.0007513001435068556
8538,9.98572123898922e-05
8539,0.005430537780687687
8540,0.0008051041629173333
8541,-0.00303185275462858
8542,0.0025900194630159405
8543,0.0011467276440685036
8544,-0.002559509314950411
8545,-0.0075933227128305615
8546,-0.00425897837431637
8547,-0.006642357811271635
8548,-0.001573901234492997
8549,-0.0008988985635651238
8550,-0.0009353610397504833
8551,0.0031212583332786425
8552,-0.00039903310155921246
8553,-0.0020581333724942787
8554,-0.005404368740564318
8555,-0.007054462071254212
8556,-0.006209902367928514
8557,0.003979214497774351
8558,0.004778671373664431
8559,-0.004036252030988008
8560,-0.0027390490167528633
8561,-0.002449244103786132
8562,0.0023963883185329354
8563,0.0008202457922502765
8564,-0.005329428455371359
8565,0.00126346232229433
8566,-0.00508340827235889
8567,-0.0019070407703425767
8568,-0.0006856619211090195
8569,-0.0008630636778241899
8570,-0.0029267632784867673
8571,-0.005571449036095768
8572,6.249417065251964e-05
8573,-0.009540427218079295
8574,-0.001011755327977766
8575,-0.003080233697754592
8576,0.0023432034774190126
8577,-0.003935284464999286
8578,-0.0011972663859078359
8579,-0.0015043361367552376
8580,0.000727010053464535
8581,-0.0016944553380258513
8582,-0.0014908687021318381
8583,0.0023704911984994345
8584,-0.0016548249319114777
8585,-0.005030100512361468
8586,-0.003504790663690395
8587,-0.006882269576602363
8588,-0.0028987897401158667
8589,-0.0009757231941104894
8590,-0.00347005761316517
8591,-0.0010114551029829742
8592,0.002313945476516425
8593,-0.00552362447829205
8594,-0.003698942095806193
8595,-0.003541131929018962
8596,-0.001471481501202878
8597,-0.001661333522940879
8598,-0.0005346823445402556
8599,-0.002765831026413333
8600,-0.005829916694669361
8601,-0.013414621356886834
8602,-0.006883706383433427
8603,-0.004050573481369838
8604,-0.0053265351899698075
8605,-0.0028618906613724834
8606,-0.0014154299759567487
8607,-0.0013625821754313233
8608,-0.005790354677108155
8609,-0.004538703201759316
8610,-0.003795244400789384
8611,0.0019116873818182216
8612,-0.010338432382877065
8613,0.001845251605376172
8614,-0.0004958499015904477
8615,-0.004102773402994864
8616,-0.00920611651590577
8617,0.00013708915823636147
8618,-0.010754901324239723
8619,-0.0028797178593167674
8620,0.00025521701979346403
8621,0.0002814539441336611
8622,0.002482891482327349
8623,-0.0037758029997588954
8624,0.0015963636590916389
8625,-0.0003829552744350172
8626,0.0004336493209331632
8627,0.0017911828497733998
8628,-0.004158967788098735
8629,-0.00244485306226247
8630,-0.005845694276421884
8631,0.002820310752941986
8632,0.004816346671878198
8633,0.006718843656362564
8634,-0.0023615775076206436
8635,0.0023885213926603983
8636,-0.006028552714052712
8637,-0.0013129827693987642
8638,-0.004793573118448111
8639,-0.0028879545166108633
8640,-0.008762305386759876
8641,0.0018459531269665354
8642,-0.0012871582573018778
8643,0.001592140843843088
8644,-0.00038533372622692394
8645,0.002675772887486265
8646,0.0029069919153086217
8647,0.0004859340474667115
8648,0.00025451685435569013
8649,-0.0064320894877844745
8650,0.003795086587453443
8651,-0.002739101898798564
8652,-0.0017368176833502044
8653,5.881712894601973e-05
8654,-0.00949941046461051
8655,-0.003985236498426026
8656,-0.005854946757393301
8657,0.0037366812416533626
8658,-0.0034492143787004208
8659,-0.002810559579682362
8660,-0.0006728603795245341
8661,0.0024962941445157046
8662,-0.009042618402290932
8663,0.00296614885665342
8664,-0.0011763629153686977
8665,-0.0022265054562675135
8666,0.001588978211371099
8667,0.0016276895786203824
8668,-0.007890591694247981
8669,0.006315019015209266
8670,-0.006255994506297331
8671,-0.005817850702709425
8672,-0.0023604031683577414
8673,0.004340313248100591
8674,-0.008599194140820363
8675,-0.0010309152165643536
8676,-0.00017439197015522295
8677,4.536016579739441e-05
8678,-0.004664300429182908
8679,-0.00905173989023736
8680,-0.0046682348946416805
8681,0.00011373987552881423
8682,0.0037818219939479113
8683,-0.0022099146983350845
8684,-0.012242883437269793
8685,-0.00534159265392033
8686,-0.0006138757000954398
8687,0.00023978867284726868
8688,-0.001078281958981707
8689,-0.0014239122636686037
8690,0.002633802888310402
8691,0.0013840605684467024
8692,-0.007352800880489084
8693,-0.005756559153202501
8694,-0.0012480432836515162
8695,-0.0018950839088951593
8696,0.001121899416894702
8697,0.0017072557825911425
8698,0.0012942330836284988
8699,-0.0023788356254155034
8700,-0.002974268679678812
8701,0.0011239019098696727
8702,-0.004595066192903403
8703,-0.004120064685255068
8704,-0.0007059726543576436
8705,-0.0054188616620312255
8706,-0.0013663992606067973
8707,-0.005842976217541419
8708,-0.006510899781025564
8709,-0.0020334932292733407
8710,0.0007591064557110581
8711,-0.0046790842457309564
8712,-0.008864596789018062
8713,-0.003210002368207017
8714,-0.002141199645272228
8715,-0.0015221393623183546
8716,-0.005363346913511063
8717,-0.007333065496555265
8718,0.0025555199349461023
8719,-0.004788303944609069
8720,-0.0038945602052676206
8721,0.0022696494988921068
8722,-0.0064409299839642414
8723,-0.003426593102017768
8724,0.005781321847199681
8725,0.0008599643289934657
8726,-0.0012024586426709165
8727,-0.0004035388161870851
8728,-0.005220432069692804
8729,-0.006495638195439357
8730,-0.0014825235703598352
8731,0.0016031139352410372
8732,0.0024402824790158914
8733,-0.006836956412866885
8734,-0.007281895834841175
8735,-0.0028148152817354735
8736,0.001632598560096829
8737,-0.007730524655318538
8738,2.735397489873198e-05
8739,-0.0051414610462603046
8740,-0.00601957140090929
8741,-0.0030228562779803098
8742,-0.00028564534713675094
8743,-0.003128668084759284
8744,-0.005584606642741258
8745,-0.00156949679261853
8746,0.001863739760619973
8747,-0.007421859736926568
8748,-0.004224222770911366
8749,-0.003227969678305624
8750,-0.002874359499545995
8751,-0.004729116739318549
8752,-0.004511393054070313
8753,-0.0010581191459917358
8754,-0.005878294044826857
8755,-0.005304920252005355
8756,-0.0028851419668300335
8757,-0.00050134495100752
8758,-0.0013177287039612233
8759,-0.002763722713944136
8760,-0.004892544220375092
8761,-0.009343776832952878
8762,-0.002373515088272774
8763,-0.011566337400345295
8764,-0.009393856585376649
8765,0.00723364005065559
8766,-0.0020792787309605563
8767,0.00037142863716946653
8768,-0.004420259951828001
8769,-0.00928224901066911
8770,-0.004192193567713505
8771,-0.004750960273835543
8772,0.002607735383979237
8773,-0.001139362938832631
8774,-0.005642247560341006
8775,0.0002509955883515068
8776,-0.001521766280152513
8777,-0.006298691890466859
8778,-0.001837626301993349
8779,0.005996655943853131
8780,-0.0005528356329202178
8781,-0.0005774124609317886
8782,0.00561169090340756
8783,-0.00419075051626485
8784,0.00033150228967295317
8785,-0.0013641527556259685
8786,-0.006198594239714479
8787,-0.00028554956885284283
8788,-0.005312662059719805
8789,-0.008875183018666737
8790,0.011228082710311095
8791,-0.004559327762235582
8792,0.003404137813759235
8793,-0.0004797870937135254
8794,0.002546618984349387
8795,0.002298169402203832
8796,-0.005693970346366095
8797,-0.009741110628369559
8798,0.0030214341954996546
8799,-0.003275138620229462
8800,-0.009202734128146574
8801,-0.0047386436081941034
8802,-0.004030970009951798
8803,-0.017068243491220027
8804,-0.003875208879827223
8805,0.0008290242897775746
8806,-0.00531900790109556
8807,-0.00286361886595507
8808,-0.000771531556140282
8809,0.0009273754089294782
8810,0.002219865557871969
8811,0.0018926143305833185
8812,-0.0005319428739576255
8813,0.0015062548226338415
8814,0.00412664746926748
8815,-0.0063185270427383936
8816,0.0031565099598848748
8817,-0.007636135815605127
8818,-0.00044031930967483243
8819,0.004793451556054453
8820,-0.004186861805434448
8821,-0.003383009610701433
8822,-0.002476993682801229
8823,-0.0007255503701139414
8824,-0.007730854538352136
8825,-0.006506844330638348
8826,-0.0009675773194794506
8827,0.004865942956818355
8828,-0.0006677135283309661
8829,-0.00207732423137557
8830,-0.003451236859001023
8831,-0.0026195585123349983
8832,-0.002286507553620979
8833,-0.00571396633062007
8834,-0.0006133542650105517
8835,-0.0009817938279942096
8836,0.005762122345764519
8837,-0.0033950832515763293
8838,0.002844845730114804
8839,-0.009211865785521522
8840,0.0037200177568472888
8841,0.0018590761229597373
8842,-0.0042497885408267905
8843,-0.008853608192045205
8844,-0.0029653761031486273
8845,0.0049660713401868985
8846,-0.008746939960139186
8847,-0.0037333617712253554
8848,0.002016680210986402
8849,0.005244347907248172
8850,-0.0012864970708841503
8851,-0.008501607116497896
8852,-0.0029923274337945623
8853,0.005297551252847782
8854,-0.0012685041268396258
8855,-0.003351676210880318
8856,-0.00039762025300815046
8857,-0.0032848154314439916
8858,0.006264927211253796
8859,-0.002739057471077097
8860,-0.005408504420804761
8861,0.0006846979349856841
8862,-0.003371647025113028
8863,-0.00626273902247694
8864,-0.0005109697892088025
8865,-3.1075979957703725e-05
8866,-0.0032412250500740147
8867,-0.0004971929979269325
8868,-0.004710655555952091
8869,-0.0029766874922246903
8870,-0.0013577036883588509
8871,-0.0064400081336757654
8872,-0.00958657738394332
8873,-0.003978365778027472
8874,-0.0033320520145004237
8875,-0.006856710923912272
8876,-0.0017355155793811264
8877,0.002104251430329926
8878,-0.0040624911846085104
8879,0.00341535038561196
8880,-0.00389316826036875
8881,-0.007096253075422006
8882,-0.0057158669556864605
8883,-0.0003946258334644667
8884,-0.001097033063950148
8885,-0.007525611827013664
8886,9.399012192330691e-07
8887,-0.003074356051675931
8888,-0.004028154016042812
8889,-0.001687271944535003
8890,-0.001174122360861566
8891,-0.008747007569810162
8892,-0.002211616673533038
8893,-0.0008606327683485585
8894,0.005529252195835936
8895,-0.0004290316842852568
8896,-0.0026927184510262686
8897,0.0011810878491326782
8898,-0.004054159761810942
8899,-0.0021647830147787095
8900,-0.010987267545650402
8901,-0.00558381921482105
8902,0.00018344920553106658
8903,-0.0036769156836204235
8904,-0.01320006966506513
8905,-0.008138538035366318
8906,-0.0046320308626009235
8907,-0.004550035320412052
8908,0.003599722440671565
8909,0.0013531734467830472
8910,-0.007410396350768546
8911,-0.003978626505934536
8912,-0.005278688871501104
8913,-0.0030754583086828498
8914,5.39632836051851e-05
8915,0.002384147535485673
8916,0.0015327391476040383
8917,-0.00044016343762254967
8918,-0.0026859396927453316
8919,-0.0037826806130586213
8920,0.0002396922311878845
8921,-0.0015545783921661963
8922,0.0036026032788671336
8923,0.005819957243730779
8924,-0.005030035592786582
8925,-0.006390112225004057
8926,-0.009725583916622225
8927,-0.0012480121805344205
8928,-0.0015882528970899146
8929,-0.003790237364240834
8930,0.004597751501704928
8931,0.00034942871393226285
8932,-0.005168538017040768
8933,-0.004960368789859226
8934,-0.0004082631085370464
8935,-0.0019997386266970216
8936,-0.0038284211220593924
8937,-0.007293498703904701
8938,-0.004878694268781743
8939,-0.00011250619921553823
8940,-0.007457548375163003
8941,-0.0029587357404132625
8942,-0.004725645205731394
8943,-0.0020668202357679924
8944,-0.004246545280870727
8945,-0.0041675409405705355
8946,-0.007875247978338516
8947,-0.0015822588442364963
8948,-0.005384555308019429
8949,-0.004356024555049576
8950,-0.002364064149739789
8951,-0.0037388385378750305
8952,0.0072683317064369465
8953,-0.003305602073788199
8954,0.004748794415430139
8955,-0.00493353800610126
8956,-0.010762173034602047
8957,-0.00023320997986513853
8958,-0.003422685089278576
8959,0.0006612044921352166
8960,0.0002733204708797038
8961,0.0014296951530698293
8962,-0.0040076750410984845
8963,-0.0037867539150069768
8964,0.0012246978609305875
8965,-0.00665214249158046
8966,-0.005450209105859395
8967,0.005815282626897383
8968,-0.0011558868636519747
8969,0.0012364740807351594
8970,0.001164260441209996
8971,0.0001668472381280428
8972,-0.0015324735043699272
8973,-0.00825399121824482
8974,0.007852387520437105
8975,-0.0031047258880204792
8976,0.003880695381671344
8977,-0.005434651620447331
8978,-0.0023532083495824627
8979,-0.0056440580585339385
8980,0.0064309822469347765
8981,-0.0037277752838995454
8982,-0.0034394999948019686
8983,-0.0006382785806411558
8984,-0.0032101960698430257
8985,-0.0034341222996948258
8986,0.0020459511540826883
8987,-0.0018401602202835973
8988,-0.007573468068386314
8989,-0.0005700494806514175
8990,-0.0061083073445651614
8991,-0.0032229748244920337
8992,-0.0025497021492475597
8993,0.0009366944083148872
8994,-0.0003445277464393347
8995,0.002506080922640909
8996,-0.0012403866053473725
8997,0.0005627362068628405
8998,-0.0029412919822432437
8999,0.003579773196873675
9000,0.000805295682945479
9001,-0.007967916635854593
9002,-0.004303655287417794
9003,0.002255224243586769
9004,-0.009929865052690615
9005,-0.0013722270512465592
9006,-0.002508029418138609
9007,-0.004421357709927479
9008,0.0020776472262415205
9009,-0.003323272972018801
9010,-0.0012048984088246818
9011,-0.0023229614100354484
9012,-0.005496170724190747
9013,0.0014829444143573366
9014,-0.00249994778881632
9015,-0.0009580582747654824
9016,-0.002766042652341528
9017,-0.0019376301992007385
9018,-0.0035135151098285612
9019,0.0016069783097875656
9020,0.0006857705265072567
9021,-0.01201890763987708
9022,-0.0012510614481113617
9023,-0.0009984165945131386
9024,0.0021205396432549574
9025,-0.004710341479497164
9026,0.0010010825474357499
9027,0.0023293427864797267
9028,-0.002132218838436367
9029,-0.0008019096282017475
9030,0.004484681443182141
9031,0.0009908904740180517
9032,-0.002270070811041674
9033,-0.0026988099543057142
9034,-0.0025377532838888883
9035,-0.0008130578336274438
9036,-0.0007804491142375906
9037,0.0004939243030179681
9038,-0.004928273291256936
9039,-0.006234092776518058
9040,-0.0008248840724673322
9041,0.004723748879094533
9042,-0.0038731354320936592
9043,0.006703609436373575
9044,-0.004451231004147068
9045,0.0007419165199001945
9046,-0.006172436283664574
9047,-0.006489429529421574
9048,-0.0021788385275028667
9049,0.0009400135097124632
9050,0.0016446264359819204
9051,-0.00962955952007389
9052,0.001641796271135875
9053,0.0028569436003352267
9054,0.001870648030358829
9055,0.0020902925227710457
9056,-6.911313141846204e-05
9057,-0.0008536030712905027
9058,0.006030347297165197
9059,0.0013048751612455868
9060,-0.003289490374333879
9061,-0.004700871090517575
9062,-0.0028659819613288152
9063,-0.002433595980476634
9064,-0.005446437373795784
9065,4.311577938683267e-05
9066,0.006046465844703568
9067,-0.003451621454185816
9068,-0.0005727974952666331
9069,0.00172203326970995
9070,-0.008100983691800304
9071,0.004587934424596082
9072,4.819753177058919e-05
9073,-0.0008167866848532608
9074,-0.0030070015810489195
9075,-0.0031225598460931994
9076,-0.008260210093054984
9077,-0.0054960170423595
9078,-0.004772181295881479
9079,-0.0047078614561462395
9080,-0.002164881134080407
9081,0.005746981302019016
9082,-0.007189176293820213
9083,-0.0016390086955528037
9084,-0.008559054585323043
9085,-0.0013307618604645813
9086,-0.010630680981759223
9087,0.003604785044862259
9088,0.000592619431740455
9089,0.0023074054592612456
9090,-0.004357501250911444
9091,0.0092436480353952
9092,-0.0009803060542313002
9093,-0.003360794860208214
9094,-0.004281582467413607
9095,-0.001308797689507174
9096,-0.004941341813436983
9097,0.004431353040401067
9098,-0.0019474665572520658
9099,-0.003688981650397924
9100,0.0003034668580535263
9101,-0.006801331772862015
9102,-0.008532418583225697
9103,-0.005736666338179267
9104,-0.004336665543951242
9105,-0.001872126890717779
9106,0.0061330510124549195
9107,0.002756013084285809
9108,-0.008314201787510724
9109,-0.001698588401847341
9110,-0.005043476323845279
9111,-0.00044869948704367654
9112,-0.002828911628279071
9113,0.005041477682272366
9114,0.0024571089478173
9115,-0.006456676005427285
9116,-0.0030197720336597664
9117,-0.007105081590084838
9118,-0.0034548303252534412
9119,0.005196806543380214
9120,0.0004949512167332429
9121,-0.0016288520107710855
9122,-0.0009694900495263795
9123,-0.003030368457236199
9124,-0.002693356867652999
9125,-0.00955607661704742
9126,0.0020778663814558854
9127,-0.007002186452156327
9128,0.006311158269040298
9129,0.009043814927054118
9130,0.001204531885071268
9131,-0.00326041299396038
9132,-0.004230193299344837
9133,0.0005542838758283639
9134,-0.0006323123393262575
9135,0.0008176687272168325
9136,-0.0024413104445899572
9137,-0.0026390185883879112
9138,-0.0038765798290404385
9139,-0.00031049216643573227
9140,-0.0020720434034327898
9141,-0.0029752299475563557
9142,-0.0015971593841094013
9143,-0.0024892191585736897
9144,-0.0010994484601964116
9145,-0.0008144617549118924
9146,-0.004299280891907009
9147,0.002396900460281147
9148,0.006856381222531932
9149,-0.005083894720067018
9150,-0.005225320424453152
9151,0.002250312770587636
9152,0.004078096457603174
9153,0.0037255510166786868
9154,-0.003077591716417586
9155,-0.004188271217663037
9156,0.0034136654091886515
9157,-0.006183779035589004
9158,-0.007586312280342889
9159,-0.00645723174927091
9160,-0.007022566283559312
9161,0.004432048193929009
9162,-0.007034095874252501
9163,-0.004514945823363859
9164,-0.004612660620578607
9165,-0.009335838659112784
9166,0.003111380465750078
9167,-0.0026570595027169894
9168,0.0023670430007036725
9169,-0.005953458269522448
9170,-0.00018869788626990971
9171,0.0011591952995923388
9172,-0.005316666099213937
9173,-0.002215617326479312
9174,-0.004522047397420657
9175,-0.003198814042904695
9176,-0.008093244077808068
9177,-0.008872601198603901
9178,-0.0031801223658405875
9179,0.0006536313791169306
9180,0.0009620106615437357
9181,-0.003312122201200647
9182,-0.00020024006425519575
9183,-0.002265654199107344
9184,-0.0008094033228156355
9185,-0.005560827765368266
9186,-0.0013860852722678736
9187,-0.0023293374068282108
9188,-0.002963338358634833
9189,-0.0041707177688342124
9190,-0.004591575185813823
9191,-0.0037672595542298203
9192,0.002109488310765569
9193,-0.006051036346441902
9194,-0.005535926842896992
9195,-0.008623111148963487
9196,-0.003879209491745885
9197,-0.0028315961016924206
9198,-0.00418576773555069
9199,-0.006485642250686013
9200,-0.008018260379740967
9201,0.0033900270277146885
9202,-0.001542460040029569
9203,-0.0023585337303186557
9204,0.0028158813181462655
9205,-0.005188494050751221
9206,0.0025360092843175752
9207,0.0014643568530536
9208,-0.003619131422086655
9209,-0.004339767693316208
9210,-0.008814993883812409
9211,-0.00310078742659943
9212,-0.00031672437136879075
9213,0.0060573679846506814
9214,0.002218139849639332
9215,-0.001091937509613488
9216,0.006673706419205075
9217,-0.0019490560562505088
9218,-0.011287822326049454
9219,-0.0016666148681921747
9220,0.0009683739303162492
9221,-0.00251698168159057
9222,-0.008310181227696653
9223,-0.004340870920408718
9224,-0.006471680563294016
9225,0.0002498008089993689
9226,-0.002155185928338278
9227,-0.01137115738247594
9228,-0.0017701831437030684
9229,-0.005506176923264015
9230,0.0013694833254261699
9231,0.006099609740606752
9232,-0.007130406286147521
9233,-0.008980706760435369
9234,0.004883088964756178
9235,-0.0002657626708764127
9236,-0.007690111593631633
9237,-0.0004949877982285689
9238,-0.003556170002567541
9239,-0.0009291074472809677
9240,-0.005071494077802448
9241,-0.004281495640492156
9242,0.008485139635882342
9243,0.0005471312987268481
9244,-0.011085737285624543
9245,-7.598060327199119e-05
9246,-0.0020550912223163548
9247,2.852026915461936e-05
9248,0.00027753757924389375
9249,-0.011459395880478132
9250,-0.0007013862996730416
9251,-0.004377306384237806
9252,-0.003585765116187911
9253,0.004099074835611026
9254,-0.0016833112300945856
9255,-0.0018603152362985584
9256,-0.005370678649704919
9257,-0.00019080525635521012
9258,-0.0015615283059122083
9259,0.0024479919754477053
9260,0.00056652728180423
9261,-0.001652505933745184
9262,0.00017563883975110078
9263,-0.002192436622733546
9264,0.005787345892761059
9265,-0.0028441272245491866
9266,-0.0028767940121349166
9267,0.0003197429725345438
9268,-0.0025846133933018663
9269,0.0038558388478893146
9270,-0.0008180123920815546
9271,-0.008773229756474373
9272,0.0006898846614654015
9273,0.001083976530881093
9274,0.0008882388103441663
9275,-0.010406327594438297
9276,-0.0016442665192191591
9277,-0.005616945546928188
9278,-0.005897094256437686
9279,8.049544512889195e-05
9280,-0.005166729800581613
9281,-0.001380540905744923
9282,0.0011387826247922644
9283,-0.002012980620620327
9284,-0.009109257458762857
9285,-0.004240068298950912
9286,-0.0003005594781135719
9287,-0.010898741226008826
9288,-0.0015364458892562424
9289,-0.003005323354781448
9290,-0.0035060833261234964
9291,-0.0025776358442022827
9292,-0.005341872340492493
9293,-0.0013860370742771536
9294,-0.004327820833523285
9295,0.0003412880112941413
9296,-0.006822960897091529
9297,2.6264350721783014e-06
9298,-0.006267795392176194
9299,0.0053205444721950886
9300,0.0011974584104951676
9301,0.0003706085593010479
9302,-0.004062521980018954
9303,-0.006395488520825991
9304,0.0026994104396750214
9305,-0.0003852907559675836
9306,-0.008161813239091691
9307,0.0003334339816421575
9308,0.0018638251074361359
9309,-0.00029312136165061953
9310,-0.004716858460623093
9311,-0.0026869297829593373
9312,-0.0015056775570901106
9313,-0.005917764954398903
9314,0.0021211769549064757
9315,0.001014479964211834
9316,-0.004049069451134445
9317,-0.006199912922477138
9318,-0.00766888479732037
9319,-0.0014144532584925776
9320,-0.0006964338725293784
9321,-0.011988429568958157
9322,-0.00656802543127688
9323,0.001301291277474713
9324,0.001768908804541034
9325,-0.0041107973442763845
9326,0.0004951562739099885
9327,0.0002457646793632938
9328,-0.007226378914045265
9329,-0.0019277614196722415
9330,-0.00709851443873219
9331,-0.004501538646611718
9332,-0.013004678630481971
9333,-0.0029469429700740082
9334,0.0020817089624065623
9335,-0.005234674621645615
9336,-0.005252213258805226
9337,-0.007954122176238608
9338,-0.0004756848136670197
9339,-0.002266703702439133
9340,-0.001228340024105181
9341,-0.0015068518768423522
9342,-0.001498676248239201
9343,-0.0041662032270376355
9344,-0.003116885331979787
9345,-0.004511919852946068
9346,0.00026967167362728847
9347,-0.0016437003829957754
9348,-0.0020742458262356343
9349,-0.001785893993591199
9350,-0.000466734395651645
9351,0.005647785137457086
9352,-0.01100658677954144
9353,-0.005598519836732679
9354,-0.0069323792727950945
9355,-0.005853957705307635
9356,-0.005885698831114353
9357,-0.0030795754110614845
9358,0.0027846106357558437
9359,-0.0048277058259773055
9360,-0.004892682646514105
9361,-0.0064678012828756175
9362,-0.0015246359165848704
9363,0.0035381241643857447
9364,0.0008683662638747404
9365,-0.018009997465674284
9366,-0.0038521877608477875
9367,-0.001937576990548813
9368,-0.0024895325494318533
9369,-0.00015917860249156993
9370,0.002356400999336025
9371,-0.005021432558410213
9372,-0.0031262253965309537
9373,-0.007339464980796916
9374,-0.007247188977833781
9375,0.001790033689037629
9376,-0.0035742681498195927
9377,0.0018025711366861236
9378,-0.004844045437731332
9379,-0.0017114320810839162
9380,-0.007291033833259984
9381,-0.0006393750237200582
9382,7.577875148097324e-05
9383,-0.004752233658248044
9384,0.0010048423532950448
9385,-0.006449630061393187
9386,0.004094100995305931
9387,0.0011856563384693916
9388,0.008264480981557316
9389,-0.001843994941320027
9390,-0.009176371569510903
9391,0.0008367224402981224
9392,0.0034076536140587935
9393,-0.0009979180430353344
9394,-0.007415109235568838
9395,-0.005567407203728676
9396,-0.0016376832742435801
9397,-0.0004241406716281107
9398,-0.0011557974536943877
9399,0.0014496572789535547
9400,-0.002833486755600894
9401,0.00041023142592013645
9402,0.00250110676307759
9403,0.0022467638016033242
9404,0.0018629101933637787
9405,-0.005117307079690148
9406,-0.0017322447786571153
9407,-0.005802811936420432
9408,0.0006197180546996077
9409,0.0016315713289801054
9410,-0.009892121599521176
9411,-0.004259859550358326
9412,-0.005849167594091119
9413,-0.002723027031708878
9414,-0.0027187960614235354
9415,-0.0014717756227543982
9416,-0.0032048758960681253
9417,-0.004866205644370493
9418,-0.0031423626143479155
9419,-0.0037089510937755622
9420,-0.00033029694772498605
9421,0.0009328756657556656
9422,-0.004797818159630998
9423,-0.0015028424631170004
9424,0.004132326736169235
9425,0.005248739670781329
9426,-0.0031581597528791833
9427,0.0015720807621890168
9428,-0.008023389802408496
9429,-0.0027047709096563975
9430,-0.0019963826007033947
9431,-0.004906884844382037
9432,0.006881106635800133
9433,-0.012026933529522783
9434,-0.001862106196245935
9435,-0.01202531912208974
9436,0.00033897402384245115
9437,0.003668271414534567
9438,-0.005689389274464052
9439,0.0017364954300722948
9440,-0.0006497261741178657
9441,-0.004860950620388212
9442,-0.0026839754469357643
9443,0.0007162499958007253
9444,-0.0052360165877330354
9445,0.003104160225446448
9446,-0.0015245967027333572
9447,0.00023467636800638889
9448,0.0011982168725144515
9449,-0.007836536721740919
9450,0.006463126729300023
9451,0.002194906058923418
9452,-0.003885883376528527
9453,0.0002039270016644841
9454,-0.00656541532259464
9455,-0.0018173548692066166
9456,-0.002744732529590954
9457,0.0024983836168603127
9458,-0.007092668078313075
9459,-0.005670935231175428
9460,-0.0017342360636482118
9461,-0.001975795313013118
9462,0.0032671919414758166
9463,-0.0033116626038610167
9464,-0.000755538637911661
9465,0.00013733012463668787
9466,-0.006503414493022545
9467,0.007038078698992579
9468,-0.0034482822146843645
9469,0.0027633952900522826
9470,0.00045764535211342827
9471,0.0015574961078152968
9472,-0.0012542183345540733
9473,-0.004862340515291018
9474,0.0011902566559211028
9475,0.001277034260994181
9476,-0.0007649959551309024
9477,-0.004936373488290707
9478,-0.0022222123569368493
9479,0.0016756429336692476
9480,-0.001003338609396904
9481,-0.008645933871825256
9482,-0.005276305628330251
9483,-0.0030060663429704003
9484,-0.00021036537075421607
9485,-0.0042505486628867314
9486,0.0005241398256811136
9487,0.001715486749748002
9488,0.001579306554826923
9489,-0.004156876328413342
9490,-0.0011245337848806852
9491,0.002986294738194558
9492,-0.0021435810592081925
9493,-0.0007130208459397019
9494,-0.0006785854520747342
9495,-0.002601057829615852
9496,-0.009077803261532843
9497,-0.003985606353811066
9498,0.0017291532266382817
9499,-0.003005963211813064
9500,-0.005206532110002715
9501,0.0008845355086240583
9502,-0.00489963743778896
9503,9.986435608966282e-05
9504,-0.006184222871665899
9505,-0.008980597607828125
9506,-0.007989713959191798
9507,-0.0022249347389907345
9508,0.004360954808795406
9509,0.0029223720334351708
9510,-0.008121784706956167
9511,0.002090594553622996
9512,-0.0006806301339813484
9513,-0.006785842260960139
9514,-0.004738255992667348
9515,-0.003516214107437309
9516,-0.010783013107444235
9517,-0.0006784079209176223
9518,-0.0016343255746844795
9519,0.0044077929503014215
9520,0.00602813245319795
9521,0.002620484908743094
9522,-0.0004066487088640047
9523,-0.0016786368569398705
9524,-0.004803886628222377
9525,0.005141869731187167
9526,0.0018489369606795349
9527,-0.005008193032569743
9528,-0.0030811247636769214
9529,-0.007754891492783151
9530,0.004236240309177471
9531,-0.005247987156043563
9532,0.0019637824262137595
9533,-0.004982545595062917
9534,-0.00046066896345087205
9535,-0.0037007555634750687
9536,-0.0009988920177961338
9537,0.0021592120021136987
9538,-0.0035847948068693826
9539,-0.00884743955456694
9540,-0.0027803800873944726
9541,-0.0035605924239480793
9542,-0.0023807955291084183
9543,0.0009096433018234602
9544,-0.0023860385201720166
9545,-0.0035325360682585925
9546,-0.005882131583700254
9547,0.0006899942086449947
9548,0.0007316830264344973
9549,-0.004468833610753602
9550,-0.0018340250383243502
9551,-0.007156226728412346
9552,-0.002605991809331319
9553,-0.0033682297284420223
9554,0.006964913232802503
9555,-0.005692432173083295
9556,0.001666921990712212
9557,-0.005717477927089563
9558,-0.000673336637605066
9559,0.0008658292533342549
9560,-0.005039760433209795
9561,0.001646895140903621
9562,-0.0015047390862877735
9563,-0.0017852081527601205
9564,-0.0015784215530909099
9565,-0.0011916785750148047
9566,-0.016376814601626977
9567,-0.007566381250483985
9568,-0.0018964513206301443
9569,-0.0033280981156982373
9570,-0.009058837378946392
9571,-0.001891344724181409
9572,-0.0008325589946495751
9573,-0.0013495205952668045
9574,-0.009901605888252656
9575,0.0013909945641564087
9576,-0.011218300994871106
9577,-0.00410598176677069
9578,-0.0012967437399141156
9579,-0.0035030722032821995
9580,0.005506216573997275
9581,0.0016170149726732787
9582,-0.004251182621473785
9583,-0.005053579596260828
9584,-0.004432833915919667
9585,-0.00810669935960617
9586,-0.004188128628895053
9587,-0.006899646105109406
9588,-0.004552228230915587
9589,-0.0035303342596953204
9590,-0.0034124007828818456
9591,0.0009691144987931631
9592,-0.0009451921323119575
9593,-0.005231182670636381
9594,-0.0017229738657676338
9595,-0.004032380559313584
9596,-0.007991444552298367
9597,-0.0028831614789921814
9598,-0.0014175391826919057
9599,-0.001440135059736395
9600,-0.004532409185954163
9601,0.0037321858510986038
9602,0.0033715041659822323
9603,-0.009252971919964048
9604,-0.002645786984436665
9605,-0.004562339632600727
9606,-0.0032304655863603995
9607,-6.72956509871446e-05
9608,-0.006496527250489072
9609,-0.008037704509168755
9610,0.00017430286860973046
9611,-0.0015041459231138338
9612,-0.0016395554385059373
9613,-0.0027934608687816935
9614,-0.004286085072062941
9615,-0.0029132855245538256
9616,-0.008662974708880451
9617,-0.0011422927861906886
9618,-0.0010548726993608315
9619,-0.0016522319143008196
9620,-0.007732889581703227
9621,-0.007637777938762882
9622,0.002079626285502789
9623,-0.0026666415783976327
9624,-0.004139006847826334
9625,0.0010858262551480743
9626,-0.004860407918823587
9627,0.0010105502688619317
9628,-0.0036895937609527397
9629,-0.0034979438456650275
9630,-0.007980785745307549
9631,-0.0046833311636727964
9632,-0.003640387974447764
9633,-0.004787466932743966
9634,-0.0027886198079049122
9635,-0.0003073318553600858
9636,-0.011214611438760048
9637,0.0020832151315767523
9638,0.002590347756129645
9639,-0.006739193849890739
9640,-0.000680394306528817
9641,-0.0029163118492988443
9642,-0.006366953882091308
9643,-0.005868389819375951
9644,-0.002833411526644923
9645,0.000775869916842073
9646,-0.0011920347236404928
9647,0.003108764540731161
9648,-0.00554092919551509
9649,-0.0006128255378951911
9650,-0.0010091311610242286
9651,-0.004447226083412151
9652,-0.010730737178224217
9653,-0.00822031324643295
9654,-0.013434695203963842
9655,0.001568842131749043
9656,0.005910739898009422
9657,-0.0025405276573846475
9658,-0.0017625310914429863
9659,0.000921596811759403
9660,-0.0034102453464975244
9661,-0.00024160204253247108
9662,0.0011526411558712493
9663,-0.012722650142802681
9664,-0.0034663860486627424
9665,-0.003632883488029433
9666,-0.0006758721793960511
9667,-0.00040793518653683275
9668,-0.0034520361247322787
9669,-0.007581679698528288
9670,0.0030691442200983764
9671,0.006821607129117925
9672,-0.00275333880286599
9673,0.002778943211558277
9674,0.001288897520636531
9675,-0.004029196969880439
9676,-0.0035116686324990765
9677,0.0032458477281326475
9678,-0.004206338930680453
9679,0.002330747874623177
9680,-0.0017839894123019909
9681,-0.006956914265206445
9682,0.0028608698975564617
9683,-0.001459586206723991
9684,-0.0003949527186022615
9685,-0.00506718784955669
9686,-0.002921930792662366
9687,0.00018904076328832287
9688,-0.002337863505386506
9689,0.0004035904386315986
9690,0.0046122820266746925
9691,-0.0021379919413096124
9692,0.0017307003954157643
9693,-0.007399728968891212
9694,-0.003107799185813758
9695,-0.005101583528477255
9696,0.003747058509261471
9697,0.004381927329416585
9698,-0.0025012618874628717
9699,-0.0027087037827328644
9700,-0.0028220193008501836
9701,2.861163833282887e-05
9702,0.0036978753697598198
9703,0.007734319329270524
9704,-0.007200609099121201
9705,-0.00575878909715841
9706,-0.0012290981887887187
9707,0.002984248285475312
9708,-0.0005028923919326266
9709,-0.002680031830953094
9710,-0.0008730491665815375
9711,-0.012213528498819477
9712,-0.001042151403532865
9713,0.00012824277766965153
9714,-0.0074158161075633805
9715,-0.0031399869396367096
9716,0.0005338670134285572
9717,-0.0017248841341214252
9718,-0.0041815436832574535
9719,-0.0008509390081825191
9720,-0.005076449357280341
9721,-0.0060138617068753
9722,-0.0029660804384458936
9723,-0.006128821547784519
9724,-0.001691580108844723
9725,-0.006553598413904186
9726,-0.00487202461858148
9727,-0.0015645044342217605
9728,-0.0019406667761225904
9729,-0.005169751516924597
9730,-0.004124162202629955
9731,-0.007160955892505313
9732,-0.00628185888303617
9733,-0.006674190261492158
9734,-0.0013504684938634992
9735,0.006669132414660391
9736,-0.00041747554998799313
9737,0.0004576427952126816
9738,0.0015867945900927272
9739,-0.0037738004667955787
9740,0.005214123210291657
9741,-0.0001781090895676199
9742,0.0018192588577099524
9743,0.0027569309352133003
9744,0.001091187562498229
9745,-0.0042184577245486105
9746,0.0012745524141328061
9747,-0.0010624066863652512
9748,-0.003720210544384518
9749,0.00041288311569879013
9750,0.0013914670193694509
9751,-0.012094279221266175
9752,-0.002891876015244446
9753,-0.0011671499202581433
9754,-0.0038796930447500995
9755,0.0016521154884270861
9756,-0.0038175368433658145
9757,-0.0014231419559070854
9758,0.0015032792810036992
9759,0.00039214414776234455
9760,-0.001476527173585214
9761,0.0033479226137550257
9762,-0.006429987356932943
9763,-0.005868856608547475
9764,0.000956306666916304
9765,-0.000994729469757101
9766,-0.005726120628808281
9767,-0.003522836043179302
9768,-0.004814240500665826
9769,0.0033850527650583356
9770,-0.001279671200551273
9771,9.501583619106815e-05
9772,-0.002669300709494976
9773,-0.0020431538221467906
9774,-0.0019611785204766315
9775,-0.0008596169443588417
9776,-0.0073357624642453045
9777,-0.015062108338275853
9778,0.005789747755485811
9779,-0.004959852384336359
9780,-0.0011456168276115578
9781,-0.001447502417623564
9782,0.001197254551787024
9783,0.006549274971024872
9784,-0.0021503695461408123
9785,0.000420858554851182
9786,-0.0008730353535803155
9787,-0.006822759727166956
9788,-0.0026794505863748583
9789,0.0007691680577901899
9790,-0.003317887317693089
9791,-0.0074760621498397364
9792,-0.007175574004922414
9793,-0.006417720408565964
9794,0.0036559635305390067
9795,-0.00920323569191189
9796,-0.007762440171876852
9797,-0.0028640883181540455
9798,-0.00024233303606518986
9799,-0.00011581423539471641
9800,-0.0011414029754793324
9801,0.0021769027972791954
9802,-0.006227350306371358
9803,-0.0042666596718362
9804,0.0012050099696689943
9805,-0.004129675845280376
9806,0.003111823340044381
9807,-0.0010348901686081866
9808,-0.0010631386025348882
9809,-3.5792272125190205e-05
9810,-0.00871013171502448
9811,0.002109501484251732
9812,0.00011394582866422129
9813,0.0016052034335670706
9814,0.0019410556408576557
9815,-0.003960194506953778
9816,-0.0016172495711028675
9817,-0.005239828811662649
9818,0.004766780595491529
9819,-0.0011490490059826788
9820,-0.0012840980362578448
9821,0.0013424328694870737
9822,-0.00010912174318789686
9823,-0.007331381028472913
9824,0.004310276750783618
9825,-0.005043573586173571
9826,-0.009131252328485658
9827,-0.004736576724994539
9828,0.0008909841901961861
9829,-0.0014756937600833922
9830,-0.005306751286720573
9831,-0.006092244974017828
9832,0.005175500834505069
9833,0.0005326227746414516
9834,0.0006138547039304526
9835,-0.006974535694606463
9836,0.0011021455151097453
9837,-0.0046971743935722635
9838,-0.006024090940569389
9839,0.003043162045510025
9840,-0.007107179852995752
9841,-0.0045564876695568315
9842,-0.00031326264751156685
9843,0.0029384037008711693
9844,0.0016866404924738981
9845,-0.0019827303877332676
9846,0.0004447957914980559
9847,-0.0015430974178941709
9848,-0.003657182365279954
9849,3.927552645859381e-05
9850,0.0003374369868675113
9851,0.0044304637363073995
9852,-0.0011813212993489162
9853,0.003185967568187429
9854,-0.00991323858052032
9855,-0.0009992276056423124
9856,-0.0035861258604950944
9857,0.0009530966815554306
9858,-0.007318016173139104
9859,-0.004450462644500466
9860,0.005554340665793252
9861,-0.0031547814253578034
9862,-0.0019647034381038916
9863,0.0024155926423733536
9864,0.0014585903596325
9865,-0.00047301994312201265
9866,-0.004056327931191546
9867,-0.003188624201112898
9868,-0.0019702310428976987
9869,-0.007354642095211188
9870,-0.0031355751944586556
9871,-0.010089239304154583
9872,-0.002765347957227996
9873,-0.001331061145113898
9874,-0.0037439257385518433
9875,-0.0058349700607953775
9876,0.00025275402317607304
9877,-0.0015572239539008194
9878,-0.004623080440743145
9879,-0.0054751843097587995
9880,-0.007494635400512425
9881,-0.010891125105017743
9882,-0.00304757376255314
9883,-0.0024213396446970646
9884,-0.004043848668605899
9885,0.0019081401218126494
9886,-0.0031505104265853387
9887,-0.0016579127756344188
9888,-0.005669663655580956
9889,0.0039119787866086775
9890,-0.0054717832062778325
9891,-0.010108745125011625
9892,0.0007104605438698411
9893,0.0009634098344767084
9894,-0.004224650489351965
9895,-0.002343210332645021
9896,-0.0035856252244409956
9897,-0.004992542392471003
9898,-0.010999734849606951
9899,-0.008839819475823872
9900,0.0007761264309570116
9901,0.002229700820095812
9902,-0.004309570009845033
9903,-0.005154452023525546
9904,-0.0010467213649287075
9905,-0.004106617857512519
9906,-0.0037383566459748413
9907,0.0016246334649343587
9908,0.002866289583245467
9909,-0.005970678223319675
9910,-0.002448456816119382
9911,0.0006971455284088372
9912,-0.0019316645832924348
9913,-0.003230801724208525
9914,-0.007849695365548148
9915,0.00016734862522533797
9916,-0.0023993947989796593
9917,-0.005837304525150678
9918,-0.0005401542926994143
9919,-0.00601805731352785
9920,-0.00286845960840975
9921,-0.00030061312237973994
9922,-0.0022987662973261574
9923,0.0006171518236783025
9924,-0.003393990877702799
9925,-0.007137855032142908
9926,-0.005646567207823808
9927,-0.0035390214395928377
9928,0.00252765689915925
9929,-0.012415288556365405
9930,-0.0028398787170514847
9931,-0.003024360049208561
9932,-0.005015888381739723
9933,3.098757929868509e-05
9934,-4.7241509528370834e-05
9935,-0.005874519006525629
9936,0.004077228204946111
9937,0.0025022151125122863
9938,-0.005848511166892046
9939,0.0015785845144193865
9940,-0.003071679005872921
9941,-0.004061120653569186
9942,-0.010934163638749002
9943,-0.006645431650629856
9944,0.0013788684428743814
9945,0.002950191542609896
9946,-0.0021395149967399635
9947,-0.0002420126073242601
9948,-0.0032271585114655235
9949,-0.00299758545549806
9950,-0.00011549455040851461
9951,-0.007843545092757184
9952,0.004010861294201952
9953,-0.0059550424349646865
9954,-0.005019452650377738
9955,-0.003986679393128294
9956,0.00012312991704558837
9957,-0.00402097013663872
9958,-0.008945289822966343
9959,-0.002714986198092989
9960,-0.0026188814435368912
9961,0.004932627414547242
9962,-0.0040098467620038915
9963,-0.004779224755550992
9964,-0.007339931839929523
9965,-0.0009811675989725814
9966,-0.004654429859014229
9967,-0.008401493236613964
9968,-0.005084106859313951
9969,0.0018083984472258077
9970,-0.007851050885274158
9971,-0.002481483060135882
9972,-0.0024276286378457114
9973,-0.001104517396370873
9974,-0.007241172552929102
9975,-0.00523149006965452
9976,-0.005322193689192376
9977,-0.0027100531351280654
9978,0.006318342262635841
9979,-0.006845177913104732
9980,0.0034027266558299407
9981,-0.004742522023207789
9982,0.0039403288737818
9983,-0.0028670231460197794
9984,-0.009694075224828215
9985,-0.0068521808478447625
9986,0.0017326458818172144
9987,0.0055475940270607975
9988,0.005460056720412262
9989,0.002974006913210852
9990,-0.002072396315541729
9991,-0.009068122748398886
9992,-0.002953288990648912
9993,-0.004174311172824855
9994,-0.005166238754376794
9995,0.004990285752378691
9996,0.0036952633844273865
9997,0.0006138080780910271
9998,-0.006731314726109498
9999,-0.0007978047057356514
