permutation_index,null_raw_pseudo_r2
1,0.23317266071147583
2,0.225512697814453
3,0.257300808828031
4,0.28738020062990344
5,0.19499067518164576
6,0.2123680756376213
7,0.23984089089818644
8,0.24884635472351804
9,0.2550957267586637
10,0.2313157787931658
11,0.3091921541241145
12,0.2056964021198239
13,0.26926062832665976
14,0.2556067290566769
15,0.2125159348584163
16,0.23539421715534323
17,0.25503964657128503
18,0.23491187843016545
19,0.22525624094596755
20,0.2768268760005032
21,0.23622992385121896
22,0.26389260621557137
23,0.24470433871515893
24,0.2109848699824655
25,0.20125451611791645
26,0.23869036613017328
27,0.25095177648103845
28,0.2477602324763019
29,0.21583347604113579
30,0.20966294919450543
31,0.22437842544011172
32,0.26769438980187105
33,0.2809559510906758
34,0.2933889765841249
35,0.2474757641023028
36,0.26893122445822537
37,0.2692279567315849
38,0.28944930664560525
39,0.24482001551908614
40,0.2301310211538333
41,0.24196577444293457
42,0.2814168364377665
43,0.2520786972288173
44,0.2543849619828963
45,0.21107289391304312
46,0.22390808659047678
47,0.2179837385222505
48,0.23540510018208546
49,0.246441734899947
50,0.2500316112170119
51,0.2600077250212371
52,0.2756563152344506
53,0.2522908419273944
54,0.24488040722319435
55,0.3057790073383629
56,0.2622018140089107
57,0.24531609117984932
58,0.29544165219029495
59,0.21263443610272367
60,0.26858373572980765
61,0.26955413557848495
62,0.2678818728337336
63,0.26874085474171283
64,0.23266182392528628
65,0.22656648942880458
66,0.24533859282795603
67,0.2982769006865716
68,0.2776329152030799
69,0.22144479072575016
70,0.2361542336892104
71,0.22493996138978822
72,0.29531236831840146
73,0.22545354597182488
74,0.24801218971845754
75,0.27795594471588886
76,0.19990740611934155
77,0.2317085966347775
78,0.20853264419776915
79,0.25953591045933405
80,0.2590746703721673
81,0.2190530590798438
82,0.2264589762018668
83,0.22514881094430217
84,0.240997800646848
85,0.22619890989248612
86,0.23157662282280883
87,0.2538048589604398
88,0.21254689745726307
89,0.2627447309663402
90,0.3403281047541975
91,0.21277633264055634
92,0.24546206284912772
93,0.2796657512884288
94,0.2521887103647906
95,0.25429391989906264
96,0.28487439323140845
97,0.24109258444220277
98,0.2335614878255667
99,0.22752496255729787
100,0.21363296366210316
101,0.25276144684768415
102,0.2978717360502095
103,0.2280499708292423
104,0.2271112932053518
105,0.3328445845096801
106,0.2698507486053604
107,0.26705977648821205
108,0.2239618259536855
109,0.2721898061050625
110,0.28273189325002834
111,0.2256002850408316
112,0.2846122874734437
113,0.2614656350445825
114,0.20498513127136803
115,0.2693935063835956
116,0.3029518910859869
117,0.24716817101917135
118,0.2270784183141859
119,0.2390708066834274
120,0.3142148073205643
121,0.29692093621666493
122,0.249656100054091
123,0.26455325239315924
124,0.21822492973236535
125,0.2733040625536396
126,0.2557925901177727
127,0.28106483247382824
128,0.28564336652285965
129,0.2621507938189585
130,0.1910086664122993
131,0.295192929414944
132,0.2652291555765567
133,0.19520118456020688
134,0.2278758553388764
135,0.23267594479101164
136,0.23071432531276248
137,0.19747258234826473
138,0.27413825953528703
139,0.22581827949302444
140,0.2375403497719884
141,0.31470574929071904
142,0.20522242545437233
143,0.23455089116480707
144,0.24834415945986063
145,0.233316048853153
146,0.2721878793872177
147,0.31559247545484337
148,0.30393741589096096
149,0.24671463757928214
150,0.2879231247099889
151,0.2599094225484141
152,0.203748802694857
153,0.2933367748458596
154,0.22342178769211785
155,0.24500213461005746
156,0.2307129308568016
157,0.22162583938325037
158,0.24709497918136253
159,0.28321815944148815
160,0.20954574894099945
161,0.24220720416072475
162,0.21926419229492344
163,0.2523697201385329
164,0.2556132525831589
165,0.2637395244703102
166,0.1831891611891046
167,0.2515959048829915
168,0.21889768879864271
169,0.27629317824020233
170,0.15181825922008502
171,0.23483488285706816
172,0.21143432582304966
173,0.290105018493464
174,0.3104053513369945
175,0.21538731617833917
176,0.2239442457767779
177,0.3014341075917642
178,0.24390200790899885
179,0.2755355256821514
180,0.34113454417738726
181,0.247802933810918
182,0.2233522977770121
183,0.23022608103911624
184,0.25700923116383173
185,0.28404608903147355
186,0.26321022802191485
187,0.29246789867230694
188,0.25115751613398984
189,0.2693947140653288
190,0.2598655547215178
191,0.23908439435515355
192,0.21472390991221169
193,0.21277220484272485
194,0.2772675501671988
195,0.20787247335214779
196,0.38404622468454885
197,0.22974432108256243
198,0.24359949303356515
199,0.2777111805821792
200,0.2755973880249764
201,0.24422073847227893
202,0.19913656649693368
203,0.2936960048092561
204,0.18777479230858785
205,0.22061037869011357
206,0.2440344337052829
207,0.23956933368515926
208,0.2356990522045365
209,0.3011425419048356
210,0.2341526136600562
211,0.22396558527788035
212,0.24151037712433907
213,0.2387432671591991
214,0.23713400425439796
215,0.2708133249873204
216,0.2816697202324962
217,0.18308390562800292
218,0.23435894845167268
219,0.2559901244609519
220,0.223197300569837
221,0.3086404874072413
222,0.22298388124488175
223,0.2591583898776104
224,0.2133962296214332
225,0.21689358929078584
226,0.21054681558782046
227,0.27623030059058745
228,0.3283041230853563
229,0.3038150960797338
230,0.26530650341930817
231,0.2811342142781378
232,0.29624131642562834
233,0.20041173095251594
234,0.2564894379797191
235,0.22097758989397157
236,0.2503922988537287
237,0.2807599511396972
238,0.21334850389796695
239,0.2173298370749598
240,0.25875995124097106
241,0.26047747332687504
242,0.2258178618278961
243,0.25435489257917215
244,0.22930978575665567
245,0.2786917485883409
246,0.2739228849000732
247,0.24277832388559517
248,0.36925202275019436
249,0.22922400876402294
250,0.26157204711897547
251,0.23960808009010387
252,0.23763007462851723
253,0.32106743156423057
254,0.31747513630794727
255,0.3467161590826511
256,0.39000729436438447
257,0.24716335159626185
258,0.374748554972389
259,0.2811988982024975
260,0.2511399751342416
261,0.22152151939620332
262,0.2506063662441211
263,0.22763898905685584
264,0.2552690442119974
265,0.2807745145773843
266,0.26484010073276926
267,0.21227555741312082
268,0.25293932347366305
269,0.2749421073643525
270,0.2044180419080305
271,0.2065670993729729
272,0.221249226657663
273,0.25702585934112393
274,0.24065430146790545
275,0.23305290954356717
276,0.19015204946899886
277,0.25709271230070474
278,0.2636245021099597
279,0.1747095716096046
280,0.23351771656698037
281,0.21066560722409253
282,0.24217609195764267
283,0.29461538161942963
284,0.24616724849811808
285,0.27279811804311216
286,0.2823969177541996
287,0.286788142380758
288,0.24046170683227538
289,0.2421249909282452
290,0.21789146158046188
291,0.22260286537435392
292,0.21537690096830794
293,0.22111163521294142
294,0.2787165659019415
295,0.1821160965796997
296,0.26482755310164346
297,0.19299029439826376
298,0.2646715518756302
299,0.26707005145653817
300,0.21474036841698552
301,0.21319827215389786
302,0.23086772460162022
303,0.30932208854303744
304,0.33168106350356047
305,0.25596050735555576
306,0.2379094394227823
307,0.2814342522725449
308,0.2796194907927132
309,0.2554384587124929
310,0.2650995121001851
311,0.28348562458145027
312,0.2357523410622504
313,0.22494384376420684
314,0.26258127941907955
315,0.23172416649219912
316,0.20286268818843842
317,0.2633153482303829
318,0.24061496082087697
319,0.27286688789821506
320,0.22692422261885278
321,0.2478713854674559
322,0.2326805037721572
323,0.21180186947351995
324,0.2735421498516033
325,0.25659101191870826
326,0.22598402515996902
327,0.22523664200729498
328,0.26900302639134943
329,0.2282951910090555
330,0.24533037645710856
331,0.24852928175532119
332,0.25342792858095303
333,0.33100257443643616
334,0.2735481871660163
335,0.27653971297364394
336,0.22910874974982717
337,0.289273496499854
338,0.28166454721568307
339,0.2724108604757354
340,0.2519407011401755
341,0.2561531982069416
342,0.28249472297199196
343,0.23483537092924342
344,0.24113884921653841
345,0.2155252462282734
346,0.24384348584587368
347,0.21099443062423084
348,0.2541784221412052
349,0.2527979913283397
350,0.2719950729616665
351,0.19666637506951196
352,0.2466618940632829
353,0.22444353447668222
354,0.2628488154823527
355,0.2431605402471072
356,0.3441163656886299
357,0.22918838657208448
358,0.24856809699055443
359,0.21704898827108687
360,0.3764070390109781
361,0.24463393024577013
362,0.21131771233569388
363,0.19068889908345432
364,0.23584993094955836
365,0.2054240269903785
366,0.24255080560105743
367,0.21635612272803986
368,0.2230727457519562
369,0.2513090178026126
370,0.21759872260166357
371,0.25123736112104067
372,0.22179026945639457
373,0.18965263908656252
374,0.22621410346796977
375,0.2467701219766969
376,0.21434820499005355
377,0.2563357619308306
378,0.19113476403997542
379,0.23121419386625033
380,0.2678409455581397
381,0.20701729023126436
382,0.33279390837501455
383,0.3031939668437498
384,0.2131388157810213
385,0.2262862803758844
386,0.20269963709740427
387,0.23074069390201188
388,0.23915226337243548
389,0.24512115087762276
390,0.24246781933591188
391,0.21268118687338133
392,0.25829058901454716
393,0.26673578704582207
394,0.35071225817400575
395,0.24282851778495385
396,0.20235315218872102
397,0.2742867264103348
398,0.24698669489355585
399,0.21986993953845935
400,0.24617582286156287
401,0.240854437298012
402,0.24370985212487356
403,0.25260764578596556
404,0.20992192405347773
405,0.3256117029539001
406,0.27314137951222245
407,0.2014056642518923
408,0.23191050376053327
409,0.25940485656007
410,0.24122965462461854
411,0.23906240494637124
412,0.34987019161602245
413,0.21294770017630235
414,0.27142732078432896
415,0.23022623490582036
416,0.2840796458220429
417,0.23340680476452494
418,0.2075187431062845
419,0.25242635639916194
420,0.2328973638853318
421,0.315172615727005
422,0.29947003814837914
423,0.23418483642463545
424,0.3013386598436907
425,0.3306306641647467
426,0.24818022145097846
427,0.2782209232796967
428,0.2893437133953838
429,0.235375493242873
430,0.2518907215005292
431,0.29113892731755026
432,0.2239203286084085
433,0.2681466985013656
434,0.27623568716149205
435,0.2979987287585548
436,0.31421003554266996
437,0.259502022405288
438,0.35536909774900965
439,0.206240503704802
440,0.18321699179143305
441,0.29456276575096435
442,0.2886644237664365
443,0.2648049283285511
444,0.22421305735880376
445,0.19671590380896692
446,0.20764498749824606
447,0.2780640585445807
448,0.2371184008755872
449,0.2499150218206848
450,0.25703617352614205
451,0.22484794924890505
452,0.2671059565138203
453,0.23223243427193715
454,0.2857458782665637
455,0.2197890686332595
456,0.256977488433747
457,0.22610104392767494
458,0.2390099821111125
459,0.23258240181752976
460,0.20016954313147028
461,0.3191695297365228
462,0.19924342529859423
463,0.18988921139854986
464,0.23638705463386772
465,0.2464560680070656
466,0.2562301944026254
467,0.18984075100958447
468,0.232761991954473
469,0.2340508854167561
470,0.30397223549090147
471,0.3099328266211896
472,0.25657699735370404
473,0.25978769521317346
474,0.21031621239128764
475,0.28787861918357494
476,0.25774856709070304
477,0.2734030986384216
478,0.27633391335358853
479,0.24745713324988375
480,0.20894959302242036
481,0.25107663465635005
482,0.26656881751062267
483,0.29098740730741185
484,0.3493588870229633
485,0.2786970622902833
486,0.30716640265544276
487,0.22141231268416312
488,0.2717173133484748
489,0.25123207456143143
490,0.22984595144607176
491,0.238707197695539
492,0.26603464711568314
493,0.2442665558080579
494,0.2975988444949245
495,0.2610545889923662
496,0.2175542386611026
497,0.2403498703556798
498,0.2363667274713178
499,0.19658650347966897
500,0.2262084249901816
501,0.20377525000946545
502,0.2232584870741546
503,0.26482800060299155
504,0.19030880339709605
505,0.2458304812793216
506,0.2601997825733275
507,0.2513452584951033
508,0.2996232501047592
509,0.24567290868759217
510,0.2445156598899322
511,0.26052494689990163
512,0.2627186692291158
513,0.2432545806600205
514,0.25075971970674443
515,0.2329704267438303
516,0.3127220737947524
517,0.2530092474106467
518,0.2872312135401642
519,0.2564305983637345
520,0.2721860999479838
521,0.21503766940970837
522,0.24796444712624438
523,0.2191900265600387
524,0.22939892972693599
525,0.26743015918984064
526,0.302137047001665
527,0.27749972326191885
528,0.26261052404283586
529,0.25341425171807563
530,0.24600717169874897
531,0.23542218613003776
532,0.3286272252089656
533,0.2993922161426794
534,0.20821055867875551
535,0.27224034866844554
536,0.2064623021202763
537,0.30159626423469743
538,0.26769957072509837
539,0.3488103494604832
540,0.2804509964671624
541,0.2608236366587623
542,0.2652799267337299
543,0.34752333465926954
544,0.2715052736258085
545,0.1987516932846905
546,0.2446967734103534
547,0.25065227425299813
548,0.2381844636404556
549,0.24297198355849028
550,0.23733156662177532
551,0.30047101398379694
552,0.22589141728112194
553,0.23372834819695065
554,0.2589476766259527
555,0.275271573652632
556,0.23847589021738694
557,0.24111209694148017
558,0.2807890986859329
559,0.23974113896262528
560,0.21255920908182
561,0.2372009670201111
562,0.20018788456708347
563,0.30633918632055535
564,0.20591883775307468
565,0.19867015917728495
566,0.2546178047227203
567,0.24911864174482487
568,0.27596715888621265
569,0.32419002286791265
570,0.23584126082305223
571,0.3015442023653522
572,0.27908150705095136
573,0.22822656290896967
574,0.29255572154029996
575,0.21451514738255234
576,0.20625167834778782
577,0.21143214957056622
578,0.23818239538547195
579,0.23387491678849817
580,0.1953203219264461
581,0.18926250623951024
582,0.20992851634069543
583,0.21888460491260567
584,0.24616949833005272
585,0.2503287948617485
586,0.2535353511649633
587,0.25746763996220706
588,0.23347084082437575
589,0.3165973297444223
590,0.27671995096020013
591,0.2221899908848371
592,0.23626788974520538
593,0.25951903811134014
594,0.22303893067038688
595,0.32930801523773123
596,0.28139004017326796
597,0.2763394681041731
598,0.2828159427053215
599,0.2297444263374675
600,0.2747643247802996
601,0.3426893655576399
602,0.2255919376476473
603,0.29533191643189693
604,0.22188802032513852
605,0.2073808802400367
606,0.2334984413998264
607,0.24941318871034482
608,0.22875211387761213
609,0.2367056941278005
610,0.22096035718411908
611,0.3615937078527977
612,0.23931044330863732
613,0.25535442910700296
614,0.3333965799279155
615,0.2726794039107857
616,0.2849627668809919
617,0.25299049077255964
618,0.24924096220976694
619,0.23299844490957267
620,0.3123391800801733
621,0.26228404252484344
622,0.2170526391423015
623,0.23993664937791803
624,0.25436657327545775
625,0.2148599363758418
626,0.2600322180589632
627,0.24882998946347676
628,0.23640803581157327
629,0.30224288372009633
630,0.2551966956474453
631,0.21343309925177648
632,0.26509943766876104
633,0.24211905147535676
634,0.20439315981232561
635,0.25306918660223376
636,0.2564587938069151
637,0.20250787037923001
638,0.1873833769396455
639,0.2591576213301149
640,0.22821081849138758
641,0.26026930314540747
642,0.24153818160326404
643,0.29046951558446876
644,0.26535069601218575
645,0.21500841239403018
646,0.2795588752610357
647,0.19909636887243945
648,0.23409803939652868
649,0.2526872390540877
650,0.28791912314806356
651,0.25538405533322145
652,0.23357038949711742
653,0.22974086472662728
654,0.24446834666729142
655,0.25117092845561007
656,0.2643867463863267
657,0.30271644144172916
658,0.27033882285815947
659,0.26559646289713446
660,0.2088885440646478
661,0.22691346457603906
662,0.22892999861813418
663,0.24252112538782822
664,0.2509003172359683
665,0.22788168337643364
666,0.22724116016263746
667,0.23920256365157808
668,0.25952376250341125
669,0.2098510853943312
670,0.3566938886745022
671,0.20437512264385377
672,0.23057858268121081
673,0.271532079711214
674,0.22597214805787802
675,0.2112036016009698
676,0.21486976023980475
677,0.24254402348763765
678,0.2155824277453044
679,0.2422991333765857
680,0.22447286596426982
681,0.2575196762369099
682,0.21074998532731407
683,0.2412967958650218
684,0.23144495180396635
685,0.2345567716358818
686,0.2069719624884444
687,0.24922336021848102
688,0.2293643331514047
689,0.2487938026411815
690,0.2357179016899197
691,0.25330541850186566
692,0.24079859765322595
693,0.24417222835944846
694,0.2903234965890769
695,0.22410690985929113
696,0.2831782627672943
697,0.2705916490645064
698,0.2688972642594072
699,0.25227654535445093
700,0.24300356832027847
701,0.23302039254091883
702,0.22676011608721253
703,0.22807471370581228
704,0.23840104768045958
705,0.29392722955683975
706,0.2865966184219911
707,0.20293107433996485
708,0.22554447013306853
709,0.22653361407890246
710,0.2217689563408639
711,0.22411661051513201
712,0.2758056690212969
713,0.24264683671442777
714,0.21833004389094243
715,0.2118646752311563
716,0.21552914501080755
717,0.21985221622911985
718,0.22988064969094668
719,0.23326097776670549
720,0.2961807975721226
721,0.2092402524040873
722,0.25513722687589363
723,0.26724407681307555
724,0.2577609729456296
725,0.16285879916555324
726,0.2773916746333465
727,0.2631930527917565
728,0.20355947184940545
729,0.2003612488386077
730,0.21146326757236097
731,0.2601203207219306
732,0.2720410287736314
733,0.22617585917064928
734,0.3075000683805815
735,0.23547571870921183
736,0.3643649230708499
737,0.2043164002131581
738,0.20073217682613687
739,0.1987153386218625
740,0.21694948882385476
741,0.2784049805381814
742,0.26209179465609367
743,0.2478470560671127
744,0.24427672806195144
745,0.17713739300729647
746,0.2469786688927776
747,0.17084013093721484
748,0.2731791500962655
749,0.22434669236725732
750,0.20538094977614346
751,0.24678494962803096
752,0.20370097072379093
753,0.18932288801737807
754,0.17901589351581396
755,0.28213255087486055
756,0.28440338249870906
757,0.2227506391556789
758,0.23337235210571874
759,0.2162316112387192
760,0.22324379685455914
761,0.19749328525195375
762,0.2587118499205056
763,0.24239716050122037
764,0.2562776614290277
765,0.23301613235704705
766,0.17699743611504076
767,0.28343810534761293
768,0.22188960108847494
769,0.3123247570806322
770,0.257298040061952
771,0.20314946359192246
772,0.20855977279038623
773,0.24332314222599338
774,0.2686260942882011
775,0.3110978841225129
776,0.27353705021827723
777,0.2427360389548155
778,0.2736960914397849
779,0.28397842563049613
780,0.281352909394936
781,0.2584620309332076
782,0.365525550033163
783,0.24991229716594535
784,0.1961278213364871
785,0.23164774663607066
786,0.26307248200603195
787,0.24937106052868946
788,0.26396336252948666
789,0.22882082087259661
790,0.18301877456752016
791,0.27616239684755484
792,0.2341294126655368
793,0.24283904350622124
794,0.24820402270487799
795,0.33088811871774515
796,0.28268454023022627
797,0.2885599794839294
798,0.29218274075801426
799,0.2639285879616491
800,0.19854191960250528
801,0.21765174913300922
802,0.22273411315466393
803,0.22570624929760175
804,0.2500407520309489
805,0.30143081768535546
806,0.22730950465654873
807,0.26528923514814057
808,0.2776923379862368
809,0.24348081807764557
810,0.23769267731217594
811,0.22121323493451697
812,0.35787574815822853
813,0.23916891201620516
814,0.233903705511986
815,0.32146430053105796
816,0.19593227519806872
817,0.24485124954127668
818,0.3296099022795907
819,0.2357197087542703
820,0.26934341860481487
821,0.2621146752075342
822,0.25614189454152164
823,0.3015736612797393
824,0.26626882728027246
825,0.3309714862468845
826,0.23275043465809922
827,0.2259245129142306
828,0.22551485537868035
829,0.2940505975547435
830,0.32021938638056047
831,0.2202487077242339
832,0.24957748083955092
833,0.22135309767779987
834,0.22276176371041118
835,0.23513253021481947
836,0.27394552500127645
837,0.2531816236038222
838,0.2828192937525909
839,0.29224768474872603
840,0.17404950536980127
841,0.26474477463546525
842,0.20918419569456423
843,0.26537462842972764
844,0.24303466668335602
845,0.19365770273260358
846,0.21302800481342085
847,0.26375022221817473
848,0.2257932615701211
849,0.23358882936997458
850,0.20005369698804729
851,0.21300199762730393
852,0.22108152245824442
853,0.2758902478319287
854,0.24530126228916854
855,0.29533332603244056
856,0.24918281684797577
857,0.19803446302056246
858,0.2984668697493416
859,0.24574742603481134
860,0.2844946254142704
861,0.2383700475224462
862,0.19901016652270048
863,0.28014028111586825
864,0.22706139891738777
865,0.20503674317709064
866,0.23000793746676784
867,0.18829937694263
868,0.21010494372033897
869,0.2847390690310431
870,0.24426095912050366
871,0.21247894315073987
872,0.25464283232131774
873,0.2739712580732351
874,0.21902093891698882
875,0.2517270174350345
876,0.24731665210320444
877,0.22545441304723937
878,0.24551510420886508
879,0.25784840731894754
880,0.25396401210636643
881,0.20516467231788427
882,0.23287339124084058
883,0.20029472314286195
884,0.26189714743463827
885,0.259735766559547
886,0.24666386654033082
887,0.22058582651059364
888,0.2825369684781495
889,0.2559019008173421
890,0.24589643746851708
891,0.2287758904774267
892,0.2570227105057017
893,0.24869148944329175
894,0.2715629027164718
895,0.26390273952911847
896,0.26293097030264917
897,0.26110996061609065
898,0.23414946072687473
899,0.2422290042402394
900,0.21694061432951947
901,0.2367448596854881
902,0.21233494612578788
903,0.22593385492758297
904,0.22436643697342668
905,0.22531174457844486
906,0.20953735846630392
907,0.20128943916451172
908,0.270486895257445
909,0.20818697842237738
910,0.22100034628569382
911,0.25689559483325214
912,0.2627918588976588
913,0.3007535309237342
914,0.2261803038363504
915,0.2948550682796572
916,0.23323418112973796
917,0.25967348879820223
918,0.1808399223829267
919,0.32420004487749365
920,0.34102993542041393
921,0.21156190364195043
922,0.2620466498678388
923,0.22571018003306426
924,0.2394226832735426
925,0.27082012591121013
926,0.21319943038742925
927,0.2852001805793269
928,0.23986591987174313
929,0.21855361171171356
930,0.2480155227386161
931,0.20319798394134356
932,0.2315827182569688
933,0.2450663781206164
934,0.2818536357078122
935,0.2139327263044932
936,0.25793694966378605
937,0.2515628707307718
938,0.21910115477462697
939,0.21692275061963748
940,0.20430820697780705
941,0.2836515050273318
942,0.2816452769892282
943,0.22163894308692136
944,0.33022318572340364
945,0.2790479310509249
946,0.2521606957457513
947,0.2764909848415859
948,0.20990675297101405
949,0.27307984988834666
950,0.21875487164067917
951,0.22450777953935316
952,0.2593805395343946
953,0.2553278399886843
954,0.27264024307430945
955,0.240415965391859
956,0.27989352417249264
957,0.295768402458108
958,0.21524138833563786
959,0.265978151233157
960,0.27296133690807145
961,0.204912182525921
962,0.1986824035248996
963,0.23072833966887324
964,0.183573999522851
965,0.35808821934396773
966,0.28775116703637665
967,0.23771487112513426
968,0.26573553919333254
969,0.22704224963383995
970,0.20457602917158632
971,0.2942580344157623
972,0.22125226107164642
973,0.2570864937931061
974,0.2586208924239046
975,0.2543292416782792
976,0.25481929062468867
977,0.22042132152702368
978,0.24393754138842438
979,0.1962928922762863
980,0.3461591298435294
981,0.23944045124650185
982,0.26055598301460536
983,0.2779255351334448
984,0.3925585267366757
985,0.2652384260074646
986,0.26201927341571135
987,0.26302122340946826
988,0.22909830457399405
989,0.3342699938970274
990,0.2704131132718682
991,0.23096095050277504
992,0.25888681887344256
993,0.2286812079649378
994,0.22868865962777638
995,0.23665588200105728
996,0.24150997848044709
997,0.27570196160680116
998,0.2019887859653643
999,0.2736950789017459
1000,0.22505810802549683
1001,0.29913408328379454
1002,0.2242413690897664
1003,0.2686485279243673
1004,0.2746482761931733
1005,0.24094339817558877
1006,0.28976982895158504
1007,0.23369244049365717
1008,0.2525825336429705
1009,0.2704128399279438
1010,0.28571871144271604
1011,0.2942176587612713
1012,0.3096589641767073
1013,0.2957885920029508
1014,0.2705536772945025
1015,0.2001408062596696
1016,0.18538724496973102
1017,0.27113686715083796
1018,0.22387466246316784
1019,0.2453057743355624
1020,0.24693997732989661
1021,0.25512050747320725
1022,0.25850535043128553
1023,0.24281027830456842
1024,0.2620491123244222
1025,0.2592531061628778
1026,0.24681642176546648
1027,0.27258326049932347
1028,0.21217012532788046
1029,0.23019286809631692
1030,0.2334496388751853
1031,0.22134505239704585
1032,0.2338719181680572
1033,0.23695692697226964
1034,0.25664080359876223
1035,0.21601271758299623
1036,0.26628947178997253
1037,0.2534216240075398
1038,0.2253645236345718
1039,0.24872846139106897
1040,0.2341550482124059
1041,0.22918896288180302
1042,0.19986430248754847
1043,0.23460047594486177
1044,0.3395650327899846
1045,0.24663806230530694
1046,0.20480085818423407
1047,0.21889931527423945
1048,0.22335744187564963
1049,0.20405641911264283
1050,0.2869668509888974
1051,0.2160878647952396
1052,0.30058070776419077
1053,0.24403337119396784
1054,0.29106456927549906
1055,0.26281382913109835
1056,0.2587413637906214
1057,0.19965664030073985
1058,0.21302168457439496
1059,0.22995398343465642
1060,0.19831855464983594
1061,0.24209087925104733
1062,0.2175835869555946
1063,0.22666831888556518
1064,0.2641757260968522
1065,0.2077433076306763
1066,0.22995795726006474
1067,0.23735314433005103
1068,0.2428356422563928
1069,0.3234240518056719
1070,0.2772309264029474
1071,0.2316792636348088
1072,0.276062607782655
1073,0.21845116766250972
1074,0.24650163807410902
1075,0.29993940942579905
1076,0.2489241006603884
1077,0.2527510204489895
1078,0.27759689446411534
1079,0.22887118720567465
1080,0.2582161585914266
1081,0.22125187039602673
1082,0.24956131109624485
1083,0.2511955864990446
1084,0.2595450891691075
1085,0.2643278950375578
1086,0.22413992460295848
1087,0.27368737063984067
1088,0.28659426262907367
1089,0.20580432649085023
1090,0.2308569956150092
1091,0.26619171171413447
1092,0.24542192999359264
1093,0.26001378820475063
1094,0.23230983725534743
1095,0.21397556511448787
1096,0.20645914388076228
1097,0.23342476442250001
1098,0.2062821539453645
1099,0.24802913270507673
1100,0.2214049126812474
1101,0.20345172859635458
1102,0.255368494207159
1103,0.27132378832453974
1104,0.26168819155427386
1105,0.29946975016436234
1106,0.1878886666395925
1107,0.25288256892861927
1108,0.24770154415437856
1109,0.2909346448678867
1110,0.24409629652985723
1111,0.2272375577297972
1112,0.36314980296733973
1113,0.21046586220465924
1114,0.20305804215437961
1115,0.28464264159445324
1116,0.27360000867557277
1117,0.252395136326437
1118,0.3023299081907239
1119,0.2833736148244111
1120,0.2910586375607897
1121,0.2509704390471936
1122,0.25757655380423344
1123,0.24548856853068676
1124,0.16911431148514913
1125,0.2729435961234603
1126,0.22692195115806174
1127,0.2672836119550149
1128,0.24087444133023653
1129,0.262852375457359
1130,0.2786324223765004
1131,0.22475223990439788
1132,0.21099217339500664
1133,0.24285222083749908
1134,0.22810536692389194
1135,0.266330466409114
1136,0.19108148240270623
1137,0.2297726850142985
1138,0.2536250602338046
1139,0.2513245085101816
1140,0.261743071117757
1141,0.2052010760494715
1142,0.2945076487006938
1143,0.2298604424480067
1144,0.3037052609251241
1145,0.20617674425810467
1146,0.2305495427969662
1147,0.1904138920705366
1148,0.2107452856404109
1149,0.24188177714649226
1150,0.29797716688159304
1151,0.24439190420976575
1152,0.2714937873927242
1153,0.20885012907833417
1154,0.22768880531297617
1155,0.23541115265037085
1156,0.24010736323593332
1157,0.30925162846721016
1158,0.18630765378376316
1159,0.21493966709595716
1160,0.2372338772373283
1161,0.21651313175441564
1162,0.21549809079447702
1163,0.25552997525651433
1164,0.24622903671602434
1165,0.2587897545231415
1166,0.22947073641291604
1167,0.2138046019842042
1168,0.3498617380015635
1169,0.2899226467466585
1170,0.27796220439092256
1171,0.2995603361012174
1172,0.23495067256571925
1173,0.29345378291578333
1174,0.2803202008601615
1175,0.25469419858746084
1176,0.23683363354789114
1177,0.219080421321134
1178,0.22121261754691962
1179,0.2510923252230685
1180,0.3308165396043898
1181,0.23496887430623808
1182,0.2606151903656728
1183,0.2592144087971835
1184,0.28458157103105786
1185,0.2635035279315827
1186,0.2066049799168204
1187,0.22111101776977204
1188,0.26601729556090653
1189,0.22823225876629602
1190,0.2221607313518072
1191,0.24138897018653277
1192,0.31596414128626654
1193,0.19129844035004762
1194,0.2623380565440699
1195,0.2653223768819343
1196,0.21789078411772586
1197,0.22614470117300844
1198,0.2738498390438251
1199,0.2504778036182244
1200,0.23249652876807841
1201,0.23562754390344226
1202,0.2784209738877705
1203,0.20862772713793915
1204,0.34709428936501935
1205,0.2503709342843596
1206,0.25596089159092483
1207,0.20225479915542333
1208,0.2768812120729279
1209,0.22452472928644196
1210,0.290344742435289
1211,0.20955753796724289
1212,0.2621669673951029
1213,0.2002664031912009
1214,0.19373176102632633
1215,0.2103112160661964
1216,0.28266500828942187
1217,0.22776029696270397
1218,0.21334991458095673
1219,0.23573477434505233
1220,0.25716959811109086
1221,0.27145865162104893
1222,0.2416005231654483
1223,0.27869025568428396
1224,0.24612220616433625
1225,0.22994416272709214
1226,0.22863509986318603
1227,0.22744444852486523
1228,0.2508366504599831
1229,0.226873692012692
1230,0.2612560684458631
1231,0.24385321051752948
1232,0.25067213130208094
1233,0.2563899895637086
1234,0.18378818165012598
1235,0.24575689171712845
1236,0.228573135960662
1237,0.2818423003896642
1238,0.2731777267045917
1239,0.17224694248031108
1240,0.2655951496509616
1241,0.29511457276752157
1242,0.26883381055822814
1243,0.27433792802349255
1244,0.2877405922413861
1245,0.21649384116575016
1246,0.2601677867815009
1247,0.22555948808820656
1248,0.2347103093082822
1249,0.22667442995110723
1250,0.276098547851183
1251,0.18805171271783774
1252,0.20256405508326825
1253,0.20535386434521907
1254,0.28120535331609553
1255,0.285569791120737
1256,0.20558325175710207
1257,0.2380947202196217
1258,0.2541396643185963
1259,0.312782144232049
1260,0.23361465849199625
1261,0.2498657919703538
1262,0.22210486385541964
1263,0.23780966715272853
1264,0.25953433587417435
1265,0.19834740490178124
1266,0.20833399382888396
1267,0.2493586614823654
1268,0.2604870185803864
1269,0.2448267063619496
1270,0.23504376189713191
1271,0.2062251370956399
1272,0.21538993410314242
1273,0.25402352384870686
1274,0.3033677981821434
1275,0.2117041577503729
1276,0.24138094634851384
1277,0.21361445471264529
1278,0.2517369661676965
1279,0.3215721308481951
1280,0.1925858611562491
1281,0.2434894970984453
1282,0.2111258620264415
1283,0.2650215500263333
1284,0.34718988257226313
1285,0.24298028314584538
1286,0.2807867666602464
1287,0.23475153323935347
1288,0.23088476143087142
1289,0.21835621696558696
1290,0.20942675500751629
1291,0.2025966930856794
1292,0.2803187609389885
1293,0.2509848243881154
1294,0.24846277633201855
1295,0.2384888803329275
1296,0.2671257744066502
1297,0.295566496799109
1298,0.3152602199770242
1299,0.2289512392692537
1300,0.23568625949908675
1301,0.3031552440085331
1302,0.24510704063507527
1303,0.33609291809730263
1304,0.20725930726767675
1305,0.2298755525696453
1306,0.246211210065081
1307,0.23492147617843048
1308,0.2655356699400298
1309,0.30760653763610607
1310,0.2396639170474466
1311,0.24526655635531788
1312,0.25398944511290483
1313,0.2486348649353473
1314,0.3196282199089543
1315,0.26887809460863865
1316,0.2185784583374151
1317,0.2814838323611742
1318,0.2580462122155992
1319,0.23420450292583567
1320,0.24246370820945753
1321,0.21394054169060925
1322,0.22171646916139165
1323,0.20853023785229285
1324,0.21939285767880715
1325,0.29999396872077905
1326,0.24381531300059517
1327,0.24713260751938418
1328,0.34067598816087935
1329,0.23807259751674859
1330,0.23756924355110928
1331,0.25729831964227196
1332,0.18068960887878155
1333,0.35639207456469163
1334,0.19230011330117228
1335,0.23082804298087506
1336,0.309858580792039
1337,0.2603468353308311
1338,0.28107778864900795
1339,0.2576692674731466
1340,0.2586075258350165
1341,0.20309781003238161
1342,0.20659253990312243
1343,0.261305258361721
1344,0.2547898541535235
1345,0.2294255515081971
1346,0.30511715242417
1347,0.3527665489112229
1348,0.21923131920152014
1349,0.25995596731361875
1350,0.19036042392195657
1351,0.24327366599247152
1352,0.18021369471009316
1353,0.26039703001243003
1354,0.2965267909829368
1355,0.26214762397584235
1356,0.2527252319282018
1357,0.217643355224326
1358,0.2836927744879871
1359,0.2532685732320079
1360,0.2789653202473784
1361,0.2674899456310747
1362,0.250970957340721
1363,0.3126045335203702
1364,0.24285295855053673
1365,0.23943144534373753
1366,0.26712961520525086
1367,0.22975429137019857
1368,0.22705010381278953
1369,0.22481327416708793
1370,0.2750932380203683
1371,0.3449178173160907
1372,0.2981046444947492
1373,0.2570876969059805
1374,0.2260214029422246
1375,0.26260069469276714
1376,0.27005729011369045
1377,0.2257730094044198
1378,0.25296360981681626
1379,0.2248261966611218
1380,0.2287246690571885
1381,0.18320337567702571
1382,0.2647496696330175
1383,0.2513800451238041
1384,0.30129805643883095
1385,0.2275886699869697
1386,0.22309629166053138
1387,0.19555178705337362
1388,0.22644841601602206
1389,0.2050139127254263
1390,0.19140594862912785
1391,0.22845299334689093
1392,0.21449266634447625
1393,0.3109863606003662
1394,0.35002296355107515
1395,0.24595799425806966
1396,0.23638477734968236
1397,0.225979697747598
1398,0.2599872470192679
1399,0.19295981819481117
1400,0.2819282234150999
1401,0.27987229435539107
1402,0.22609111479275668
1403,0.2589029498437331
1404,0.27328485184888957
1405,0.1992116512778447
1406,0.2621040686219416
1407,0.21691433821203415
1408,0.22846599977299337
1409,0.22767369114945538
1410,0.25715014892000054
1411,0.22988417101385422
1412,0.3117799614536645
1413,0.2348922479664096
1414,0.2557726633352482
1415,0.2652976641332494
1416,0.22970271899992162
1417,0.2256454651007618
1418,0.25674932420238755
1419,0.24338481495600509
1420,0.21140024003702892
1421,0.24343739711854487
1422,0.22684738342495092
1423,0.26899428754476173
1424,0.2729470536455455
1425,0.2009852685333569
1426,0.21485704669120378
1427,0.25906019847395
1428,0.2599158834052377
1429,0.2672249073870249
1430,0.2579772678629411
1431,0.21831205049400504
1432,0.22711881023921882
1433,0.2598978294252462
1434,0.23174541810155577
1435,0.27296099711701144
1436,0.30024102647126694
1437,0.25104611299197477
1438,0.23942267382958296
1439,0.27085964162800424
1440,0.28562203797941915
1441,0.2489999802565502
1442,0.19879629618662836
1443,0.3039326844366056
1444,0.30803669286396584
1445,0.3356525255745629
1446,0.2384765359474548
1447,0.2443422369013459
1448,0.2888634357519144
1449,0.25003974376730653
1450,0.28993523901424884
1451,0.2624600675973135
1452,0.26289556616928433
1453,0.3227807011261477
1454,0.2679758454793324
1455,0.25331490485913033
1456,0.20931843749462922
1457,0.22834701868077717
1458,0.2752928976400642
1459,0.24196962272629682
1460,0.2865395290218282
1461,0.22826904525748004
1462,0.2572920440395437
1463,0.29145072665945887
1464,0.29354039618286554
1465,0.21056914173179284
1466,0.29146745571466665
1467,0.21126316773250547
1468,0.3268661839245515
1469,0.25246553256887483
1470,0.2333961386721256
1471,0.2600426520791087
1472,0.24219919590791716
1473,0.18850869602089715
1474,0.21929552963004018
1475,0.2530917964194746
1476,0.2819569315284784
1477,0.22826753904516134
1478,0.22918326910048653
1479,0.24124017513553778
1480,0.25920475290721606
1481,0.19972526093827103
1482,0.19365194459114915
1483,0.1838636510570822
1484,0.22084769843653843
1485,0.2267187234495488
1486,0.229268160611501
1487,0.24442765815750722
1488,0.3322617750283869
1489,0.2267806929430454
1490,0.2408800462729655
1491,0.2613023094395129
1492,0.27609695987642285
1493,0.22745531549744594
1494,0.31891671715146114
1495,0.22095206441753737
1496,0.26960290917438795
1497,0.2868350780676125
1498,0.2967524572529886
1499,0.29703166540256093
1500,0.20199259707064768
1501,0.22576733745225647
1502,0.2402159678676543
1503,0.32930712363701836
1504,0.2863262721164949
1505,0.2065776774497775
1506,0.24112441194933484
1507,0.22317925183110987
1508,0.2406537116150892
1509,0.2468984748381145
1510,0.2174396583280878
1511,0.22158647517100424
1512,0.20713652661045578
1513,0.2543190945979202
1514,0.27034130314642746
1515,0.24309036257165395
1516,0.23620190732107588
1517,0.1790532251804214
1518,0.23592875380039816
1519,0.26464807647740046
1520,0.21021676872447415
1521,0.2308185841331642
1522,0.28627141649322285
1523,0.2311155630463571
1524,0.22631221291673886
1525,0.26100054909955117
1526,0.19668368358643767
1527,0.3064952692412294
1528,0.24483674619084306
1529,0.24867047480022927
1530,0.26685379512756746
1531,0.28143876001935775
1532,0.1904100065347187
1533,0.22757275562545723
1534,0.2217525381329506
1535,0.25948734379807653
1536,0.2545436787920307
1537,0.20392917243175077
1538,0.3137697910642864
1539,0.25834255010150986
1540,0.2315966902743429
1541,0.2804877781225247
1542,0.262511992471485
1543,0.2386605198146764
1544,0.2223571974501561
1545,0.314804650445635
1546,0.2654800994127077
1547,0.281021042166997
1548,0.22354277360940586
1549,0.21480747145369647
1550,0.21904243163754106
1551,0.26733590456945566
1552,0.34937765266503645
1553,0.21503921022976702
1554,0.2677370820825307
1555,0.2813625791734576
1556,0.2368345641660808
1557,0.243529953314877
1558,0.23678015933271168
1559,0.21648584393875023
1560,0.22320338606246437
1561,0.2851952614495479
1562,0.23948941880579958
1563,0.22489635229328586
1564,0.2900509631819671
1565,0.2316294117223081
1566,0.3079621211659166
1567,0.22269928621165472
1568,0.22328208366317073
1569,0.26644318430412717
1570,0.20003634829371947
1571,0.2693270353697461
1572,0.3108371239418237
1573,0.22085152233429245
1574,0.24681156786944503
1575,0.2548036968567368
1576,0.22815427929212273
1577,0.2444895829450322
1578,0.23211808631542108
1579,0.23294133690842986
1580,0.2547806294885141
1581,0.2497992973099525
1582,0.22654635742514942
1583,0.24590184043464258
1584,0.28241236965432576
1585,0.2156699850303422
1586,0.24923029615278788
1587,0.18980433953519774
1588,0.21735986104379842
1589,0.22345347932959764
1590,0.29903656559337893
1591,0.2587020930050433
1592,0.26853366635076925
1593,0.26037170462015474
1594,0.26871333651951157
1595,0.30517338720979964
1596,0.2713117534216536
1597,0.24041761114559881
1598,0.25746358017712623
1599,0.25030789316871366
1600,0.30286772440363957
1601,0.2373995423583971
1602,0.26551893640777957
1603,0.20495906068877565
1604,0.2762636071386765
1605,0.2942665422358858
1606,0.2496109430783694
1607,0.26806006646900343
1608,0.241944873255729
1609,0.2675083191881397
1610,0.2782831948300786
1611,0.21586755832598611
1612,0.28564049484145687
1613,0.24602524025350742
1614,0.311583080335506
1615,0.22905884970527612
1616,0.2291071605500127
1617,0.20670646891517253
1618,0.24068371119924672
1619,0.33237155382067085
1620,0.26182439638139693
1621,0.221937447863092
1622,0.24751262390442894
1623,0.24531676603911734
1624,0.22994182659977186
1625,0.29297093174049044
1626,0.24509930572761082
1627,0.3091828821475033
1628,0.27393867514213166
1629,0.24209136987169674
1630,0.20685921525268006
1631,0.2690295176935924
1632,0.2465272275149612
1633,0.290470525979885
1634,0.25726448563930526
1635,0.2600420832070215
1636,0.241783695163812
1637,0.29977760573648027
1638,0.35996796339666026
1639,0.33175267982202716
1640,0.24143927217893513
1641,0.2565929617261835
1642,0.22692334932924177
1643,0.24836616166166683
1644,0.20169412188585453
1645,0.20343661476620456
1646,0.21791089782911888
1647,0.2764195896171756
1648,0.23973545335244656
1649,0.2054664450158652
1650,0.16554943966641736
1651,0.24824213382998167
1652,0.2794372216265608
1653,0.2125823739764267
1654,0.2591395870428102
1655,0.2707457719625208
1656,0.23689346211409812
1657,0.23611181186119773
1658,0.26293728913568676
1659,0.23685918167964667
1660,0.26892948859989113
1661,0.2928106731003292
1662,0.18883496199666466
1663,0.20837798330241955
1664,0.29434003983973495
1665,0.26581245812471366
1666,0.2502364692981732
1667,0.25078943862447095
1668,0.26009852208508755
1669,0.2784637897157343
1670,0.20756866670465313
1671,0.24772155100722829
1672,0.18882385025625517
1673,0.19884534467080187
1674,0.2891792741677753
1675,0.23927029278095988
1676,0.26342380244784275
1677,0.22006205353334604
1678,0.26752814070427366
1679,0.24862747905198732
1680,0.202506044692736
1681,0.21140085708018327
1682,0.2562794568284794
1683,0.33218063772844997
1684,0.23997296777355875
1685,0.24868248480231062
1686,0.24343186749783619
1687,0.2390662163444529
1688,0.2380450136890582
1689,0.22330159202427685
1690,0.24019591565305146
1691,0.24779063656652076
1692,0.23411651050986726
1693,0.21193501122907776
1694,0.2535128136992369
1695,0.2609134125057444
1696,0.2482242445460195
1697,0.19776441523751706
1698,0.27882642869672997
1699,0.22614257162933096
1700,0.24657808224571548
1701,0.22553134694324334
1702,0.19168159765688655
1703,0.26248681007218055
1704,0.2169417896850803
1705,0.2911800679785248
1706,0.2524721154600071
1707,0.22442770975289436
1708,0.1884952826336302
1709,0.25231874595718884
1710,0.2640884084539811
1711,0.203525810305778
1712,0.2155373374620481
1713,0.23207195211522422
1714,0.2769039226479627
1715,0.25888960995138127
1716,0.2307099872727491
1717,0.22096728665939183
1718,0.2555706716958393
1719,0.26835105290061306
1720,0.26757418369056735
1721,0.26679520245029914
1722,0.31871790531637245
1723,0.24498255993732443
1724,0.21811634039903913
1725,0.276429267257265
1726,0.24584089937592754
1727,0.2211314911424221
1728,0.24885387128117548
1729,0.26720920410035665
1730,0.20774466956983845
1731,0.233565135645089
1732,0.33057342833855874
1733,0.2716043778441442
1734,0.22076949106382016
1735,0.27795252680341936
1736,0.2265604429102385
1737,0.22211328331767138
1738,0.2539078877820675
1739,0.26830078468993884
1740,0.24639144706758268
1741,0.19892558419500683
1742,0.22941871088710128
1743,0.19831221645735073
1744,0.218982815811614
1745,0.2214030825532562
1746,0.23257709316594105
1747,0.2787266331025395
1748,0.264665935910248
1749,0.20476922029239952
1750,0.31085982729685574
1751,0.22232272213511353
1752,0.25183058436867045
1753,0.25256124553824083
1754,0.20916866202352177
1755,0.2514819306622559
1756,0.2609573948897891
1757,0.25705493381629746
1758,0.2442046020639735
1759,0.246423440567066
1760,0.2442416190000772
1761,0.23571359038999906
1762,0.23554891375442882
1763,0.27453555192316975
1764,0.1980234751831267
1765,0.2570178382290922
1766,0.2454264429927616
1767,0.24681616367281847
1768,0.28778843690500094
1769,0.2560473019399726
1770,0.2702655674090967
1771,0.2377103054502845
1772,0.2070862233212379
1773,0.2856692128625595
1774,0.29462761155732237
1775,0.22630380799823588
1776,0.23215079019525486
1777,0.29222040647037456
1778,0.23320510785065438
1779,0.27044869453375997
1780,0.2885089732575001
1781,0.21387522927508715
1782,0.22399667820195382
1783,0.28532444072207325
1784,0.20401015504479209
1785,0.270896719307721
1786,0.2921963207865388
1787,0.2152543542198282
1788,0.2030678953968251
1789,0.2534219763343382
1790,0.20732466458552212
1791,0.2660079327640709
1792,0.2489793922117882
1793,0.2366309564669399
1794,0.2821344779336821
1795,0.2501800717187855
1796,0.24749580179829656
1797,0.22912915864443711
1798,0.2684199815556383
1799,0.2503243653900119
1800,0.27265015583884417
1801,0.27624142594092144
1802,0.24488592143636237
1803,0.36326052568670825
1804,0.22881260016503854
1805,0.2278848189050841
1806,0.28437894117143714
1807,0.24893768213897363
1808,0.2467304631761825
1809,0.288972662367393
1810,0.2847091196401335
1811,0.23159555405590027
1812,0.2655035177028777
1813,0.2724748979606412
1814,0.24983815808980805
1815,0.23713548725328154
1816,0.23816798806115458
1817,0.2789037364841262
1818,0.24991443058821397
1819,0.2475934485866416
1820,0.2977623063340969
1821,0.25432731091479094
1822,0.21150793403172158
1823,0.2762542281923975
1824,0.3335450316972892
1825,0.2462170585039175
1826,0.24640314482398054
1827,0.31069450191429704
1828,0.20213033235445532
1829,0.22874590568952938
1830,0.21584426656245223
1831,0.26162281290583284
1832,0.2247314884760487
1833,0.22524141075265092
1834,0.25416038745302244
1835,0.2236901727897425
1836,0.21754731455818146
1837,0.2824799594804162
1838,0.24733461679464117
1839,0.19318632578762773
1840,0.2793564835637813
1841,0.25868323060805243
1842,0.26391135199950755
1843,0.25524098160446973
1844,0.2560568869341974
1845,0.2100057968880868
1846,0.2162468454322803
1847,0.3237312285588862
1848,0.22629802457802506
1849,0.27441822612969446
1850,0.31533253686607327
1851,0.19240139604281203
1852,0.22737683797061353
1853,0.23053823109265956
1854,0.2678538995389544
1855,0.3194656308965961
1856,0.2926958462879404
1857,0.26369848842745874
1858,0.2417072861199985
1859,0.24715074077364793
1860,0.3577722622472316
1861,0.2636648511009312
1862,0.242852769010055
1863,0.24094501457602413
1864,0.2542428060186465
1865,0.2754228400340568
1866,0.25655707812884676
1867,0.26274157508922724
1868,0.2351352453446866
1869,0.23746605427971743
1870,0.2636652570614358
1871,0.2306539371472135
1872,0.2916220764486278
1873,0.20364370988511762
1874,0.1968019265829125
1875,0.20443131426584527
1876,0.2503546201331177
1877,0.28899151664020856
1878,0.25707725751445826
1879,0.278284790509711
1880,0.2287574370470749
1881,0.20500954044362713
1882,0.192100745143166
1883,0.2175007634229514
1884,0.24707510731172816
1885,0.23821444363638536
1886,0.24250798203438806
1887,0.2475712825914659
1888,0.1927180314364349
1889,0.23363569368122408
1890,0.27396643322864517
1891,0.2062623595174131
1892,0.22872563462686823
1893,0.2574314570011485
1894,0.23776515115073318
1895,0.23811724279489116
1896,0.24281782630187004
1897,0.26820248793088863
1898,0.22804783829483616
1899,0.29124595176154255
1900,0.2260470334274163
1901,0.3139636056488237
1902,0.29046998410270247
1903,0.31284200460168754
1904,0.21515999529572943
1905,0.22020003212093067
1906,0.27488160228633685
1907,0.26060369527531335
1908,0.22530311604292005
1909,0.26490423843600924
1910,0.22742751427308094
1911,0.3729862601497027
1912,0.24241895797333957
1913,0.2913450002571283
1914,0.2696723476729077
1915,0.26434391032626386
1916,0.240306033508878
1917,0.24989970310376888
1918,0.2327930850080218
1919,0.24650485564596966
1920,0.34299148610298047
1921,0.21060342873506982
1922,0.2536333604840739
1923,0.262504462237474
1924,0.24946873037718506
1925,0.20798435862615705
1926,0.2976329876810536
1927,0.25085957758591887
1928,0.25370517722112007
1929,0.2736473237362371
1930,0.20953773030163247
1931,0.23413201086595078
1932,0.2538227697831798
1933,0.21534337141187543
1934,0.24984948504082313
1935,0.2485698368247129
1936,0.22383293333226087
1937,0.25075288983552146
1938,0.25057299255277915
1939,0.2396172584188038
1940,0.3350036051592669
1941,0.2731481950104068
1942,0.2129620413424547
1943,0.2996706399860033
1944,0.20861777234589146
1945,0.29264534562142563
1946,0.23723146753299976
1947,0.2486949778423466
1948,0.3100310158952422
1949,0.21393125675585167
1950,0.25441057982918447
1951,0.3267013599336653
1952,0.2198347121660603
1953,0.2527998633095337
1954,0.22375084161128891
1955,0.22399036571347736
1956,0.19947372877077457
1957,0.24953868381771777
1958,0.2671255075313912
1959,0.2854590136468719
1960,0.2698207080222553
1961,0.20402088497555618
1962,0.21673175911497397
1963,0.25342277686014697
1964,0.2112143786495075
1965,0.22823846956647717
1966,0.2604292584564282
1967,0.18971219188449592
1968,0.28026462997498164
1969,0.24319957693664082
1970,0.21702498318910873
1971,0.2374255313252193
1972,0.2400701150178562
1973,0.22158468614243892
1974,0.21072892028414061
1975,0.21289403237688395
1976,0.2661909783391906
1977,0.2750376713720282
1978,0.25058390257970015
1979,0.24981283078457164
1980,0.22604915796776837
1981,0.27961498474161584
1982,0.24519445985673533
1983,0.2466001169792736
1984,0.21802749747552075
1985,0.21358495625972454
1986,0.23122191418293872
1987,0.24928051865374803
1988,0.20255209546050162
1989,0.2530939703327522
1990,0.3106038847363898
1991,0.27904495631475007
1992,0.28845334454240773
1993,0.25453189269400617
1994,0.24214890476752052
1995,0.21174985051050046
1996,0.2419471833073133
1997,0.2292229855981737
1998,0.19067512229743724
1999,0.2482285946725106
2000,0.20036094003188107
2001,0.2279940786857738
2002,0.273924190818382
2003,0.39969739314596575
2004,0.22335710895803723
2005,0.26266120044499935
2006,0.34888500712540765
2007,0.22486140376218153
2008,0.23704614841337818
2009,0.3285322350440036
2010,0.2805512953183526
2011,0.3162447444546676
2012,0.2421623500536412
2013,0.28723424991926894
2014,0.2251636992290821
2015,0.2935310874032021
2016,0.2265693498935749
2017,0.2789782707302358
2018,0.3120357312179823
2019,0.20710062015900277
2020,0.23820529747025104
2021,0.24641637763954471
2022,0.27463764252119033
2023,0.1782145674958621
2024,0.29263086350103223
2025,0.262433255056993
2026,0.22381741058027188
2027,0.26791067960494686
2028,0.23065607949640393
2029,0.21531905482438596
2030,0.2776337922589716
2031,0.24184666897384677
2032,0.2562528135290268
2033,0.2495037817898282
2034,0.2455972179666328
2035,0.279149391874596
2036,0.26368820751688377
2037,0.26003819956375807
2038,0.22717066202929784
2039,0.2867275810829712
2040,0.23153318031642706
2041,0.22389039645898587
2042,0.25403623016802884
2043,0.19259084237099652
2044,0.24549933039810035
2045,0.24534168919476257
2046,0.19627668008877788
2047,0.350206706301126
2048,0.26183880041872354
2049,0.24843771992232147
2050,0.26429075273545877
2051,0.24143102498698574
2052,0.22885374350509533
2053,0.2554809673335448
2054,0.23953883152792707
2055,0.245456189009682
2056,0.25337533128980827
2057,0.26707654452375545
2058,0.21739535781793864
2059,0.3223974507537219
2060,0.2942047610270047
2061,0.21216946024526187
2062,0.23195869718034992
2063,0.2571920277862102
2064,0.25522725886131775
2065,0.2823251017299844
2066,0.21062614345489422
2067,0.23963024468547
2068,0.2976493599412896
2069,0.24825951751963243
2070,0.1918101997466295
2071,0.33133604126227445
2072,0.2610601613824103
2073,0.25208737046135166
2074,0.24942964388754557
2075,0.3056704451863348
2076,0.19292131255809195
2077,0.18891109956662702
2078,0.3361489120982723
2079,0.25824422921229456
2080,0.2735618274037369
2081,0.26224316680709653
2082,0.31591215066349115
2083,0.24396001778628199
2084,0.23536896667811025
2085,0.2667756953766737
2086,0.23547692960461056
2087,0.2905819535469618
2088,0.2384727926446516
2089,0.23955693117512777
2090,0.29408649996128305
2091,0.2207060474113132
2092,0.22864832877837488
2093,0.24317278561406777
2094,0.23719513208784523
2095,0.2588277554604419
2096,0.21417276644926914
2097,0.20760881211307122
2098,0.24077485796300158
2099,0.24328546412444102
2100,0.25938798463819135
2101,0.2503047393859077
2102,0.20393769606178333
2103,0.2697376750437647
2104,0.34641965941431646
2105,0.21738173596369822
2106,0.21541842026121272
2107,0.17486876081321345
2108,0.20101617272986452
2109,0.2571430081421273
2110,0.25429352909033853
2111,0.2255570074792475
2112,0.17848747952428148
2113,0.2614925061658465
2114,0.19517017795613853
2115,0.2655305537071452
2116,0.20522955379495086
2117,0.20927315758287107
2118,0.22654699269920398
2119,0.261233943226788
2120,0.2137637185893718
2121,0.24687869703611925
2122,0.2589573078613885
2123,0.19457010464530672
2124,0.24853201311908216
2125,0.19214953929796055
2126,0.22415606695764978
2127,0.2687205054856368
2128,0.27513613034102186
2129,0.23365866906725677
2130,0.2656703088456595
2131,0.26892921686882226
2132,0.26962615304168974
2133,0.2451775395108952
2134,0.26924601266339687
2135,0.2572228075378898
2136,0.254780755768322
2137,0.23318349871575436
2138,0.2689111377860796
2139,0.25958223637528777
2140,0.3109654140527381
2141,0.2448955697545022
2142,0.25553295184449215
2143,0.21582649133368945
2144,0.2805053392490425
2145,0.3090371693420074
2146,0.2677889287942261
2147,0.2314020415636655
2148,0.29544859420645814
2149,0.3037876101475132
2150,0.21922967810145347
2151,0.27479065706131744
2152,0.2521884538488245
2153,0.3286076604327812
2154,0.2551398973606875
2155,0.19474649440348488
2156,0.2642116722520426
2157,0.2806197027757082
2158,0.24888161061183234
2159,0.31436147694255245
2160,0.19890237660103757
2161,0.2211492995324565
2162,0.2273784428361451
2163,0.2021316789563595
2164,0.25376929622278255
2165,0.24050540845603816
2166,0.2369711084803221
2167,0.30558247406177064
2168,0.22242410888714778
2169,0.2387913397057223
2170,0.2484466752175517
2171,0.26265832912369996
2172,0.19791046126772047
2173,0.266824337451688
2174,0.3137815720518055
2175,0.2507048794116094
2176,0.24414087882955954
2177,0.2392423578486634
2178,0.2884421082918683
2179,0.2723961904551466
2180,0.21846193744076872
2181,0.17142480323207382
2182,0.19710981361780133
2183,0.1915655314006962
2184,0.2665240871568251
2185,0.3136197909748418
2186,0.24883439710727442
2187,0.222059794601309
2188,0.29710200718629654
2189,0.3203420296618464
2190,0.2559436276114147
2191,0.20880530038287806
2192,0.22642686858558608
2193,0.2455891931630953
2194,0.25503084148168675
2195,0.287964661533819
2196,0.23105502823392418
2197,0.18212926452806347
2198,0.357682455483151
2199,0.2725587640194009
2200,0.21675995196993447
2201,0.20611001550066754
2202,0.26476403718428937
2203,0.22821235874446064
2204,0.23326887692176881
2205,0.28671511992984816
2206,0.21419182465910866
2207,0.20076972894034723
2208,0.23810074194818523
2209,0.23475346219922055
2210,0.2748880956098614
2211,0.23363957225059304
2212,0.24510889439930092
2213,0.22418988691926003
2214,0.33300427695374113
2215,0.18561430923721658
2216,0.25810235129194037
2217,0.23243347300778386
2218,0.24118458416830227
2219,0.22150874154956246
2220,0.2992052945364651
2221,0.22942269566413415
2222,0.3047467269992862
2223,0.21232807874063894
2224,0.23824334258357435
2225,0.24787724257169416
2226,0.2892743961763011
2227,0.2989226851447868
2228,0.21104670582468948
2229,0.23648571478315342
2230,0.2443404902726148
2231,0.20610508382027007
2232,0.2609840190164262
2233,0.27630699918822443
2234,0.24197452268657185
2235,0.2008552303146022
2236,0.29875606505934976
2237,0.2831879578360758
2238,0.24921989314915802
2239,0.2855197726135025
2240,0.2978092938387481
2241,0.2871955794738799
2242,0.2529847312477224
2243,0.21238131901922985
2244,0.2773479192604766
2245,0.260372469763162
2246,0.22414660310612083
2247,0.26710731073901467
2248,0.29479522760550336
2249,0.23112784004399828
2250,0.22513747724651828
2251,0.2848333008397609
2252,0.1925820465750317
2253,0.27103477597902126
2254,0.24571402926476155
2255,0.25182480244852357
2256,0.23643875346908091
2257,0.19823717333928997
2258,0.28099549294506976
2259,0.31065590530313164
2260,0.269186282575202
2261,0.25476144670751355
2262,0.20569691907701898
2263,0.2342478484604156
2264,0.22392764783840166
2265,0.24892882644222172
2266,0.26845595900566893
2267,0.2265254012862394
2268,0.19987609400668127
2269,0.21524366703802328
2270,0.24787187741480354
2271,0.21000003771581277
2272,0.25900319255910986
2273,0.2327894263649092
2274,0.2692901412724123
2275,0.3336038599949876
2276,0.21856143130436273
2277,0.2754950904848222
2278,0.22957504664092485
2279,0.19230069890064963
2280,0.26504969810663337
2281,0.20811715640303854
2282,0.22082796890115666
2283,0.24248391026589797
2284,0.24992123091449844
2285,0.29550915975219827
2286,0.23637954305040326
2287,0.23151971459334633
2288,0.2619059990964112
2289,0.2574100019260386
2290,0.23202323104676564
2291,0.27921799004004505
2292,0.2332835984903289
2293,0.2569838772827756
2294,0.25675512174366816
2295,0.2345959892505474
2296,0.24290472681694855
2297,0.24519428228121798
2298,0.27103419919674887
2299,0.2287531490127795
2300,0.2753080441997419
2301,0.2374107209374927
2302,0.22527077316413716
2303,0.20629813443289927
2304,0.23758964443081532
2305,0.2205824319598356
2306,0.2504006466274059
2307,0.1902912030375514
2308,0.21311856138655735
2309,0.2778918843717278
2310,0.25784222092333925
2311,0.24901932715721417
2312,0.23347597760719163
2313,0.22752523927055873
2314,0.23546200122844044
2315,0.19556341465228397
2316,0.3955450410795247
2317,0.19785008883372285
2318,0.25195500921985253
2319,0.29383667560730103
2320,0.23090969688921276
2321,0.23478252537913105
2322,0.21661251910958051
2323,0.22553666201396516
2324,0.22379325899229538
2325,0.29008536246579036
2326,0.16702682001647381
2327,0.23041244915510153
2328,0.2354372140074954
2329,0.35530431193752443
2330,0.2255064126391296
2331,0.23377369213867175
2332,0.2957332998761782
2333,0.24621976179950403
2334,0.2357316872651535
2335,0.30195990908372555
2336,0.21390821985768968
2337,0.2825297072216332
2338,0.2595402085920966
2339,0.18308578377975324
2340,0.2490681439509218
2341,0.1819319059528733
2342,0.23776942853422622
2343,0.1961905676965029
2344,0.2261559971412342
2345,0.21154488825108114
2346,0.2384777093052221
2347,0.3046297169088535
2348,0.2549890438854622
2349,0.27970430630412946
2350,0.3073489107199335
2351,0.22144700669726686
2352,0.20710622694685565
2353,0.21997512944202302
2354,0.26160104890862423
2355,0.22047535721641837
2356,0.20960886386838504
2357,0.23411169275262825
2358,0.23530459553093527
2359,0.2555202570423911
2360,0.20300477496520933
2361,0.24433581364882648
2362,0.24592322324074584
2363,0.2654709259959136
2364,0.271272175966554
2365,0.2504765104373599
2366,0.2359532311207436
2367,0.289818179365152
2368,0.24281505126209008
2369,0.24158770448982955
2370,0.19402390541691583
2371,0.26950384048539044
2372,0.19951012199459037
2373,0.24398667519815403
2374,0.20348209913663465
2375,0.24259904857713596
2376,0.2733434092799939
2377,0.26917508533225926
2378,0.19830883499949586
2379,0.26147968109843583
2380,0.30033327821137884
2381,0.26660096458449084
2382,0.19637436745773668
2383,0.2591464181072987
2384,0.25729867244953597
2385,0.23643329224539741
2386,0.19945590942077454
2387,0.17934916626027422
2388,0.2655930588027424
2389,0.18644739005834426
2390,0.2787382019974742
2391,0.23135584046419663
2392,0.29366395801714085
2393,0.2634408598551491
2394,0.19493849166726987
2395,0.22989206973667745
2396,0.3034117382273512
2397,0.24642122944134248
2398,0.3421922797431918
2399,0.23706086453890018
2400,0.20854365440991926
2401,0.25417298162314594
2402,0.18793799064008201
2403,0.25440032527019346
2404,0.2988497803409719
2405,0.25977633661316474
2406,0.22472648276519813
2407,0.24582720955008594
2408,0.23074977955526157
2409,0.21240848488293507
2410,0.1948620663070787
2411,0.22403624690945886
2412,0.2882542619779072
2413,0.22822547555738154
2414,0.24098630260522932
2415,0.20822594117130258
2416,0.22564676584125812
2417,0.2409011475431923
2418,0.23811683677652762
2419,0.22933830813878042
2420,0.2255757610999643
2421,0.20614880910921085
2422,0.2930761695442187
2423,0.2535547202478092
2424,0.2171782230073512
2425,0.21349067887222656
2426,0.2401802997333081
2427,0.23776359495909863
2428,0.22200045138412067
2429,0.21399912013694336
2430,0.2246936693893842
2431,0.19197152076865684
2432,0.22842163248640884
2433,0.24480845384963965
2434,0.24849991264949248
2435,0.18537792640484252
2436,0.25474814056967715
2437,0.20528576757672815
2438,0.255236525766251
2439,0.28142953536618476
2440,0.24928855095058056
2441,0.2411891344257625
2442,0.2814006849739503
2443,0.2374149094015249
2444,0.2986232044964749
2445,0.25150332618350396
2446,0.34722598282925204
2447,0.24659014891212247
2448,0.21674473376135087
2449,0.3154881277777154
2450,0.2515993691242531
2451,0.1868343378377782
2452,0.22572733556150948
2453,0.20974137854554184
2454,0.2663785617041259
2455,0.23684354511371422
2456,0.2908028715746753
2457,0.3167554594844837
2458,0.24289552158528277
2459,0.18340823900336578
2460,0.2368714475935955
2461,0.2369879194619324
2462,0.2004417502172293
2463,0.21258404901433497
2464,0.2676782288598267
2465,0.21012070485376558
2466,0.18583409600059694
2467,0.24277947064126787
2468,0.2990718128190536
2469,0.18944170214061926
2470,0.24239203872374768
2471,0.23494872125290886
2472,0.21117307383731584
2473,0.2912746326363424
2474,0.26472392405802453
2475,0.2192494718755874
2476,0.28890220248591447
2477,0.22550623498407252
2478,0.23079565383442374
2479,0.23252758651816988
2480,0.23322552787737874
2481,0.2915669345730377
2482,0.2085693891255302
2483,0.264365711518489
2484,0.2946979621975481
2485,0.226399537439261
2486,0.23734270629126789
2487,0.19833279500244802
2488,0.2691337167810421
2489,0.2519348590536395
2490,0.23821469327153014
2491,0.2127975150153613
2492,0.21971703367460235
2493,0.3380348850241046
2494,0.2872069511179592
2495,0.21933684345930304
2496,0.23251138156134238
2497,0.21810581763059353
2498,0.220300857393989
2499,0.3045660926541739
2500,0.23148160220840314
2501,0.26102739544174103
2502,0.19534744218866545
2503,0.2492070023337416
2504,0.25242862702827
2505,0.31506213582300824
2506,0.2643380923056547
2507,0.23266369640664897
2508,0.2578180738414694
2509,0.26225819561396446
2510,0.2530839027868652
2511,0.19203833648261456
2512,0.28887257849305675
2513,0.1985092348602174
2514,0.21925897982325596
2515,0.20625645807086915
2516,0.26396455353831094
2517,0.24690092954048903
2518,0.24980256444599733
2519,0.2586987939410486
2520,0.26314610395410953
2521,0.26277219194599166
2522,0.2170564723820459
2523,0.28907906537223976
2524,0.2061662516311407
2525,0.2415559725190872
2526,0.27856054163059984
2527,0.29916302012251056
2528,0.24616179201801144
2529,0.2629028924836455
2530,0.19195884941575164
2531,0.23330499850025604
2532,0.23860851805923045
2533,0.35748862112118623
2534,0.207363910002431
2535,0.2454189859541995
2536,0.21160588243800774
2537,0.28018818285426556
2538,0.32377019007191904
2539,0.278206999868644
2540,0.27255512918638464
2541,0.258016352963204
2542,0.24298002927334553
2543,0.21196163254069608
2544,0.19577225010789706
2545,0.2536307677727973
2546,0.20405469900791295
2547,0.24608694618842686
2548,0.24425022259885096
2549,0.1854584728909779
2550,0.24482554840887152
2551,0.24451651456457807
2552,0.24361813664761875
2553,0.22163594571117773
2554,0.22439818533648045
2555,0.3776252862340685
2556,0.22893766872145566
2557,0.19316222282704912
2558,0.22569620549639466
2559,0.21438005954893483
2560,0.25690204487035934
2561,0.24966819952232902
2562,0.31841453449474955
2563,0.28873259015287817
2564,0.22062300577660146
2565,0.25291775451679555
2566,0.24139421406430886
2567,0.1871389568700256
2568,0.2197401040470005
2569,0.2317260524208732
2570,0.26225019020354573
2571,0.21365319341107408
2572,0.2534036604731224
2573,0.2798255412390254
2574,0.23755760882367682
2575,0.2519174902612066
2576,0.26703854309198327
2577,0.2813523614810603
2578,0.2290799251394085
2579,0.22536636754412184
2580,0.27236925858275607
2581,0.26575376557291175
2582,0.2741904236402049
2583,0.2732387447737275
2584,0.22902841701612275
2585,0.2657956464107016
2586,0.2728506542280676
2587,0.23501247530828925
2588,0.23784201957737142
2589,0.23817046042051337
2590,0.2549839976809008
2591,0.2347506532544528
2592,0.2346848910897983
2593,0.23222320727004564
2594,0.2810361996114949
2595,0.2290790346647518
2596,0.22397616014259222
2597,0.24773191470998218
2598,0.27612314986238207
2599,0.24362389521814984
2600,0.2638990831695862
2601,0.23103575700913856
2602,0.19651129911772483
2603,0.3013030555190886
2604,0.2566784599133781
2605,0.24940069176847604
2606,0.19756319598534988
2607,0.273948051237312
2608,0.2812690256640869
2609,0.2803383443936084
2610,0.24488808347795496
2611,0.25963426643223014
2612,0.2008898408757988
2613,0.24574885664766177
2614,0.2578686770646769
2615,0.2182119812011216
2616,0.2300164127813307
2617,0.24521916168616525
2618,0.2866675039229926
2619,0.23263674498160533
2620,0.23003752187961957
2621,0.24958608396117307
2622,0.22198941963485078
2623,0.24362759630926925
2624,0.25496837980298903
2625,0.27696033396096825
2626,0.23508352873270585
2627,0.2700610389554635
2628,0.24975254013262027
2629,0.2597196682715374
2630,0.2582144249152534
2631,0.23411978768896097
2632,0.29554757448750685
2633,0.2388292852724106
2634,0.3081467622538909
2635,0.2547721978726804
2636,0.2577596072047632
2637,0.24159925718605293
2638,0.23831615879184384
2639,0.3416058565929549
2640,0.23003846658456056
2641,0.3366754590034166
2642,0.3272320297646384
2643,0.25559651573747194
2644,0.20926914072320302
2645,0.20521878942323715
2646,0.2382572209497044
2647,0.25103423370331523
2648,0.2862551525136257
2649,0.25856906185399736
2650,0.2839994430987751
2651,0.2229362226025385
2652,0.22607835589187003
2653,0.24730840834620696
2654,0.20734136703529119
2655,0.3432210064431798
2656,0.2510325532960021
2657,0.2631926676493501
2658,0.23876848473409587
2659,0.30527730209937975
2660,0.2609421611655428
2661,0.29777226724976325
2662,0.3298414410992727
2663,0.24755420520178806
2664,0.27552898808420645
2665,0.24760535420411176
2666,0.3634248347757122
2667,0.268902565001265
2668,0.2180435838836072
2669,0.3408173306587833
2670,0.21638784455588417
2671,0.24044096264266285
2672,0.24897315518001184
2673,0.3042756561310782
2674,0.24012982735417696
2675,0.2545810740576399
2676,0.3203616061239971
2677,0.21615803282956256
2678,0.27514236080143367
2679,0.23148423529895468
2680,0.27392969155305685
2681,0.23181321590152096
2682,0.298970199074683
2683,0.20632391004790565
2684,0.28723056411817827
2685,0.27782908517714033
2686,0.23124814945391506
2687,0.21594882896360953
2688,0.2408058672936074
2689,0.2709969226727741
2690,0.20126509881530943
2691,0.2537027756417367
2692,0.23744686103937032
2693,0.3004058354577632
2694,0.24386237499995614
2695,0.22527956350881126
2696,0.24883732912302245
2697,0.24378163382274207
2698,0.24277064383022862
2699,0.22360307410179658
2700,0.34571792060412765
2701,0.22151855467278783
2702,0.20438947541850272
2703,0.28817237094880405
2704,0.3211781724946764
2705,0.2333771961367697
2706,0.26288685266375666
2707,0.22906891637457338
2708,0.22113335314190852
2709,0.28410536369962636
2710,0.21227379334052984
2711,0.27152209119558063
2712,0.22997875274162372
2713,0.2267020441211601
2714,0.19615822041634087
2715,0.34078685328727365
2716,0.23471525436889143
2717,0.2621432461553671
2718,0.1775700238403093
2719,0.23583702634636292
2720,0.23478504668443304
2721,0.2604005370761624
2722,0.20758826409306988
2723,0.2148210823096667
2724,0.2221465974677041
2725,0.26119245630805266
2726,0.23521212280027087
2727,0.252378883027042
2728,0.24922243610749484
2729,0.2129244711630896
2730,0.26238202890204926
2731,0.23087647226287017
2732,0.21161236299081737
2733,0.26247124024924307
2734,0.2573362116575281
2735,0.16865719310319782
2736,0.24742940883669354
2737,0.24503975597917205
2738,0.19855164690850474
2739,0.23674303721267498
2740,0.2656562576637778
2741,0.2555156689393939
2742,0.2693068978787097
2743,0.24876370877368928
2744,0.37817641969527627
2745,0.23263031882483334
2746,0.2433988244524912
2747,0.22415266199191716
2748,0.33372642758678567
2749,0.18365335256408152
2750,0.2860483543305323
2751,0.22379896862234774
2752,0.2282267394314158
2753,0.27081840895775056
2754,0.28967153664247786
2755,0.17511755690928238
2756,0.2556599664857175
2757,0.20576819600399612
2758,0.2302175056909342
2759,0.2149330324528701
2760,0.21858824808688734
2761,0.28279206331229156
2762,0.2504940131550404
2763,0.2061724381995177
2764,0.2056663175881449
2765,0.2624005067464136
2766,0.22812825458764754
2767,0.2617831894046876
2768,0.22441522894174115
2769,0.2743471380128357
2770,0.21179650967229846
2771,0.2585754303625341
2772,0.2620941051234787
2773,0.2729078399876306
2774,0.2692680091685344
2775,0.24343658759629283
2776,0.2515032864690516
2777,0.29410027642191655
2778,0.2639745576170481
2779,0.2828577325518991
2780,0.24332038768019026
2781,0.2516292531708317
2782,0.18534078015026928
2783,0.22440705614811543
2784,0.2675109372949624
2785,0.2612700948639703
2786,0.26832010823447
2787,0.2541923633248924
2788,0.27570807859347574
2789,0.20929468825463823
2790,0.18915600295072799
2791,0.3283860141303563
2792,0.21891464712312053
2793,0.3037780166483296
2794,0.26191428167050546
2795,0.24748255859062654
2796,0.21998087326533558
2797,0.2863569849743712
2798,0.2533868476074982
2799,0.2376515259350248
2800,0.2013901551331155
2801,0.3172099432692569
2802,0.3028506126223136
2803,0.2770152595170914
2804,0.259274507823703
2805,0.24533541044671678
2806,0.32750220127007673
2807,0.19715655209521404
2808,0.21961540234259552
2809,0.24685381250956834
2810,0.26672427582333347
2811,0.2994298497864769
2812,0.2716173875378791
2813,0.2528104427460227
2814,0.23942864644283562
2815,0.19035349367304252
2816,0.24625233088731566
2817,0.30796858713019454
2818,0.21958531327065986
2819,0.2832133539138016
2820,0.21309955360812952
2821,0.27303938522272536
2822,0.21705566991916753
2823,0.22459182995400587
2824,0.23454578111315733
2825,0.22254067820964016
2826,0.24898573199621843
2827,0.23425200219902284
2828,0.28478430845091635
2829,0.27161773849331455
2830,0.2790565338495621
2831,0.2730445200469685
2832,0.23816018298456879
2833,0.21417717044816953
2834,0.2136773534463642
2835,0.25551241163889715
2836,0.21089908514362557
2837,0.2601513108765573
2838,0.2779175288115885
2839,0.22425778878463565
2840,0.23060664233444886
2841,0.1951641305955932
2842,0.22214420164330517
2843,0.3104231458314519
2844,0.25857018796187936
2845,0.22468963751573345
2846,0.22141073547344645
2847,0.3299332068503349
2848,0.2255167360281204
2849,0.20989832380886367
2850,0.21483341411835422
2851,0.2323809670701948
2852,0.27382532426910805
2853,0.2568170186060038
2854,0.253032302648401
2855,0.30156799171913135
2856,0.2243481353956546
2857,0.2480481831599875
2858,0.36675731950479185
2859,0.23697660753675454
2860,0.22067743672753826
2861,0.29466593254155915
2862,0.23590262025141626
2863,0.28207789722646415
2864,0.28424688800830417
2865,0.23919779684460177
2866,0.24947770298667235
2867,0.29502212246466725
2868,0.26082215310923496
2869,0.2759587622595171
2870,0.32813675632350414
2871,0.2027136904963154
2872,0.183954306156045
2873,0.20089464882523628
2874,0.22865425910825132
2875,0.23607440212779116
2876,0.2757331670702304
2877,0.2601949160252154
2878,0.21554575604390402
2879,0.23843110665511305
2880,0.26983925643282514
2881,0.2963831367820223
2882,0.2299313875324255
2883,0.1894283302519791
2884,0.2410202242889595
2885,0.24613233246052776
2886,0.2690456542655645
2887,0.24529193103182473
2888,0.23188785139464352
2889,0.29687962626679126
2890,0.26953304436138065
2891,0.26535297813741393
2892,0.1761146545471749
2893,0.2875693728438812
2894,0.23023512831716952
2895,0.24656013017006928
2896,0.2005746090547787
2897,0.257982479348887
2898,0.2258305123284876
2899,0.25840908002031887
2900,0.22774719182763242
2901,0.2699801318573401
2902,0.2206878953440926
2903,0.25931242662987947
2904,0.2577766621449222
2905,0.3154878770047877
2906,0.2352680620625682
2907,0.29198195140888195
2908,0.18824397379310004
2909,0.24349778637865882
2910,0.27305492067942566
2911,0.2241760102611202
2912,0.264987955266091
2913,0.21797125025871641
2914,0.21170181879763283
2915,0.2509293425345517
2916,0.20783207329327885
2917,0.21626255539396858
2918,0.20158752426520166
2919,0.2733687123432013
2920,0.20406438570474314
2921,0.22588018359621026
2922,0.30583394942307185
2923,0.22499102532993864
2924,0.32726121737915387
2925,0.20633651631446678
2926,0.20441487129299102
2927,0.21504143274747756
2928,0.2474158466900962
2929,0.22792523395555675
2930,0.2408304770067036
2931,0.24862091402758585
2932,0.2346558110871012
2933,0.27512342312979854
2934,0.2639085452633384
2935,0.26705806318598563
2936,0.25043787122494515
2937,0.2337815747013787
2938,0.22509069332256929
2939,0.30916083850707554
2940,0.24737896166599344
2941,0.22735051354807462
2942,0.22567065035400657
2943,0.29131850370690243
2944,0.2520565938157451
2945,0.27800310692988583
2946,0.28446574260769164
2947,0.30258302285740557
2948,0.22920597278565707
2949,0.22980196828616786
2950,0.23867077363282682
2951,0.23482242790637226
2952,0.2587986036718403
2953,0.2520180412418664
2954,0.2681714249715846
2955,0.24692039864590065
2956,0.23221296387211002
2957,0.2559841958621908
2958,0.2706557592822852
2959,0.29653419965162287
2960,0.24066683995187163
2961,0.24369348989788317
2962,0.20811027715192398
2963,0.2613202968387719
2964,0.23643758074137783
2965,0.24398581797707655
2966,0.2386448966069584
2967,0.25905078255099095
2968,0.21133287602147327
2969,0.22995072820450344
2970,0.2118629093877478
2971,0.28143976662297665
2972,0.23930209475408376
2973,0.2101152245670142
2974,0.2298821269843522
2975,0.24549264913447683
2976,0.23827842596166524
2977,0.2366086896927486
2978,0.2633207333299717
2979,0.1972612218423782
2980,0.24213977430154113
2981,0.27438763081170586
2982,0.2953333567128535
2983,0.24316318359099898
2984,0.21087769165759282
2985,0.2920347720151149
2986,0.28042226327866493
2987,0.25410847335296116
2988,0.2237277353870177
2989,0.22686903817948806
2990,0.26635236879444163
2991,0.2532830403060614
2992,0.24058718870218618
2993,0.2395097596123292
2994,0.25239685137166207
2995,0.22778489537250377
2996,0.24318728315066315
2997,0.24405692821326488
2998,0.22942191807142226
2999,0.21056086458094292
3000,0.2214425295808912
3001,0.19089517255694333
3002,0.2403799685935527
3003,0.19783291437466546
3004,0.3498573180883543
3005,0.24040285443347936
3006,0.33057773034267113
3007,0.28845108047468626
3008,0.23891242974985147
3009,0.2106264230324659
3010,0.2588489129870924
3011,0.21865522563716489
3012,0.2396154672693086
3013,0.21315395694066755
3014,0.25402560869625174
3015,0.25250082194963397
3016,0.2868093442448925
3017,0.25072000086926377
3018,0.26142329049982654
3019,0.22875336022087187
3020,0.26750136372519323
3021,0.23873946871836677
3022,0.20003112994920313
3023,0.3258131095491312
3024,0.2282810572960894
3025,0.23319291694568636
3026,0.2369422353118977
3027,0.21582807709100388
3028,0.23229034066266885
3029,0.2686278752366896
3030,0.2806737491652862
3031,0.2650825375436293
3032,0.22626512099416396
3033,0.30967424388224524
3034,0.20894597185899902
3035,0.2529836461223225
3036,0.31024509195232874
3037,0.2549424038388667
3038,0.22064517575676126
3039,0.23601961978864625
3040,0.28365585963571555
3041,0.2384838797501187
3042,0.2526433982442922
3043,0.23927524932003527
3044,0.2161596386199433
3045,0.19394903237500594
3046,0.22357672564003944
3047,0.2326843260105016
3048,0.21681784297313275
3049,0.28004531619395845
3050,0.22235341790512272
3051,0.20681462015185326
3052,0.22438665419341405
3053,0.30656078501158346
3054,0.27402106985338703
3055,0.20700122228975715
3056,0.2501804437837166
3057,0.2467921622164483
3058,0.24176603971997168
3059,0.2548672589273851
3060,0.23413854306738727
3061,0.3099128191111522
3062,0.2507218749185818
3063,0.268188050880698
3064,0.23206539388618003
3065,0.26589481364212253
3066,0.24210539649970733
3067,0.20425633029885237
3068,0.27783319729557193
3069,0.2882628300581603
3070,0.22767992268003978
3071,0.2407899734499193
3072,0.22181071337557295
3073,0.20859706611884485
3074,0.22145678549186154
3075,0.22742324933383748
3076,0.1872332445687772
3077,0.2315751062712691
3078,0.25500504773116117
3079,0.2318813589764422
3080,0.26337956260357825
3081,0.21838066776271636
3082,0.24884829235256045
3083,0.2348359052941686
3084,0.27261515201685305
3085,0.21733784046987556
3086,0.24998471814457202
3087,0.22246788900775194
3088,0.29130406728171904
3089,0.26545607856162595
3090,0.28101515530721305
3091,0.288320738498836
3092,0.3429271456783469
3093,0.25390590835139937
3094,0.25243926924900617
3095,0.23158534253414903
3096,0.25199473023782815
3097,0.2748377645192895
3098,0.21465381406890288
3099,0.20810947158380214
3100,0.22345993303000608
3101,0.2800271229365653
3102,0.25634978904947403
3103,0.22865451086591737
3104,0.28105309970140024
3105,0.26936368286394324
3106,0.2668142411142586
3107,0.2487510094057398
3108,0.2585707715327307
3109,0.2312821286523743
3110,0.1830366904960313
3111,0.24978181245848807
3112,0.22559515631594243
3113,0.26713011662388086
3114,0.18805298935245826
3115,0.25822486030231373
3116,0.29347731525538623
3117,0.21777624264672835
3118,0.1853601637793286
3119,0.26061964543132515
3120,0.24579262812017894
3121,0.24407621326812654
3122,0.2771994331449033
3123,0.25196938671987706
3124,0.234253477949833
3125,0.24610445017345006
3126,0.21692161262752335
3127,0.2557728325840755
3128,0.20848028211639008
3129,0.29156740420446653
3130,0.23619773719359863
3131,0.22852269665878966
3132,0.22259248279858226
3133,0.23651217878079142
3134,0.3525644687792861
3135,0.27907846898649197
3136,0.24016923341721208
3137,0.23846789422537337
3138,0.25182505569683616
3139,0.2601764946550412
3140,0.23599890895040132
3141,0.2304804199934564
3142,0.27504782906522335
3143,0.31610696675578914
3144,0.2880333494648585
3145,0.20888421917487543
3146,0.2280907343529026
3147,0.22448530876164635
3148,0.21899893124913722
3149,0.24248090668557823
3150,0.21677180238172786
3151,0.24532534206730233
3152,0.29379249847049105
3153,0.2466387270679504
3154,0.2362111446124236
3155,0.21259296398327895
3156,0.1963545580807783
3157,0.2778607774173925
3158,0.25667349042212356
3159,0.2828682396225134
3160,0.18665854797712367
3161,0.23190363826003974
3162,0.22999816252833835
3163,0.25890107296300063
3164,0.25685166047237473
3165,0.27055156655136153
3166,0.23946223818156365
3167,0.2682264472424563
3168,0.2963389858501199
3169,0.255246566661222
3170,0.2575374227514135
3171,0.2950040334540256
3172,0.2178185898645074
3173,0.24242402108995278
3174,0.2112612340764688
3175,0.26331564599806717
3176,0.2550188054790528
3177,0.2596695887107347
3178,0.25294869963007643
3179,0.31811018208966635
3180,0.3238639361403649
3181,0.3082104383906697
3182,0.24046177508739855
3183,0.23226977058861686
3184,0.2412248573016319
3185,0.2286361200332524
3186,0.23838908529990258
3187,0.271606498759678
3188,0.2962299595039041
3189,0.27271996315339164
3190,0.26063767227370366
3191,0.20903516295957802
3192,0.24612309893887455
3193,0.2171225545673457
3194,0.2382448932327176
3195,0.2467798659292318
3196,0.2469602838308076
3197,0.27574878133108865
3198,0.23691767712658768
3199,0.22936702169624207
3200,0.2607164233073564
3201,0.22609139671133757
3202,0.25299528625832307
3203,0.31254981129814885
3204,0.22929249623944262
3205,0.2238185058442793
3206,0.2750141930960454
3207,0.24421086014441507
3208,0.19163135406271536
3209,0.29711591733793224
3210,0.20876136855580554
3211,0.24888080192020948
3212,0.2015694442454189
3213,0.29019297389625015
3214,0.27933995037960047
3215,0.24979198919556675
3216,0.20054867034326948
3217,0.2736070875614
3218,0.32165570152725204
3219,0.2659754209815977
3220,0.24056543588542512
3221,0.22327784950257196
3222,0.21533438956489342
3223,0.2609963026494038
3224,0.20763464117279712
3225,0.31390688762892055
3226,0.21570265357094623
3227,0.4011647504031747
3228,0.27681215183506624
3229,0.25579051900103605
3230,0.25536723956531476
3231,0.25733824625624313
3232,0.2564478542258648
3233,0.27925991284082863
3234,0.24043542347549338
3235,0.2629121803213126
3236,0.21408629308748917
3237,0.2841674270561864
3238,0.2458691667023965
3239,0.2225189967640957
3240,0.23846492305378547
3241,0.3504727200898131
3242,0.2406597364977412
3243,0.23780348262757242
3244,0.23003995248983397
3245,0.2767652021791995
3246,0.2516622721191827
3247,0.26929060273997146
3248,0.24200947871415374
3249,0.24540592005086323
3250,0.2576304021171881
3251,0.245717340676235
3252,0.24235047127572543
3253,0.2526762930602877
3254,0.241858623827208
3255,0.2247541718413278
3256,0.2450482282208468
3257,0.2485175280837551
3258,0.24065794415244596
3259,0.2875955871146655
3260,0.23518377143320832
3261,0.26758574155214815
3262,0.2694714408567807
3263,0.22641573934825215
3264,0.2691787593383513
3265,0.24913339733970943
3266,0.2370057649400101
3267,0.27333897311671307
3268,0.2021306377038887
3269,0.22232935532056727
3270,0.17881739959458673
3271,0.24006395339810252
3272,0.2761824567494891
3273,0.23463761417860168
3274,0.23197103309024006
3275,0.2728336509587555
3276,0.25799118598204146
3277,0.30606875915235787
3278,0.3010833327571282
3279,0.25088252325296684
3280,0.33588672561007776
3281,0.21675663110672716
3282,0.2543505973287157
3283,0.22716194698087808
3284,0.24258104288051238
3285,0.2019280588808763
3286,0.2164509356002772
3287,0.2934637298444157
3288,0.2353288839706045
3289,0.2713806671839924
3290,0.31194214625184286
3291,0.22470896840894497
3292,0.21677410604184605
3293,0.2815260002185213
3294,0.27727650089437655
3295,0.27179444281074755
3296,0.28572513721511317
3297,0.20671094031909953
3298,0.2177045284532041
3299,0.27164009696621455
3300,0.2026092728159487
3301,0.22078240448142442
3302,0.27176683475581104
3303,0.27069319956659565
3304,0.18959136414306715
3305,0.30020667536575085
3306,0.22212686944534826
3307,0.26484380162428584
3308,0.25146100151345857
3309,0.29393649173059705
3310,0.21547046777773943
3311,0.23485301360781924
3312,0.3001236785040926
3313,0.25267602839083786
3314,0.24987483606394412
3315,0.22860751551160646
3316,0.2953741267682993
3317,0.24755353047592873
3318,0.2446004818005933
3319,0.2517901057748352
3320,0.23074842670244342
3321,0.2967090882134449
3322,0.24306781827843263
3323,0.27963105448965647
3324,0.30857765871133275
3325,0.3072793636070063
3326,0.2541396386826733
3327,0.20601508580673236
3328,0.24233686011138253
3329,0.26085164900379193
3330,0.28892607647084445
3331,0.25218433258936934
3332,0.24204712053762978
3333,0.21494009466559544
3334,0.26122054700046843
3335,0.2691894709630761
3336,0.23149863238983104
3337,0.3258037357897442
3338,0.23793949510056728
3339,0.2947222811941384
3340,0.2288814832124059
3341,0.23014662516739848
3342,0.19879181099567922
3343,0.22494646226169313
3344,0.2562528648320358
3345,0.25376111402481144
3346,0.3000288139054379
3347,0.3236704004399995
3348,0.21883722790523888
3349,0.19265133621278455
3350,0.24707013991665522
3351,0.2838271915100222
3352,0.2626126039994647
3353,0.32861371010765583
3354,0.27341715324499744
3355,0.2240923877259629
3356,0.23267012638830303
3357,0.2655542899311454
3358,0.2654834494912453
3359,0.3245603676498193
3360,0.33449395930997844
3361,0.24170399677814408
3362,0.2197294573464346
3363,0.3291251122529993
3364,0.29354976684738016
3365,0.31418157601415536
3366,0.20438793556662804
3367,0.23571979386661537
3368,0.23034481867664852
3369,0.19879543932978289
3370,0.2527454192845545
3371,0.26912536738513493
3372,0.2714206591367896
3373,0.26080554723589
3374,0.2162154421072444
3375,0.21029039280385006
3376,0.1886631867343832
3377,0.23009886495239007
3378,0.1801889510225425
3379,0.22198444542518952
3380,0.2301937083114178
3381,0.22229755303689003
3382,0.19938037179796136
3383,0.24217408974918986
3384,0.20854067080896646
3385,0.21678543338972728
3386,0.20142586084336833
3387,0.3429272567960966
3388,0.26854308725549153
3389,0.24583625342075469
3390,0.28472310537391615
3391,0.22506894286167317
3392,0.29193934872979704
3393,0.2298146976120663
3394,0.2550776500348711
3395,0.27917285068301867
3396,0.20932809624949797
3397,0.2157467749276811
3398,0.2343455463087759
3399,0.2731948809739714
3400,0.2433143862990187
3401,0.1954782503016753
3402,0.25230408508760355
3403,0.2680824151415464
3404,0.2222175747888075
3405,0.25182388077799284
3406,0.2914027860129703
3407,0.28487315845380046
3408,0.2392815661973214
3409,0.2693838083024381
3410,0.34872027165179675
3411,0.22750335701732852
3412,0.2625416342969484
3413,0.2023303151896714
3414,0.23106380794585493
3415,0.26795114720149865
3416,0.22980069347119153
3417,0.25898022563730905
3418,0.23555312357310074
3419,0.3701034481582461
3420,0.21813996142143324
3421,0.23559846009640392
3422,0.24581730502711346
3423,0.2045289296776685
3424,0.2273339507705673
3425,0.32250505710255106
3426,0.2184211063669999
3427,0.24193014407564167
3428,0.3169251852353895
3429,0.1944459736007355
3430,0.2559539975512168
3431,0.19370070256160737
3432,0.1949708793153115
3433,0.22844673898252452
3434,0.21288694938727754
3435,0.20939761260132048
3436,0.26864018618792496
3437,0.2645053979242215
3438,0.24263018595529762
3439,0.24307792826668512
3440,0.2199714485977967
3441,0.21960855206376745
3442,0.26925563124783825
3443,0.2674408261756647
3444,0.2806353115460987
3445,0.24094166826144464
3446,0.2588495476587234
3447,0.22916127733451414
3448,0.2822617761184353
3449,0.21739916255518968
3450,0.2421467578679646
3451,0.23822390360741405
3452,0.22741394079733143
3453,0.28252202212844735
3454,0.2880283757056957
3455,0.26050387365144223
3456,0.21813950999362855
3457,0.26197550973138717
3458,0.22196103092792493
3459,0.2349140393877541
3460,0.22985762856843614
3461,0.3222657328396709
3462,0.2233270776680996
3463,0.20746088850664116
3464,0.30107611676841334
3465,0.24822312016096204
3466,0.22983222001089726
3467,0.263366847229074
3468,0.2364161301191955
3469,0.19936755035601703
3470,0.22240763028284533
3471,0.18268920589016116
3472,0.27471982527884004
3473,0.2498593777200589
3474,0.19031190752268837
3475,0.2778473820315802
3476,0.2623916377520513
3477,0.24565219225219723
3478,0.2300058579417449
3479,0.20649872668969202
3480,0.24157892250224142
3481,0.21526642868347454
3482,0.2215341553960508
3483,0.32148005134525043
3484,0.29551442139347794
3485,0.2690689233616388
3486,0.2206486862352679
3487,0.216429225124652
3488,0.24777690659976823
3489,0.24932979797744498
3490,0.24505847175892473
3491,0.2613288964706857
3492,0.2564807313319209
3493,0.23192468151491255
3494,0.19851204340017983
3495,0.2765290301886431
3496,0.2522829984333651
3497,0.20064901304707286
3498,0.2203198631201798
3499,0.21173901878642537
3500,0.2757688430496604
3501,0.2563441445585586
3502,0.22351730672595985
3503,0.24415430827626056
3504,0.2563244651356352
3505,0.239420697215523
3506,0.24136359170620042
3507,0.25414908958889415
3508,0.2613364727141076
3509,0.2912507876686065
3510,0.25749802831972685
3511,0.21983726371483525
3512,0.3283308461113125
3513,0.25481476897558786
3514,0.2157995759309921
3515,0.2506444839398149
3516,0.2501257921610311
3517,0.2265797921277144
3518,0.21418967045088086
3519,0.21316153830913695
3520,0.24222510756534785
3521,0.22183616495340103
3522,0.21052403453286955
3523,0.22952798275608377
3524,0.22987546114926583
3525,0.2755624197463737
3526,0.23545005715456108
3527,0.2448135673482272
3528,0.2938931266733288
3529,0.24540176945110453
3530,0.24892389401501308
3531,0.25355748634140424
3532,0.2716382041146943
3533,0.21874649956953202
3534,0.21012037810872528
3535,0.24145935245612787
3536,0.24026651405640495
3537,0.24603626737692352
3538,0.2695120677956027
3539,0.2669859638895768
3540,0.2666035877699028
3541,0.19043666028409967
3542,0.23456516991733303
3543,0.22098007730735206
3544,0.2375750295808067
3545,0.26721805835028395
3546,0.24455451013321178
3547,0.23236675630844147
3548,0.25706114695515564
3549,0.3007329683105026
3550,0.268453094457319
3551,0.22859895100369004
3552,0.31927404382602576
3553,0.2619125031724022
3554,0.2401536606365205
3555,0.2616041513486811
3556,0.3050728566430292
3557,0.26508875504165796
3558,0.28858002520689074
3559,0.2515494407771872
3560,0.21016467962340252
3561,0.20544561006207918
3562,0.1910944654576192
3563,0.21095200694860844
3564,0.25270537756091255
3565,0.24349487048183655
3566,0.27178787862764836
3567,0.212849515598218
3568,0.19470635138245462
3569,0.29858999447022605
3570,0.23660694191143705
3571,0.21020084233974284
3572,0.1917408774440676
3573,0.2459480166954367
3574,0.21573454664949263
3575,0.23301747473300416
3576,0.24347745247860098
3577,0.22092066729982465
3578,0.27642971376914743
3579,0.21167725300525866
3580,0.20699055915508907
3581,0.21195089242386228
3582,0.2391980403522472
3583,0.24067913369985228
3584,0.2453524070706922
3585,0.24096189897138837
3586,0.24262173976252682
3587,0.24184984082082606
3588,0.20306551310230703
3589,0.252964486139041
3590,0.2638745025520344
3591,0.33848604340958227
3592,0.23292255574450052
3593,0.24655406405578204
3594,0.2244891898509132
3595,0.27564146743449325
3596,0.2384207166414456
3597,0.23459015517691176
3598,0.24468439137496661
3599,0.2543151586322997
3600,0.301993927440449
3601,0.28902960220462026
3602,0.1965333636774779
3603,0.25491465129038304
3604,0.24325170961777584
3605,0.24598759932847888
3606,0.2908342466983124
3607,0.25330086451456013
3608,0.23553772905648013
3609,0.2317482312079614
3610,0.23118503814683167
3611,0.2575158789044968
3612,0.23031652956708337
3613,0.2255588714249733
3614,0.3276648835815654
3615,0.2715594129786496
3616,0.23186775834244805
3617,0.2782185766402493
3618,0.3406332332624107
3619,0.3225875042814926
3620,0.24697764000220546
3621,0.26276411327133636
3622,0.2778716278826221
3623,0.22024880302221989
3624,0.28625018195253343
3625,0.2293803147009017
3626,0.215463993945545
3627,0.2834520930419995
3628,0.2910732037346432
3629,0.2474344003383987
3630,0.21476893019954335
3631,0.2772656562640649
3632,0.2434813113871235
3633,0.22511068256100306
3634,0.22834294000963457
3635,0.18483148838362787
3636,0.2578343418424066
3637,0.23477625811425476
3638,0.1955932045074372
3639,0.24785132696906984
3640,0.27277632388307477
3641,0.26388847117624376
3642,0.2661940262310481
3643,0.2356932057582628
3644,0.2670425075754981
3645,0.268309939010955
3646,0.24785988607539175
3647,0.2733422902917738
3648,0.2306875638486141
3649,0.23294020329276
3650,0.26004761985470626
3651,0.22603697594919786
3652,0.2251761348223693
3653,0.20013285470701891
3654,0.17968107665033092
3655,0.2817995112188578
3656,0.22880505361117126
3657,0.22113399748604326
3658,0.23916466618798712
3659,0.25579301493051726
3660,0.21171307399816472
3661,0.24905546832418402
3662,0.24603139962780288
3663,0.24251192673437455
3664,0.3295191827402894
3665,0.2286482345429375
3666,0.22362791700808354
3667,0.23832268511046661
3668,0.2623762643781708
3669,0.2523649045074552
3670,0.21255625955893348
3671,0.20768075081655676
3672,0.2496909538709597
3673,0.2100465152463442
3674,0.36384108455046804
3675,0.22382920984423788
3676,0.23140132209688696
3677,0.2776996131339549
3678,0.22089584218402047
3679,0.23046910310337684
3680,0.2455188562460442
3681,0.28681409194271207
3682,0.23752704753471882
3683,0.2548470061909176
3684,0.33772603475042356
3685,0.2747107416824897
3686,0.25073001806701556
3687,0.2170672300631004
3688,0.2548535272991825
3689,0.2681344473441554
3690,0.26198446434453304
3691,0.1733901738773035
3692,0.24922847803878323
3693,0.21104905193107337
3694,0.2433579459484857
3695,0.26429579162038236
3696,0.2371877471462992
3697,0.2585178448857659
3698,0.22764181205175543
3699,0.27418974204933294
3700,0.26136897718719104
3701,0.24547867797436632
3702,0.21505661713881646
3703,0.1915784788054625
3704,0.28536245877071187
3705,0.27592683380536
3706,0.2367172166431619
3707,0.22460359120652365
3708,0.2132065443143429
3709,0.25453561192611057
3710,0.2702283212898608
3711,0.28153461519071526
3712,0.23018692473824134
3713,0.25406024898374013
3714,0.23792335276604237
3715,0.26376365551858716
3716,0.24739832874461418
3717,0.2269511965939882
3718,0.25960879925429825
3719,0.23691110116858044
3720,0.3149269357010405
3721,0.23331043093539197
3722,0.21261280986878534
3723,0.1937003486852676
3724,0.32804050748376967
3725,0.22701738644578381
3726,0.24718699671419223
3727,0.23709443633716856
3728,0.2574084723746814
3729,0.23933764537448393
3730,0.2653211078135073
3731,0.25115413088627
3732,0.24837204945408975
3733,0.3409801565382669
3734,0.24389429578947286
3735,0.25666637470171216
3736,0.19888707749197707
3737,0.2500942225124608
3738,0.19444476239456468
3739,0.20570034613794883
3740,0.2317884721298885
3741,0.20018961873394653
3742,0.24044550615413354
3743,0.2902853533636737
3744,0.2790632805816976
3745,0.18795602057492483
3746,0.2367747144660911
3747,0.2837756226759868
3748,0.2204684558745197
3749,0.23173956817713057
3750,0.2867411653346661
3751,0.2735373440904533
3752,0.23989676188649622
3753,0.24875964039899542
3754,0.205638237693815
3755,0.25131630837165286
3756,0.20066536263684912
3757,0.17754314830735823
3758,0.22767336637967803
3759,0.24754236341295305
3760,0.27322245088277564
3761,0.27359498287780554
3762,0.21461117197793642
3763,0.2592219393017945
3764,0.2574466279523504
3765,0.31746067317800303
3766,0.2518725157776456
3767,0.3298664096350503
3768,0.2723524740433679
3769,0.34590649889201375
3770,0.23683266397444222
3771,0.20680378813220443
3772,0.25823719357848524
3773,0.2530960057883798
3774,0.3473603890877099
3775,0.24510107655794597
3776,0.27109719570925206
3777,0.21680742265192268
3778,0.24320280540331615
3779,0.20957818843796813
3780,0.23906267943054818
3781,0.2203456694899242
3782,0.2801525094299233
3783,0.2889893132861359
3784,0.24160490021688785
3785,0.29154086702808346
3786,0.2866553124575267
3787,0.23296776625587284
3788,0.2452683875786692
3789,0.23526523617911607
3790,0.24435522916785624
3791,0.21388056420913118
3792,0.25180303637186363
3793,0.2495420112550408
3794,0.2392488736219081
3795,0.23104511089032242
3796,0.30096888581708137
3797,0.2463500656453134
3798,0.2244181235804113
3799,0.2423700546958382
3800,0.24100065138057605
3801,0.23369104825949708
3802,0.23943002998297513
3803,0.20980811762335663
3804,0.2703131027521155
3805,0.2271082076601464
3806,0.25362825981735054
3807,0.25847848275830104
3808,0.2574154183603315
3809,0.26862919334935237
3810,0.3062993240399001
3811,0.20418867511679747
3812,0.2392376372106178
3813,0.3079194495640566
3814,0.24888293185770613
3815,0.24193227779703294
3816,0.25116763316806356
3817,0.2265630101635668
3818,0.21719814742854007
3819,0.25553169158222766
3820,0.3536077343607311
3821,0.26032413211044775
3822,0.2707138989130523
3823,0.25313291373684776
3824,0.21779482465043754
3825,0.38485268940677664
3826,0.2428551367108022
3827,0.2344300571813948
3828,0.27741726577161474
3829,0.23346710297930987
3830,0.22590618867905973
3831,0.25723373135121325
3832,0.270264332183212
3833,0.26058284442522045
3834,0.20276110499908317
3835,0.260102053761643
3836,0.3231121168201347
3837,0.2526704060161571
3838,0.2466767362121089
3839,0.29567250538914563
3840,0.29182938215851
3841,0.20572257861386983
3842,0.2923644538329692
3843,0.24032192280485618
3844,0.23430557542227057
3845,0.21917106548498888
3846,0.21235437061392576
3847,0.20117600526829574
3848,0.25041702819617745
3849,0.20957742812431412
3850,0.27800406439712094
3851,0.18457200610409913
3852,0.23915135045472574
3853,0.25002310024979224
3854,0.2260453566609621
3855,0.20459887916289698
3856,0.21278187243034147
3857,0.22246765797207868
3858,0.2816038503388809
3859,0.24304006576407478
3860,0.30881400868862613
3861,0.269358105663002
3862,0.3143662085170204
3863,0.21870965975366422
3864,0.3800915499530575
3865,0.23668571089215715
3866,0.24021816077237518
3867,0.22845398599568628
3868,0.2346646021130046
3869,0.28878546743154987
3870,0.29174905742353513
3871,0.23359006759545728
3872,0.2908746744098663
3873,0.2774788057860627
3874,0.2193206517925024
3875,0.1869592634338057
3876,0.24230153843571461
3877,0.2349253894543549
3878,0.2807927795889175
3879,0.31103459999379585
3880,0.3535534131001917
3881,0.19503318036417067
3882,0.2633428410916621
3883,0.24827649924322903
3884,0.2351099727711732
3885,0.25001931222028567
3886,0.24305137844984268
3887,0.19176894144630907
3888,0.2788197084637401
3889,0.2400075976074461
3890,0.2426995818019949
3891,0.2240618781033037
3892,0.25440877704740106
3893,0.19832995470203257
3894,0.331091949003534
3895,0.269927290039792
3896,0.23561553493477155
3897,0.28031060085347953
3898,0.20250796860698472
3899,0.2319374490503629
3900,0.2505676271852379
3901,0.30858016537113653
3902,0.27884699765962495
3903,0.31127804750556876
3904,0.21733296228074092
3905,0.23752175179303028
3906,0.3043282816506853
3907,0.2400298025840859
3908,0.2402352555525075
3909,0.25459372126444924
3910,0.2160303533315407
3911,0.3305101705272601
3912,0.2593235774877953
3913,0.189654203357141
3914,0.26209610229976327
3915,0.2912099278778019
3916,0.2392007367079949
3917,0.3053577831539606
3918,0.2529076995946549
3919,0.2453090338111753
3920,0.2102777845063312
3921,0.26527748795422174
3922,0.24625492867207
3923,0.23235586194334779
3924,0.2606244679508111
3925,0.23923948038371085
3926,0.25719573672291557
3927,0.22284358380737612
3928,0.2595980271557092
3929,0.28932969144882564
3930,0.33165994226821316
3931,0.2509534040505138
3932,0.32256642000777275
3933,0.2009332437636028
3934,0.26143745229196624
3935,0.30032173723702377
3936,0.2744788438349449
3937,0.2386302395815026
3938,0.2258738651343789
3939,0.2997156722837491
3940,0.2921216889058494
3941,0.193800941863196
3942,0.28856471220819574
3943,0.3263493879148128
3944,0.23787603875002306
3945,0.22298420647117487
3946,0.1897104469147642
3947,0.29572942551980264
3948,0.23913145046126305
3949,0.2867977708228693
3950,0.17263062527885464
3951,0.2700719813937396
3952,0.22874000057085986
3953,0.28400567620640443
3954,0.2572594492009788
3955,0.24896331270344102
3956,0.28244213391778
3957,0.24871916999125215
3958,0.2911853469733609
3959,0.21223323479495518
3960,0.2287521266712111
3961,0.22148743303318644
3962,0.20116438359671662
3963,0.26893577634358656
3964,0.22141938504611777
3965,0.22619304519924202
3966,0.2383210198428063
3967,0.19375778456265638
3968,0.2395451209914959
3969,0.2689614448685041
3970,0.3128468504921099
3971,0.25527592093293316
3972,0.2861953045219175
3973,0.1995714244133797
3974,0.24880914951515548
3975,0.25464045848845795
3976,0.244234562564985
3977,0.22905960538276796
3978,0.21472177876579235
3979,0.264185553847592
3980,0.24431756352936723
3981,0.2574424287144211
3982,0.23697293143029372
3983,0.2140009482736243
3984,0.3045777382717843
3985,0.279775074638388
3986,0.2238602913001002
3987,0.25948544853650163
3988,0.30137475879940834
3989,0.2447639143775919
3990,0.19457504298315825
3991,0.26262753362203456
3992,0.26288361358322293
3993,0.2619917525624835
3994,0.22130570322687815
3995,0.24901952064244665
3996,0.219149862335059
3997,0.31747091626258483
3998,0.2223939884851873
3999,0.22191840999721818
4000,0.22991589948126415
4001,0.24024285349933144
4002,0.258534983368712
4003,0.24898527558027045
4004,0.22666066764702214
4005,0.2129906504470499
4006,0.22236251494276021
4007,0.19142887849772988
4008,0.32376612634950014
4009,0.218512930077077
4010,0.24281944217398405
4011,0.20930047736247331
4012,0.27359361093916923
4013,0.34907524263384593
4014,0.20980876150848873
4015,0.23099313095135923
4016,0.23989459490443188
4017,0.24383506764010857
4018,0.257743653514957
4019,0.2767971187739893
4020,0.2581122948206937
4021,0.28438045453647504
4022,0.21529390607040558
4023,0.2927894429253253
4024,0.2109059277078461
4025,0.23373708610141317
4026,0.23545933994603221
4027,0.23474373972561297
4028,0.2243455959498448
4029,0.21588435908557127
4030,0.2768033754150587
4031,0.2404191903910912
4032,0.2642191354939233
4033,0.18374321192376986
4034,0.2741378251912232
4035,0.22626363493708398
4036,0.33087837195491426
4037,0.18657114870655014
4038,0.23737918362893906
4039,0.23503511841863312
4040,0.2426784449513883
4041,0.2617029966003582
4042,0.2582767516016644
4043,0.2666866188613131
4044,0.2350257502752685
4045,0.3128520374326385
4046,0.27994499281844293
4047,0.26848069388070017
4048,0.37538141302943245
4049,0.2434348851385691
4050,0.20284567086540278
4051,0.23309956134368062
4052,0.2490716520038505
4053,0.23884421555206842
4054,0.2819511233497512
4055,0.2621636890906518
4056,0.17373125203707507
4057,0.21718598893405033
4058,0.23207296687788448
4059,0.22641647323035624
4060,0.20810749330437137
4061,0.2704839502298106
4062,0.23201687786656477
4063,0.2802595069165149
4064,0.23219566238559677
4065,0.25583466520002024
4066,0.2022537783146737
4067,0.33456268572541314
4068,0.25636497057284796
4069,0.2847577542114209
4070,0.2601219733868132
4071,0.22991797711539272
4072,0.25748503035761483
4073,0.20138841603290175
4074,0.26987818730875773
4075,0.2382355916921566
4076,0.18503696586936882
4077,0.2002145808962599
4078,0.21311650577640595
4079,0.23112607078680647
4080,0.24633763074390547
4081,0.2894005929451801
4082,0.24989359662225855
4083,0.23329055602182844
4084,0.28081049374284994
4085,0.25158600287829547
4086,0.2802584876223939
4087,0.3264479281861263
4088,0.2597547525464489
4089,0.229295899769056
4090,0.23620030511428383
4091,0.2563446966008998
4092,0.22500279758252445
4093,0.24077815144692857
4094,0.27861757275486854
4095,0.2407685339725412
4096,0.25609753866747687
4097,0.23147199657670994
4098,0.31099966035915194
4099,0.24647711181924892
4100,0.2226265609122006
4101,0.22219254561976234
4102,0.20960245426698432
4103,0.2611046181467147
4104,0.2057528312708333
4105,0.2557332779668732
4106,0.2380648382241681
4107,0.21436860928929635
4108,0.26644563170771524
4109,0.26976730040901714
4110,0.25930581289723315
4111,0.23225596018919625
4112,0.2312951107062771
4113,0.23783860318567315
4114,0.2529867146993512
4115,0.2976592628300561
4116,0.2523652651549401
4117,0.30671670738497303
4118,0.21077109186978232
4119,0.27869405759922855
4120,0.2660545567463925
4121,0.22997946560885768
4122,0.2163942746652336
4123,0.33418394086471637
4124,0.3079964139683528
4125,0.19452247450100893
4126,0.27505344758258243
4127,0.1793865989311887
4128,0.2642353152586281
4129,0.3195832931595038
4130,0.2153357394316407
4131,0.250967619843576
4132,0.23868840467894697
4133,0.19282845512500896
4134,0.2877165846979503
4135,0.2975879692911018
4136,0.25268914593993835
4137,0.2883456767599769
4138,0.3047793930450403
4139,0.23232931640496968
4140,0.2411542790037069
4141,0.330420713492852
4142,0.23332708974343014
4143,0.1953845553996987
4144,0.23362439185937903
4145,0.2591823334494553
4146,0.26295767876647347
4147,0.19661122146481536
4148,0.2890170842157909
4149,0.2661392455683994
4150,0.28527428281038897
4151,0.2665906992935401
4152,0.26897311805111607
4153,0.33929130029514587
4154,0.27130369657400444
4155,0.24023153672683287
4156,0.2399774728139353
4157,0.25331578374538244
4158,0.22742891957862946
4159,0.2682940693113765
4160,0.2179099445159417
4161,0.2417799248132389
4162,0.26656956096098905
4163,0.2442952870507591
4164,0.2716545203287212
4165,0.26006118297785075
4166,0.3148275703904578
4167,0.27908113299619464
4168,0.2254194127844619
4169,0.2273146592751278
4170,0.20851842094697043
4171,0.2606822625116777
4172,0.21549905371703112
4173,0.25562099547765577
4174,0.28827489086333885
4175,0.2526768052373676
4176,0.3089512697703679
4177,0.24232430185493642
4178,0.3417970281076604
4179,0.23420766571333138
4180,0.2028485143255614
4181,0.26746490989376426
4182,0.21706959722927
4183,0.25981958132268135
4184,0.22103697010220355
4185,0.29355736584167097
4186,0.24968667334829853
4187,0.28092410983961225
4188,0.21991302683143282
4189,0.2316554343807024
4190,0.24755539517922395
4191,0.2540065871945327
4192,0.2461892713645358
4193,0.20680056588839396
4194,0.22332458327365032
4195,0.3285849627616193
4196,0.31827875219428453
4197,0.22779218060429648
4198,0.32243461590039635
4199,0.1991463157521446
4200,0.22389361435127383
4201,0.24900493571755686
4202,0.1926990612520188
4203,0.21049919372953665
4204,0.27912059814710777
4205,0.3098247437446157
4206,0.20500887076194732
4207,0.2603286088988571
4208,0.26740720173823673
4209,0.23410015623499456
4210,0.2593977385953104
4211,0.20396709473375807
4212,0.2644534458205064
4213,0.27023339394460966
4214,0.3058014103771731
4215,0.22384435989754348
4216,0.24143033567492014
4217,0.2200426796110304
4218,0.20932520613528527
4219,0.18899131394101612
4220,0.2508896357224674
4221,0.2513657786265619
4222,0.26128517471502366
4223,0.29149577237228697
4224,0.23897662901311084
4225,0.3269438745978318
4226,0.2732659074028706
4227,0.21732911245544884
4228,0.23769829512631302
4229,0.26832301098388184
4230,0.23290879334893336
4231,0.25404435631822747
4232,0.2618526617760731
4233,0.24794272670956252
4234,0.19388383448770352
4235,0.21158788585661245
4236,0.2178604159843275
4237,0.26441468005730706
4238,0.23212222001846364
4239,0.28049225918699966
4240,0.2376558136028597
4241,0.23496493461000192
4242,0.29445514483087454
4243,0.2512907626338537
4244,0.25646598792724973
4245,0.28701789571413805
4246,0.23646837488973282
4247,0.25301270919477403
4248,0.2230066768375062
4249,0.2632674670569748
4250,0.2524319858420426
4251,0.26377819592851254
4252,0.2588963255696995
4253,0.23306812564707086
4254,0.22506221828527795
4255,0.22425460498373553
4256,0.25990056051901644
4257,0.24693160349653984
4258,0.23727040708160968
4259,0.24967837557747777
4260,0.25094288944243365
4261,0.2855005233317653
4262,0.21520082791842082
4263,0.23122786562787995
4264,0.22663463503022763
4265,0.2464808380038638
4266,0.2103569330832017
4267,0.17978605965664018
4268,0.2155790285349997
4269,0.24950750097410854
4270,0.24153359960336693
4271,0.27797028108559235
4272,0.23336810095467472
4273,0.20572854888115186
4274,0.2276252683877369
4275,0.2197568699230218
4276,0.22631332107913435
4277,0.20948552271404486
4278,0.24752157968809754
4279,0.24814798215079625
4280,0.22687856889689656
4281,0.24252113383861473
4282,0.2686278466852805
4283,0.20018520181092467
4284,0.26267400465976165
4285,0.29985879269956195
4286,0.23121562462011144
4287,0.2749427279763664
4288,0.2685084516341453
4289,0.30505922563587484
4290,0.2940690877160947
4291,0.2875040665629221
4292,0.32031973441579403
4293,0.20499722653348948
4294,0.2924811276376394
4295,0.24846653538400645
4296,0.1778740739119287
4297,0.22895226235189337
4298,0.2532793806535258
4299,0.2548120507451612
4300,0.2547597082445861
4301,0.23262098483854024
4302,0.2584603918695817
4303,0.22859409204658696
4304,0.18751452766707044
4305,0.23432132544870304
4306,0.21904153404764667
4307,0.2508306208458311
4308,0.3363548739384981
4309,0.313847202692471
4310,0.24373996644640153
4311,0.26235457015059704
4312,0.2908510235507014
4313,0.263557826846842
4314,0.2655821777230775
4315,0.20785169217412378
4316,0.19252506546594034
4317,0.23667959686523973
4318,0.2708311546244558
4319,0.2322096078959108
4320,0.2189608449523175
4321,0.2540910213266755
4322,0.21410686968258244
4323,0.2264910572280211
4324,0.2184789161084227
4325,0.3287058018114858
4326,0.17535617827453573
4327,0.22297676456064489
4328,0.3158489584457742
4329,0.24406658303094345
4330,0.24529620362755694
4331,0.2701255999961017
4332,0.24916508512650234
4333,0.23947999567413175
4334,0.23285437504673276
4335,0.1768016357151208
4336,0.2331206683670087
4337,0.25162832027624893
4338,0.23004680663011826
4339,0.2722381405436335
4340,0.20717465035412244
4341,0.22690560233666285
4342,0.2045167465373663
4343,0.26823346925316677
4344,0.3367828407068915
4345,0.23811350012236562
4346,0.24267517030386224
4347,0.24751578882514205
4348,0.3495331660590589
4349,0.2730557834706716
4350,0.220558556714838
4351,0.24144086822420407
4352,0.21446315742203642
4353,0.23738573056570803
4354,0.2649947562850319
4355,0.21940310374345082
4356,0.2620097069461441
4357,0.2189999973908125
4358,0.2282064810180949
4359,0.2486437253284732
4360,0.273953445766714
4361,0.3128215781253354
4362,0.20337820298827153
4363,0.20226368820818297
4364,0.21214667104692564
4365,0.23629751694651172
4366,0.23496871175670328
4367,0.25639767670368424
4368,0.22303312011565896
4369,0.26084505384675777
4370,0.24708711346853396
4371,0.2729593889841818
4372,0.24183499024538627
4373,0.28375903522559354
4374,0.18803932162373943
4375,0.18661083767180617
4376,0.2812599042821895
4377,0.3375877622913414
4378,0.29419605406733723
4379,0.2122237092794
4380,0.23995969602033493
4381,0.23812068123329738
4382,0.27344343362244966
4383,0.27969512855813505
4384,0.25452504723262065
4385,0.243119629551318
4386,0.3017326479235406
4387,0.2656276700115267
4388,0.23412463549534684
4389,0.2817645902516111
4390,0.26265743721248125
4391,0.2595351074213024
4392,0.2186570391475623
4393,0.22412012704121967
4394,0.20774380629997993
4395,0.276094455183514
4396,0.26606742635899683
4397,0.25448220096714025
4398,0.21680426912941994
4399,0.20871638205220647
4400,0.2211325934978532
4401,0.30830850392660736
4402,0.2244931269754544
4403,0.23483934206036855
4404,0.20845199982509335
4405,0.2720797213965425
4406,0.25042455901807087
4407,0.20808088697402913
4408,0.22978600405763158
4409,0.18791356314302723
4410,0.20761580694218978
4411,0.24278739682274342
4412,0.3086130122173188
4413,0.3470081014479243
4414,0.26304400858343663
4415,0.34734536413131273
4416,0.24851860104729626
4417,0.28727140834393805
4418,0.20680946686842414
4419,0.23846603665251354
4420,0.2262270493942773
4421,0.2378898108377586
4422,0.20819596020129294
4423,0.2951890693149402
4424,0.2700077059483825
4425,0.34025880586538665
4426,0.19970979367521313
4427,0.26541959731310155
4428,0.24834687639629127
4429,0.3047390051873659
4430,0.21370559778258946
4431,0.2503776654058815
4432,0.22891124004186075
4433,0.25699320438331147
4434,0.3380429168894698
4435,0.2821617884495854
4436,0.2597452275740223
4437,0.23258734551775923
4438,0.23039086118450003
4439,0.26613505912010094
4440,0.1902344317210315
4441,0.29470828279512823
4442,0.2492251080599338
4443,0.21230933129594645
4444,0.24359266538456617
4445,0.30081471429252854
4446,0.22597037375099918
4447,0.2520050621462408
4448,0.2400220980788124
4449,0.23973081665879306
4450,0.3272523825375659
4451,0.3538110039996783
4452,0.29471344069225863
4453,0.22878765080512756
4454,0.20477237084718863
4455,0.24580717815121203
4456,0.28125683133787327
4457,0.27537300989134517
4458,0.2669667270369006
4459,0.26804616842560997
4460,0.24976058062637171
4461,0.2616577127733482
4462,0.2477471912934457
4463,0.23411328536988202
4464,0.3388962100679166
4465,0.20241675159157982
4466,0.28294449168290847
4467,0.2728693942411766
4468,0.23098743895029514
4469,0.27069244490055433
4470,0.2532834017992215
4471,0.2730416658769665
4472,0.22928497866814776
4473,0.23648067605517414
4474,0.23979362377481925
4475,0.22784551673313005
4476,0.24813881718518377
4477,0.2246857005669782
4478,0.2732446133732306
4479,0.20345824019091507
4480,0.2335769391734644
4481,0.2997538356833238
4482,0.2273865358179046
4483,0.21178431381975482
4484,0.2572084901278127
4485,0.24860096874511597
4486,0.24524499397975388
4487,0.2152633560050161
4488,0.24054549202034456
4489,0.2588429761377315
4490,0.2793255504703419
4491,0.2290654443281476
4492,0.2090211042800262
4493,0.21584018675698258
4494,0.2766488928392946
4495,0.31330272907118606
4496,0.24021127734789796
4497,0.2833645868913964
4498,0.22644831062776827
4499,0.272378657672637
4500,0.2450448854192333
4501,0.2107977514241755
4502,0.24321817697731493
4503,0.2400775816268453
4504,0.2383057281403349
4505,0.26615789715162164
4506,0.24599641149200532
4507,0.2157669498728614
4508,0.2230757961361851
4509,0.21469566775643287
4510,0.3048515910098134
4511,0.24156436325327266
4512,0.34884192399289554
4513,0.20886310408899927
4514,0.24982242904074778
4515,0.24195682358470785
4516,0.23613468717760094
4517,0.2649821790210361
4518,0.2582079212499628
4519,0.24252267301325195
4520,0.28079342847330113
4521,0.2394870443658796
4522,0.24429851426978813
4523,0.24489540137385465
4524,0.25352524846005225
4525,0.22826691451852216
4526,0.23856298333313747
4527,0.2850793970745086
4528,0.267806181469544
4529,0.28632327794570983
4530,0.21077722152227013
4531,0.29049145784065067
4532,0.2326966286765215
4533,0.34172244824621795
4534,0.2318162314935049
4535,0.22212680514122127
4536,0.21028169231220112
4537,0.21299778933238897
4538,0.2727534820780674
4539,0.2194978910757669
4540,0.2765461079820986
4541,0.21914368531218936
4542,0.2426931495891948
4543,0.22946283782804686
4544,0.24328079444563752
4545,0.25977456844562896
4546,0.21980535155178788
4547,0.2691078104984676
4548,0.22741459251851223
4549,0.2802222244214764
4550,0.2720452743014936
4551,0.30411289850553297
4552,0.2306123236917781
4553,0.22805247930154407
4554,0.21294296120348893
4555,0.2894451609792655
4556,0.23004474147310885
4557,0.2198656901400164
4558,0.24487171473049724
4559,0.27082483765507764
4560,0.28440644854762787
4561,0.2536361546031203
4562,0.2840417000119081
4563,0.25207765595067794
4564,0.25573209710062733
4565,0.2232121339318291
4566,0.2638165806390954
4567,0.2581881084343211
4568,0.2627820173742079
4569,0.31176182487983456
4570,0.245431219611928
4571,0.26897805732908375
4572,0.2580661788200912
4573,0.29095206246416866
4574,0.22326756920011995
4575,0.23144841217088302
4576,0.26018143812073763
4577,0.27414406808785596
4578,0.24542218567227717
4579,0.230706238692127
4580,0.20581149272405677
4581,0.231044633997289
4582,0.2312822457014195
4583,0.18973909257087873
4584,0.21418261898872942
4585,0.27657824161902683
4586,0.24774874465773733
4587,0.29132281197499416
4588,0.2515092895832236
4589,0.2766740152728356
4590,0.2824489283443934
4591,0.25658208487370365
4592,0.21253627620105972
4593,0.2149759679122072
4594,0.23211994321264795
4595,0.2962511658523322
4596,0.21490366292827962
4597,0.25481855258908803
4598,0.33228245389759076
4599,0.22496643879491982
4600,0.272913865906976
4601,0.2182157395653218
4602,0.1932452679517521
4603,0.2954219632823616
4604,0.21016384750815947
4605,0.23305954676233429
4606,0.2162176353268237
4607,0.2193143164370113
4608,0.3148562414826605
4609,0.2693589852398173
4610,0.2459733972544097
4611,0.18709451021771492
4612,0.22445128824108138
4613,0.2423318384141791
4614,0.2222539722260163
4615,0.24226678884213756
4616,0.27120000144288503
4617,0.28475310522424246
4618,0.24869059644625877
4619,0.29278710519302237
4620,0.21013042313002042
4621,0.2810343687714133
4622,0.23548538823911613
4623,0.21457109534586333
4624,0.2626370289139364
4625,0.2419066502626329
4626,0.2252963363706898
4627,0.23981544187219134
4628,0.20577205490662748
4629,0.1928691259534699
4630,0.24903403255335932
4631,0.1938360269193146
4632,0.21537449317470123
4633,0.2610822616993054
4634,0.22617573949909167
4635,0.254946917095128
4636,0.2008818242205866
4637,0.23745070101646237
4638,0.28680040374364424
4639,0.22596273129508332
4640,0.18505595487713633
4641,0.2507726217195637
4642,0.21004407420007312
4643,0.27086207163999954
4644,0.20069164188738015
4645,0.22739909311258155
4646,0.2780781167427715
4647,0.28890468409983894
4648,0.24680267793073982
4649,0.22449416910960135
4650,0.2275594556245083
4651,0.3103351043737
4652,0.26470040000827944
4653,0.20682774376203572
4654,0.34387960168336457
4655,0.26556040319940827
4656,0.19906312072037655
4657,0.21285002915352766
4658,0.2695628893482018
4659,0.25288043210104766
4660,0.22079481063147702
4661,0.280183915418558
4662,0.1903797966087539
4663,0.2337516233454941
4664,0.249327201686855
4665,0.2815775463437549
4666,0.21728062192196998
4667,0.21491137968661964
4668,0.19837955067771018
4669,0.29041486891923196
4670,0.30327833255583136
4671,0.22886834955927476
4672,0.26152778061565696
4673,0.20732140913519773
4674,0.26129505123691577
4675,0.2246847498483557
4676,0.20652535601226296
4677,0.25387362551006043
4678,0.2704052125168372
4679,0.21809995488778558
4680,0.1856647921425418
4681,0.230371744606411
4682,0.29849901216555086
4683,0.265267861857799
4684,0.2634798235834169
4685,0.2516983848536877
4686,0.262363430689103
4687,0.2794938806795207
4688,0.22370212673200376
4689,0.3407459936270401
4690,0.2938689073313733
4691,0.2403385800710252
4692,0.34266743803339794
4693,0.26597995797132573
4694,0.24645798178955472
4695,0.22520384535515153
4696,0.2156120283114667
4697,0.20427036064393028
4698,0.28577351575205634
4699,0.24995132532509165
4700,0.24636596989035814
4701,0.24947907552670306
4702,0.25864652283282996
4703,0.30647315720489493
4704,0.23168759727785795
4705,0.2216462842205851
4706,0.2975446623680479
4707,0.3735444569953587
4708,0.19391671932716684
4709,0.2314468425508969
4710,0.21419665380134234
4711,0.2916400453892874
4712,0.2656142949851415
4713,0.2831297962911494
4714,0.23611746724990734
4715,0.2948311157540197
4716,0.24006323066094373
4717,0.2860159824031946
4718,0.23217766073648086
4719,0.22359573425291573
4720,0.25732673546309
4721,0.2540392500844516
4722,0.27463255915169893
4723,0.2695442020868914
4724,0.21315642280365046
4725,0.2003780825761633
4726,0.2895668496125437
4727,0.24624399291225096
4728,0.2369227011891173
4729,0.258976389709911
4730,0.2891514273609594
4731,0.2805933923945865
4732,0.24836561221906045
4733,0.24162838060843284
4734,0.22994806791766573
4735,0.18351287530888827
4736,0.3173080576637683
4737,0.2216662494934989
4738,0.2004561898185258
4739,0.23505870729495099
4740,0.23172884762880802
4741,0.3522889075059701
4742,0.26169422389830294
4743,0.251540786171668
4744,0.2628144719943014
4745,0.20986356760522182
4746,0.22139037929729677
4747,0.21337953855363886
4748,0.2261533837957558
4749,0.2040517388156402
4750,0.2146048711791531
4751,0.23495625330595923
4752,0.19639618926229183
4753,0.19995942952141993
4754,0.25741387209374417
4755,0.23781615931078584
4756,0.25492638824191904
4757,0.2692252221624923
4758,0.2505071765883914
4759,0.27966894465999875
4760,0.24209799009186847
4761,0.27443085673530604
4762,0.2816723885222705
4763,0.21564215541406467
4764,0.2080140141563714
4765,0.26652003041585864
4766,0.2909893963417338
4767,0.2739039649026734
4768,0.23547057048017966
4769,0.2685937476665464
4770,0.22578193006478212
4771,0.2359114968967979
4772,0.26069906256354525
4773,0.2142021094686811
4774,0.2686570104884681
4775,0.3151720243368283
4776,0.23644544857343422
4777,0.22032809032812598
4778,0.23549966963562774
4779,0.2152730145636643
4780,0.2404080463317281
4781,0.1950448482641965
4782,0.2940925461163028
4783,0.22537291371203655
4784,0.2143756579513939
4785,0.21508232685892212
4786,0.2206644993835339
4787,0.22678118150298146
4788,0.2968646867575115
4789,0.22780876952090412
4790,0.2558981983227527
4791,0.277746035600088
4792,0.25227381786277225
4793,0.26284637029339136
4794,0.28223976328017913
4795,0.28181630345692676
4796,0.20752092216289325
4797,0.27851261765517843
4798,0.21692328191346041
4799,0.21832608873433199
4800,0.27019402432614764
4801,0.20899627476721022
4802,0.2623251859933855
4803,0.23535720958146877
4804,0.21678631507322124
4805,0.24997189176941628
4806,0.2531538450967921
4807,0.2213370739664739
4808,0.33644633205066354
4809,0.23394984133926355
4810,0.24031987345505548
4811,0.24770029154210949
4812,0.32721340080769223
4813,0.22261418169676225
4814,0.24806663909674026
4815,0.2754414980478409
4816,0.3294576703800801
4817,0.29187797865961024
4818,0.25885458239151127
4819,0.27403831103195886
4820,0.23120046790706725
4821,0.3705283904431471
4822,0.25853219788014853
4823,0.2408780831030016
4824,0.2326204304584922
4825,0.2070411839871387
4826,0.20128563374389638
4827,0.3195509392587505
4828,0.24388432578038938
4829,0.2641616388124415
4830,0.20378208964981018
4831,0.1987254958888513
4832,0.2804140719389142
4833,0.23549890877254642
4834,0.25619980490653943
4835,0.2598142017572034
4836,0.3300605022600666
4837,0.30850830904807974
4838,0.18642265209463932
4839,0.2509520027029175
4840,0.24956603230754407
4841,0.2501608309032079
4842,0.2581318255514653
4843,0.24809262009022312
4844,0.23850690850381742
4845,0.2711263717903074
4846,0.22388655544741623
4847,0.26209419638617204
4848,0.25229736920683266
4849,0.23593850506065367
4850,0.2683617862219694
4851,0.2029369552437574
4852,0.23641537746125282
4853,0.20866988741839188
4854,0.3085130951647687
4855,0.20446644103762424
4856,0.2524302893740578
4857,0.2538936079266565
4858,0.24882600920711
4859,0.21098760823090174
4860,0.30717727699816394
4861,0.25609338790360986
4862,0.2370706787307956
4863,0.2034984966707921
4864,0.21319532216745704
4865,0.2569913659166322
4866,0.24653815634145765
4867,0.23477700166952623
4868,0.32307046985417753
4869,0.21272462614781476
4870,0.21908334140129385
4871,0.2863158003789657
4872,0.22877073261609837
4873,0.2224931835123075
4874,0.24973565688606206
4875,0.23089603759062036
4876,0.2523234010781358
4877,0.22717890223158993
4878,0.2604793873499556
4879,0.24001603973517213
4880,0.24494949585814765
4881,0.20973651991405112
4882,0.2487215407083767
4883,0.20071895645556836
4884,0.23828382388859035
4885,0.24137069851778237
4886,0.23476792516956246
4887,0.2773571585495828
4888,0.2419341896288722
4889,0.1793452333776547
4890,0.25063395065573285
4891,0.2602880690827166
4892,0.2578363832352686
4893,0.24518672766287053
4894,0.2941080464161512
4895,0.31925855498346717
4896,0.23429906903401937
4897,0.23999536156878562
4898,0.21685758661369509
4899,0.3059533831583023
4900,0.24694284836027822
4901,0.3052601442984279
4902,0.2587651249956453
4903,0.22896935918941602
4904,0.20639987330386866
4905,0.2711151470629168
4906,0.2243776167362516
4907,0.22588045117027092
4908,0.29124198204137064
4909,0.2348504499917344
4910,0.2232259593681653
4911,0.29988952263141144
4912,0.23246306023109412
4913,0.2522398823869611
4914,0.3023026785531018
4915,0.2085441343367796
4916,0.19875445517168952
4917,0.18595503396694343
4918,0.25844906089854586
4919,0.2592426659482052
4920,0.21789568177407126
4921,0.2643829124130322
4922,0.2566952395752495
4923,0.26637117410665484
4924,0.25616825307495095
4925,0.1997075180887373
4926,0.22954033219715386
4927,0.24691032746973393
4928,0.272678549428129
4929,0.23509883729657868
4930,0.21466376267638806
4931,0.25201796025342005
4932,0.242994457421953
4933,0.19496692309433136
4934,0.23507582874476812
4935,0.3100759138279785
4936,0.24126393495484766
4937,0.23271580972613842
4938,0.24714635697292603
4939,0.2614232838231808
4940,0.211584601448917
4941,0.2565114962743279
4942,0.28622416008710005
4943,0.35389902229058406
4944,0.2485776755554193
4945,0.24042257663297048
4946,0.3106324670433419
4947,0.27042117440863167
4948,0.28561186873163713
4949,0.28367056089803655
4950,0.18505992386271677
4951,0.30094116232791757
4952,0.33228397443089763
4953,0.2222791291344741
4954,0.19768017961156012
4955,0.22312798117379112
4956,0.2136305198065813
4957,0.2537837122177366
4958,0.23596021215573237
4959,0.22705196219039875
4960,0.28295588989240145
4961,0.30811504496661757
4962,0.2436638255527016
4963,0.2705183130270098
4964,0.34155626221732144
4965,0.2760899138979032
4966,0.28617573838374455
4967,0.23808462682157108
4968,0.26657279456785965
4969,0.2559276828693521
4970,0.2349351350506398
4971,0.2529573050307558
4972,0.3132450320079192
4973,0.2684082986961239
4974,0.22796513459043746
4975,0.21762886671934253
4976,0.21760354647884425
4977,0.27056525543913895
4978,0.2417441364983007
4979,0.23983735229660477
4980,0.26080914070880545
4981,0.29316268034983856
4982,0.2915227853925926
4983,0.17960227894683212
4984,0.24417566929582366
4985,0.31432084204069505
4986,0.2831229247031042
4987,0.21172991935111074
4988,0.2434424254398342
4989,0.18626137657427705
4990,0.264799383603683
4991,0.25946805219654895
4992,0.22232646794379152
4993,0.25121734083456887
4994,0.17862561854489895
4995,0.2558619730031716
4996,0.23509155496222753
4997,0.26554006545825887
4998,0.267324718470895
4999,0.19198269339342855
5000,0.2856302246069495
5001,0.23384973252472327
5002,0.23989717163787735
5003,0.2938209263026505
5004,0.21067030570509485
5005,0.2759712419034717
5006,0.172166330992387
5007,0.22012725014317985
5008,0.2691696330298849
5009,0.24084664683214896
5010,0.22144410908625872
5011,0.2910590471302797
5012,0.24932697259632633
5013,0.23123845641565122
5014,0.2273465568024992
5015,0.2944466962190606
5016,0.2198953149767313
5017,0.298305902285641
5018,0.218471483313601
5019,0.23016503862269863
5020,0.19323686894781944
5021,0.2820419180779504
5022,0.25144304295880143
5023,0.2207446012357855
5024,0.2233789803381403
5025,0.23742733735905144
5026,0.2354535172789985
5027,0.24501265583585846
5028,0.24117877288489925
5029,0.2553723512205595
5030,0.18620860447637386
5031,0.20675590183982756
5032,0.1762802071284165
5033,0.2349799847354388
5034,0.20150763672949035
5035,0.24557892799481268
5036,0.29069120092847134
5037,0.3085976669854132
5038,0.23944920522018598
5039,0.21715090202326098
5040,0.3329610440240411
5041,0.27615495648627486
5042,0.25654338235481267
5043,0.23558553975845775
5044,0.23634966041144814
5045,0.2001638963299642
5046,0.2266554429632352
5047,0.26461740513172183
5048,0.21694714209202948
5049,0.2717945553922705
5050,0.26776675963945845
5051,0.20940404367370175
5052,0.2154813312710444
5053,0.26183005251626373
5054,0.253006235509077
5055,0.2425489232216892
5056,0.21664310760986374
5057,0.2649624468813925
5058,0.2609529586962175
5059,0.21990019748019976
5060,0.21562260773555764
5061,0.252803094846897
5062,0.2708169749802922
5063,0.2473448618819227
5064,0.22842177787736118
5065,0.2683641601164696
5066,0.25550849177530627
5067,0.24248000739905384
5068,0.20583658830880575
5069,0.3216698907281233
5070,0.2153381623139203
5071,0.24627583006232737
5072,0.25630279926440974
5073,0.22974670352834708
5074,0.2488726681913137
5075,0.21924854459831536
5076,0.23824304164009982
5077,0.18950847429930026
5078,0.2125607227090401
5079,0.2032937147577579
5080,0.24226940286706247
5081,0.26644188001114605
5082,0.24891294411121132
5083,0.25503476790118285
5084,0.25621973071740334
5085,0.21877247611643094
5086,0.2561591968478255
5087,0.24054225347312816
5088,0.2662404978097184
5089,0.290906962270563
5090,0.2670004385321919
5091,0.27605252471293507
5092,0.237400069200189
5093,0.25455126314007764
5094,0.23376270219996736
5095,0.25629910329904176
5096,0.2239527917270874
5097,0.2616994809663558
5098,0.3424964561377882
5099,0.216961584252298
5100,0.2321764538174969
5101,0.35833945029726305
5102,0.22731829843997495
5103,0.30892456660546336
5104,0.26179726621024785
5105,0.24298042163138894
5106,0.2157266025285028
5107,0.2531673675511832
5108,0.24712904589452994
5109,0.24535190994466297
5110,0.23450835632304698
5111,0.20619231217132386
5112,0.2148413470221907
5113,0.3107348932021642
5114,0.22289280154106342
5115,0.28610207973544266
5116,0.28434980607066473
5117,0.3091354305208584
5118,0.21672959978082146
5119,0.33626323360628996
5120,0.22034197437996486
5121,0.26422590563760534
5122,0.22759994579791556
5123,0.2474753818653418
5124,0.29387254530299883
5125,0.2157715026173522
5126,0.2602344888837354
5127,0.20886108708586065
5128,0.28258368849901383
5129,0.28287536760711324
5130,0.2541727652186001
5131,0.210231057510864
5132,0.18553956526878307
5133,0.21397847150164262
5134,0.22716683640317234
5135,0.29304826752250945
5136,0.2854378758785173
5137,0.2736447744369563
5138,0.2115578265955672
5139,0.23979095376584902
5140,0.22420430124886007
5141,0.24047998151556255
5142,0.28169485890738805
5143,0.37216772487480015
5144,0.2925425780779654
5145,0.26122409955473885
5146,0.2527187860240739
5147,0.2840298496897773
5148,0.25223774155520834
5149,0.33095923194286864
5150,0.2347453009150685
5151,0.31020536010634275
5152,0.26094974576346547
5153,0.22457235163437386
5154,0.33573746945695393
5155,0.28010193308851833
5156,0.2789030643272564
5157,0.21292881970604802
5158,0.240986321741367
5159,0.25116380242232145
5160,0.21324981725573153
5161,0.2610895036607019
5162,0.2932986787231012
5163,0.22871172821340613
5164,0.29621583244698774
5165,0.2734529090593209
5166,0.23114483463642874
5167,0.20823629282873152
5168,0.23588714839803152
5169,0.2282979123396496
5170,0.21065965434806042
5171,0.23315679830673475
5172,0.2247413737571629
5173,0.22133377611849314
5174,0.2586518699702312
5175,0.22385739201293825
5176,0.29042575525862335
5177,0.21677464431482807
5178,0.2729013928175085
5179,0.21093932344925365
5180,0.24312426405286403
5181,0.26787381423176876
5182,0.2531967346041124
5183,0.23598379665606228
5184,0.22085426597178573
5185,0.2095327633609561
5186,0.246543718591062
5187,0.23093015303040015
5188,0.3131264277209073
5189,0.3246115667050826
5190,0.2770713321994614
5191,0.28713859056004104
5192,0.2147242655347764
5193,0.25588083395617495
5194,0.29695806998798285
5195,0.2516757323422625
5196,0.24681547819837288
5197,0.2479953255551224
5198,0.2834220791067351
5199,0.19329761708265328
5200,0.21935938952870757
5201,0.3431920521729558
5202,0.26605143247979096
5203,0.2286831355991223
5204,0.28103732212863786
5205,0.16734183914208117
5206,0.27756895001041315
5207,0.2391633203942747
5208,0.22221064155451362
5209,0.26311102223937133
5210,0.2507045682640256
5211,0.2336402728748848
5212,0.25648933386956674
5213,0.28413020960357177
5214,0.2453414396534787
5215,0.23773981174488903
5216,0.20258938902395035
5217,0.2232255930344209
5218,0.23897730872723993
5219,0.24532208610735817
5220,0.19708727316157695
5221,0.223990611806756
5222,0.25400998741782466
5223,0.2668294852784403
5224,0.2374678482702066
5225,0.24383085252261558
5226,0.3407221338095231
5227,0.34101557830007373
5228,0.2668455585430188
5229,0.23730437346873182
5230,0.2708382635696333
5231,0.2912479864516992
5232,0.2582495444276347
5233,0.184590134529464
5234,0.2522398796609324
5235,0.2220669752750352
5236,0.23054674489553353
5237,0.20549303962575016
5238,0.27564697523211407
5239,0.2616897258936615
5240,0.20540529723589734
5241,0.23111242709605462
5242,0.23889691853834516
5243,0.26965266495134765
5244,0.2516308329150208
5245,0.21056494465150072
5246,0.34783992845732425
5247,0.2527883156722524
5248,0.27856707014998594
5249,0.2650977920549469
5250,0.2546827967487556
5251,0.22922325928230164
5252,0.23752433223448352
5253,0.1906721754365952
5254,0.2717809697614529
5255,0.24397874628808108
5256,0.21712356999423815
5257,0.26244500155048733
5258,0.24922612510379621
5259,0.2275521387337171
5260,0.2608834396921295
5261,0.22871799033709844
5262,0.2677766378372649
5263,0.24003114880483067
5264,0.2592904181043014
5265,0.20880325655472168
5266,0.21300019489260005
5267,0.2411508801605407
5268,0.2620087765177765
5269,0.2602567629964959
5270,0.35142479022837503
5271,0.24677123006276136
5272,0.31170624469028946
5273,0.27528628665517496
5274,0.19212861038536666
5275,0.22779939212602293
5276,0.30839724635849064
5277,0.25574008458627945
5278,0.21831348117309818
5279,0.2513381484020948
5280,0.26423379797216323
5281,0.23990487758502607
5282,0.207249378645569
5283,0.2998797293225998
5284,0.2626758649738145
5285,0.268777356576942
5286,0.2731009196890844
5287,0.2213965813646636
5288,0.24769345076097848
5289,0.24243160751674156
5290,0.22659363040951305
5291,0.23108953413315636
5292,0.23614262035277875
5293,0.24228669585561602
5294,0.24964431883136456
5295,0.29300925386354054
5296,0.26154367345770624
5297,0.22229617114086117
5298,0.24094882652299965
5299,0.2532264532570989
5300,0.2152194613685656
5301,0.27599674683852393
5302,0.23140335507821205
5303,0.2783701533804678
5304,0.21859696653303304
5305,0.22114943403155513
5306,0.24662751613950432
5307,0.2566361756846944
5308,0.23674303320428558
5309,0.2509193196561622
5310,0.20500679051179896
5311,0.25893027180169753
5312,0.19797519431490845
5313,0.2758976484717858
5314,0.27447607147345665
5315,0.20732379934283438
5316,0.29181098042418796
5317,0.20781123859845518
5318,0.3078459022038733
5319,0.29250375990833904
5320,0.2272051090502863
5321,0.2596124282134134
5322,0.267782071386973
5323,0.2902671982231479
5324,0.22950547732082885
5325,0.26364237039302474
5326,0.2988415319153765
5327,0.2988005125809458
5328,0.223571287154638
5329,0.27804947891086357
5330,0.2029306652113884
5331,0.2808077527231339
5332,0.33734220355580014
5333,0.1912589687884106
5334,0.22348709604940206
5335,0.21597476406572821
5336,0.21918039293465777
5337,0.25797186783728
5338,0.2650629714333522
5339,0.33448656550625966
5340,0.25911076291300283
5341,0.29995266656429487
5342,0.27488507874948687
5343,0.27830956488048497
5344,0.2637731150926892
5345,0.21650515844105533
5346,0.28118899794561986
5347,0.20801408073277458
5348,0.230037723437863
5349,0.30698294653472746
5350,0.24190212409623038
5351,0.17967661144146874
5352,0.29503646206937073
5353,0.2592072509471352
5354,0.3331422083799535
5355,0.25429582664921346
5356,0.2816276656743115
5357,0.2707217814297097
5358,0.25765633726948445
5359,0.3288369140541039
5360,0.23638375229454392
5361,0.2101020906643294
5362,0.23773060612140626
5363,0.22512195690744324
5364,0.23908060120054592
5365,0.2552705493407041
5366,0.21843969091633528
5367,0.24855488861536437
5368,0.2537507241670176
5369,0.22297368257305122
5370,0.24646049120083455
5371,0.23456291010218733
5372,0.20885624485786802
5373,0.2950111502948347
5374,0.20094383776393593
5375,0.20072811456555156
5376,0.22457682981801008
5377,0.23739527467331242
5378,0.23243698455689768
5379,0.19761396869504835
5380,0.3283100104746467
5381,0.2848691263627288
5382,0.23512331867275868
5383,0.2955023095012492
5384,0.25279860171321594
5385,0.20227902916620413
5386,0.26084919245094706
5387,0.24830564250197562
5388,0.19298947696789567
5389,0.21375991937803504
5390,0.22343652433311761
5391,0.250851249825246
5392,0.24936295351342933
5393,0.20581425193307143
5394,0.21438783166227582
5395,0.25175559877997244
5396,0.19482557507804052
5397,0.253839987127601
5398,0.23868241462350634
5399,0.20437354226747267
5400,0.22485098875128987
5401,0.25442728673269066
5402,0.2253898594418652
5403,0.3450445131716767
5404,0.3158442850197138
5405,0.20616606324650713
5406,0.265098947133762
5407,0.2198967344166335
5408,0.2286920950209967
5409,0.2590059630872822
5410,0.22693625824377808
5411,0.17643567212252814
5412,0.23170879572536252
5413,0.22346955271438157
5414,0.2361913093387056
5415,0.2928107568871651
5416,0.1939616577333413
5417,0.2144397924640671
5418,0.2529415130823821
5419,0.21090268298945827
5420,0.25584862021523913
5421,0.26254269020908505
5422,0.2845686662293882
5423,0.18455114123932004
5424,0.24057300699616582
5425,0.24007340297502125
5426,0.2469921891078836
5427,0.24661585171226771
5428,0.2214424690573021
5429,0.22563696123075028
5430,0.22396143391256132
5431,0.24598449230722266
5432,0.27196666848010237
5433,0.29370109548144746
5434,0.22580614955785316
5435,0.2777842570898481
5436,0.1971911434377045
5437,0.2520970448534469
5438,0.28844302308926295
5439,0.23348838695614982
5440,0.18762534141272574
5441,0.3299424446362933
5442,0.23911300742286923
5443,0.2807587587437873
5444,0.22156359719941518
5445,0.2098130657066047
5446,0.24177273377266748
5447,0.2974349989640882
5448,0.305010452374231
5449,0.18919335301060766
5450,0.22392693456940777
5451,0.22453540313902856
5452,0.2697500004780194
5453,0.2571099557047645
5454,0.18057932085227663
5455,0.21396481830565775
5456,0.2906278374954128
5457,0.2428789492013517
5458,0.2853120100280874
5459,0.2845070800946617
5460,0.26254963904915457
5461,0.25330754854828275
5462,0.23501272091144956
5463,0.2860519786605683
5464,0.2380267312380601
5465,0.3341170812124296
5466,0.23101924920768407
5467,0.2811370671486248
5468,0.21371922930038495
5469,0.2768043191913287
5470,0.21550847233805748
5471,0.2133626486007459
5472,0.2535952768687731
5473,0.21809890600313891
5474,0.25131608276774525
5475,0.20603222833315557
5476,0.2445759016630607
5477,0.2799602658488673
5478,0.2414310414174671
5479,0.24412902492382135
5480,0.3705365196655876
5481,0.281662934771564
5482,0.340011214423311
5483,0.264779774649763
5484,0.2127410022315228
5485,0.2403107028268469
5486,0.2488579648995909
5487,0.2113560749567018
5488,0.277699406376109
5489,0.22652447535120818
5490,0.22992361808865436
5491,0.2177757406978847
5492,0.23826066077157443
5493,0.27470693362507115
5494,0.2529728645246693
5495,0.28512048173008225
5496,0.26276778848986526
5497,0.254067435385985
5498,0.2244714518701104
5499,0.234608361178611
5500,0.258956870770831
5501,0.2571422413732452
5502,0.22384376686838575
5503,0.25011081612665986
5504,0.26413845531269137
5505,0.150142882076669
5506,0.2949666702324107
5507,0.2561971691716996
5508,0.26326345925799255
5509,0.24573821485698114
5510,0.2534522476174329
5511,0.263607280582753
5512,0.1800704723522692
5513,0.254893726960587
5514,0.22677094661329894
5515,0.25599969441532094
5516,0.23854389002294504
5517,0.29734717559223034
5518,0.23216845082870913
5519,0.24901676099973907
5520,0.240147144524009
5521,0.24742867193128207
5522,0.23167844391723497
5523,0.22389249102226805
5524,0.24788677077848273
5525,0.24068865747678994
5526,0.221407897196219
5527,0.19836421600217835
5528,0.21802997925083767
5529,0.25532339353570194
5530,0.18290309897985438
5531,0.23843994164834345
5532,0.2259055918054574
5533,0.2387764871263998
5534,0.22095847973645508
5535,0.27069607340241114
5536,0.28473176967112807
5537,0.2708436488776284
5538,0.2462969924562744
5539,0.21939569416862734
5540,0.19395397032812156
5541,0.3297122037348403
5542,0.23708483407440867
5543,0.23487800836820205
5544,0.20892892560676843
5545,0.2931969115745865
5546,0.26677821673521956
5547,0.267918625026823
5548,0.20311294033941643
5549,0.23181923917151126
5550,0.26385461973462065
5551,0.25861234050146087
5552,0.22379854593788484
5553,0.21973958056280807
5554,0.24513071137582648
5555,0.26318569611357967
5556,0.28368422394797743
5557,0.22573036647867795
5558,0.2349931489180946
5559,0.20333452062112461
5560,0.2546403302771629
5561,0.27415867602824784
5562,0.2419077308852531
5563,0.20769445459639047
5564,0.1968739020617384
5565,0.2356555864305468
5566,0.24796213315079318
5567,0.24075117983752817
5568,0.26942048231814225
5569,0.23948657806328436
5570,0.19855024865347973
5571,0.26724117646447826
5572,0.19889087548422757
5573,0.23499456849876807
5574,0.23208861374276069
5575,0.2170653974571855
5576,0.27409312249833573
5577,0.22079203862797198
5578,0.23606610000610928
5579,0.28986837673817367
5580,0.24610980303553176
5581,0.2058853350403788
5582,0.27589484572056944
5583,0.2440601354798842
5584,0.22841014813250587
5585,0.22529542923773588
5586,0.23259389310991543
5587,0.26133428644212
5588,0.25540845625424097
5589,0.28550474887637667
5590,0.21901934622217495
5591,0.22186226528359795
5592,0.3008143669655247
5593,0.23449998430357075
5594,0.26096657983181787
5595,0.2725382473213754
5596,0.2328458420898571
5597,0.20334657430318656
5598,0.2249090907756773
5599,0.24415800258624512
5600,0.2472951045869663
5601,0.29935658728145664
5602,0.30768410340500596
5603,0.26238356624312636
5604,0.261222548131198
5605,0.20460078404233267
5606,0.3365886421741158
5607,0.23166058933246686
5608,0.23275254299926204
5609,0.255710267083701
5610,0.17315166642497007
5611,0.24472533835408583
5612,0.22658829393763602
5613,0.3266162120093164
5614,0.23784540671741933
5615,0.22270941111948758
5616,0.23104818630163612
5617,0.23667898699119955
5618,0.21410010647180605
5619,0.2060350609806286
5620,0.23683050333346697
5621,0.21891757541605272
5622,0.2387628417636293
5623,0.21699256986243284
5624,0.2228619938608414
5625,0.24657621840833724
5626,0.29265160657586786
5627,0.23197496132092293
5628,0.2748345288498471
5629,0.2719436622917774
5630,0.21905011121085188
5631,0.3193856657181903
5632,0.2356368087485551
5633,0.2310138152766062
5634,0.23597208299577385
5635,0.2233862442668098
5636,0.2696416911814633
5637,0.23830507462815168
5638,0.2049555277473701
5639,0.29539234788265517
5640,0.25532591898985435
5641,0.23719531889662496
5642,0.23881732118413135
5643,0.22133249589618692
5644,0.21194531199293778
5645,0.3402319647837013
5646,0.26391757999448273
5647,0.23973325741460927
5648,0.22566370483924994
5649,0.2865160879332469
5650,0.2239453375148572
5651,0.28455473498449896
5652,0.26466054286722973
5653,0.23109947464344108
5654,0.21935064826375048
5655,0.18799239526404254
5656,0.251935212647361
5657,0.22164393094623233
5658,0.2249433650745518
5659,0.20511066242775833
5660,0.24208927901090924
5661,0.3040389977003586
5662,0.2796073161922206
5663,0.29084306873168386
5664,0.21001264288005067
5665,0.2748582882485617
5666,0.20714632978970807
5667,0.2377140755938136
5668,0.2012647965438686
5669,0.3495775146642675
5670,0.27420598156889414
5671,0.27336144257920325
5672,0.28801683315292964
5673,0.24468289840739052
5674,0.23346870463255073
5675,0.2810930943073587
5676,0.28925283560928927
5677,0.245912021854701
5678,0.22131487387444182
5679,0.21080289549558912
5680,0.1799520509137556
5681,0.2798883682995703
5682,0.2101455726882535
5683,0.2374267327192899
5684,0.3298347585898946
5685,0.23507660967066074
5686,0.2438971576729061
5687,0.24078633527474344
5688,0.2557247456492358
5689,0.2285955894705968
5690,0.2257178399608633
5691,0.26573183797427646
5692,0.25567944770843976
5693,0.18093246143010153
5694,0.2688834273394636
5695,0.32156006671776216
5696,0.22580271824948384
5697,0.2626782165226347
5698,0.2390980497814078
5699,0.2990111319819173
5700,0.2944440316983958
5701,0.20272380699559092
5702,0.29241425927098685
5703,0.260726619913655
5704,0.29444771915903034
5705,0.28239666569731053
5706,0.1927853970015341
5707,0.21617058241201584
5708,0.30441456070762873
5709,0.2648671018000283
5710,0.262776424424025
5711,0.188640719955419
5712,0.24834078133779214
5713,0.2267944156460288
5714,0.3372518539359361
5715,0.24890213469299724
5716,0.235393126575145
5717,0.2533587715862718
5718,0.2059773922897954
5719,0.25053688162294063
5720,0.2245493080046056
5721,0.2578136941333272
5722,0.23200479601742816
5723,0.23138075768572935
5724,0.2461236994130284
5725,0.2557443440633805
5726,0.2474740793587308
5727,0.20605537739680124
5728,0.26489459858028025
5729,0.31337316052920067
5730,0.2510632811324972
5731,0.2049731320144798
5732,0.2009164947072063
5733,0.2879533123632727
5734,0.2238096428879732
5735,0.2492867866525936
5736,0.24090920996010812
5737,0.22888334537235874
5738,0.2935201014900883
5739,0.19284112708483822
5740,0.22645362321758625
5741,0.26390060967624285
5742,0.23593445309714334
5743,0.2679319157918463
5744,0.27063002732603547
5745,0.2520643367774117
5746,0.2563557965689085
5747,0.29552781252875415
5748,0.2499780745539834
5749,0.19075646133258617
5750,0.22754081891746897
5751,0.2530622014809102
5752,0.27001708269693125
5753,0.22239468069583332
5754,0.2426402909610582
5755,0.23124020501983394
5756,0.2893967071007002
5757,0.2906578842005638
5758,0.23159479841643466
5759,0.2883527826630172
5760,0.2639119949157064
5761,0.2539018064944686
5762,0.24308575545230443
5763,0.32770748227053176
5764,0.21507361219919693
5765,0.2342836471422777
5766,0.22951311700687177
5767,0.3198978267863893
5768,0.23752506394197212
5769,0.22164214626000456
5770,0.2674457654010286
5771,0.31042396261343
5772,0.26790356291600187
5773,0.2974141405712981
5774,0.2620881527757542
5775,0.24215696514136095
5776,0.3039148518835562
5777,0.26410933813636694
5778,0.22394416702712108
5779,0.21437674238605672
5780,0.30007273001094803
5781,0.22764978988256035
5782,0.2215854054585266
5783,0.21050543613654632
5784,0.25570945232416736
5785,0.22338057461791055
5786,0.2787853104052936
5787,0.25452697839646654
5788,0.2749197740759641
5789,0.23618901010056442
5790,0.2190549500204284
5791,0.21590336070600483
5792,0.23626923076188958
5793,0.2585744641882592
5794,0.30818177512096906
5795,0.22045298767022986
5796,0.22691712567322794
5797,0.22088235353525018
5798,0.2286911334748733
5799,0.30521818044848853
5800,0.24577103681700846
5801,0.2560042005194851
5802,0.23943269138261264
5803,0.25325787935199756
5804,0.2101159293693325
5805,0.2201289952680575
5806,0.3164968403072279
5807,0.2580867313549689
5808,0.2481418434236582
5809,0.20496229202770888
5810,0.30583538822902406
5811,0.22451193016977225
5812,0.2898498293961213
5813,0.2583314517328842
5814,0.2900545281283423
5815,0.20335817304497972
5816,0.21436970024256394
5817,0.23238340787538808
5818,0.25881736177897835
5819,0.21163235608710929
5820,0.26402524344457606
5821,0.23418648352160784
5822,0.26137179087443735
5823,0.2600603131746869
5824,0.2620699231453259
5825,0.2953128508648318
5826,0.2011587750054824
5827,0.27760901673645566
5828,0.2640847579596632
5829,0.23477361715467074
5830,0.21778949421363236
5831,0.26476585593362106
5832,0.24802038137941265
5833,0.2814974945160181
5834,0.23097006462378541
5835,0.25225218206268396
5836,0.2878215370851311
5837,0.25625628827057695
5838,0.2185861707350918
5839,0.2287735191410911
5840,0.27404959111920757
5841,0.2923045326551586
5842,0.22461211906558676
5843,0.21669307444106417
5844,0.3538979462891264
5845,0.2101148097190058
5846,0.22728831211786396
5847,0.24852151904135142
5848,0.2213358278470277
5849,0.23023644441081417
5850,0.245442878822179
5851,0.25452712213120654
5852,0.2210696503968698
5853,0.2989220444689996
5854,0.2646287786123251
5855,0.2277558182300488
5856,0.2732636210027772
5857,0.2835992099618816
5858,0.25882055387223296
5859,0.3280891889440016
5860,0.2057566322824934
5861,0.2296938309325666
5862,0.2705971434311539
5863,0.20081399066940564
5864,0.2486157534721864
5865,0.2310554337695723
5866,0.2462994189638846
5867,0.25869970081210947
5868,0.2700761774618751
5869,0.2738725541104366
5870,0.24994020149549903
5871,0.23412945972063942
5872,0.2575370352570613
5873,0.2854576042537968
5874,0.20765587149283773
5875,0.24146408264276165
5876,0.2569165096151893
5877,0.25968231153174876
5878,0.2510331179659103
5879,0.26128753653693804
5880,0.22380578462430173
5881,0.23786853097486738
5882,0.22412961727332817
5883,0.2515860660402612
5884,0.3238695008681396
5885,0.21290838345996912
5886,0.2860558367071508
5887,0.2739282958272589
5888,0.2516343713095338
5889,0.22380398410618357
5890,0.23849848555996855
5891,0.2506447822329143
5892,0.1942849400622487
5893,0.18151786059549382
5894,0.283477241925028
5895,0.2724160140875551
5896,0.15043809943017733
5897,0.20532258626929253
5898,0.2334501805955798
5899,0.3031440961905703
5900,0.22147178189150185
5901,0.21798517048298616
5902,0.27797550683998395
5903,0.20879750492285695
5904,0.2145296037869965
5905,0.26231982729796044
5906,0.2580919903386261
5907,0.28189726498807954
5908,0.2712758405516484
5909,0.23425133525604733
5910,0.23317742482667844
5911,0.2384196011049113
5912,0.223608136911623
5913,0.21646329145060123
5914,0.24540922982878927
5915,0.24313292520131738
5916,0.24359826656506423
5917,0.28313077355163035
5918,0.23368633613954662
5919,0.22994848777355673
5920,0.24733523553978548
5921,0.26627051653508926
5922,0.22032550867559392
5923,0.2543006364447044
5924,0.23946216808048634
5925,0.2853183726238144
5926,0.2832401720694616
5927,0.26982768141743224
5928,0.23685705580457897
5929,0.23119553492766584
5930,0.1934640554330745
5931,0.2109494560546884
5932,0.26416060261891255
5933,0.2181209878504999
5934,0.25378197506850997
5935,0.2680866439930814
5936,0.17530819764247363
5937,0.27844560642602545
5938,0.19622338598088107
5939,0.20854612866448086
5940,0.2151601800178027
5941,0.22700741950645753
5942,0.2505945687138896
5943,0.26531032466217347
5944,0.2098622443805099
5945,0.25166191207096417
5946,0.30852480079047506
5947,0.28827905497475537
5948,0.2741843351745883
5949,0.23637889346476837
5950,0.2549848425031096
5951,0.2532627132280291
5952,0.37292567114856173
5953,0.27372894707864287
5954,0.3013350110106193
5955,0.2846785434207785
5956,0.23437497611863406
5957,0.25555601446334353
5958,0.3374948154350252
5959,0.24913394504982955
5960,0.2524601482051767
5961,0.24691435600233697
5962,0.2182991091424348
5963,0.2223206481910521
5964,0.26693172131744153
5965,0.2665713087717369
5966,0.26462257168771086
5967,0.27685402000046166
5968,0.23694099869805135
5969,0.2781337970883919
5970,0.23684098478933477
5971,0.21839161312252284
5972,0.23240440200494733
5973,0.21608237847283893
5974,0.24122191649796793
5975,0.28567184839892173
5976,0.25779865694760856
5977,0.20986182058332128
5978,0.30765008872939315
5979,0.2639651542289938
5980,0.26214149004420767
5981,0.2001019180763066
5982,0.26283117039274007
5983,0.23547545648594836
5984,0.2740863618875053
5985,0.24511511097854127
5986,0.2794851369348969
5987,0.2681422690731654
5988,0.22018920610430748
5989,0.25973347539239056
5990,0.23753382443273013
5991,0.2279890992889001
5992,0.24188716444345157
5993,0.24113101613078877
5994,0.3183629387347278
5995,0.2211770033034161
5996,0.2524290762716474
5997,0.2807738553653694
5998,0.24309014300912246
5999,0.20948534756161996
6000,0.23096399681073976
6001,0.2975328750074664
6002,0.2401531983084784
6003,0.21218561229032729
6004,0.2348970264905219
6005,0.2543452730884792
6006,0.2579674440096613
6007,0.2900619631293752
6008,0.2651816319917602
6009,0.21701091842388276
6010,0.22288908868394575
6011,0.2633475483289359
6012,0.31350194259154307
6013,0.22009460265871592
6014,0.3209587744932266
6015,0.2305513739342531
6016,0.27774338044821734
6017,0.2698779777705525
6018,0.22721925254752567
6019,0.24357003635836488
6020,0.22445668063360227
6021,0.24561855088465304
6022,0.24210858919619568
6023,0.20286605554702028
6024,0.29536332814018434
6025,0.19379540156945577
6026,0.16620917789071993
6027,0.3181806018735889
6028,0.24681717281323293
6029,0.23471286884244721
6030,0.2919799471324524
6031,0.21868472369471154
6032,0.32209771661556863
6033,0.2768733370117434
6034,0.22227842012313032
6035,0.216577413100275
6036,0.24524688563233377
6037,0.27178906576847833
6038,0.2569416665206392
6039,0.2850385139651576
6040,0.2617743279169298
6041,0.2342433768762764
6042,0.2385177143383824
6043,0.23494811410135322
6044,0.2509322785075715
6045,0.20605315059745594
6046,0.25049645699875017
6047,0.21780614417009558
6048,0.23838534587367677
6049,0.2529564922448386
6050,0.26701748319033036
6051,0.22572215105466545
6052,0.24277862036565132
6053,0.2582915080478403
6054,0.25657976189774107
6055,0.25733730212089395
6056,0.27912969885098626
6057,0.2375397207884085
6058,0.23932427459946432
6059,0.2459175396230248
6060,0.24387774707037088
6061,0.32492858399473734
6062,0.22916790110845509
6063,0.22826656903458117
6064,0.22316088328798264
6065,0.24772727397120722
6066,0.2793885932912969
6067,0.2702009015870768
6068,0.25505140575077573
6069,0.2300776631567969
6070,0.28435855987620473
6071,0.20177717091612643
6072,0.23726657898513315
6073,0.22092148500667602
6074,0.2585676719552154
6075,0.2944431687103818
6076,0.2623469789634547
6077,0.2994796580098639
6078,0.24452031438913435
6079,0.20808930639570228
6080,0.20880559351805827
6081,0.2218671291209415
6082,0.20653805088854296
6083,0.21065619596870547
6084,0.24179384600380655
6085,0.21920461410797976
6086,0.2735823446901195
6087,0.2527456694782991
6088,0.22557106570578034
6089,0.23415677277207972
6090,0.3014213491038413
6091,0.23430507416726004
6092,0.22065292858395755
6093,0.2702205330803753
6094,0.26285070387860576
6095,0.22090787849701288
6096,0.25597575301920356
6097,0.20137807811276043
6098,0.25456988972370304
6099,0.29327171643163014
6100,0.22373473249046458
6101,0.2655937180128528
6102,0.24646582886100865
6103,0.2734785390281337
6104,0.24943512249532981
6105,0.30682863504044916
6106,0.29399071519145453
6107,0.19690266110626714
6108,0.2232300409061452
6109,0.24932961988758517
6110,0.20947005470759564
6111,0.2673661193918649
6112,0.2364980009483564
6113,0.25325725886000744
6114,0.2405677686419597
6115,0.2782457355099387
6116,0.24204416596208012
6117,0.2198085795601003
6118,0.2401608851288473
6119,0.23884271477769742
6120,0.2281148579608432
6121,0.2783270411320341
6122,0.3024297770367557
6123,0.23016084800130568
6124,0.30362384762461836
6125,0.22592058295206283
6126,0.18569718585505854
6127,0.2587399479009227
6128,0.18355832451298051
6129,0.19851679674261155
6130,0.2868402479487857
6131,0.23728449679063915
6132,0.237227670440227
6133,0.21714566112355302
6134,0.2626339932379129
6135,0.23275278592120194
6136,0.2625641455637125
6137,0.22571571144174235
6138,0.21953225149600458
6139,0.23484004735496303
6140,0.27154782288110413
6141,0.24189233481956596
6142,0.22088825576618093
6143,0.22056872673620026
6144,0.2387515749035193
6145,0.2477820745922996
6146,0.2843829370861413
6147,0.2531259286944848
6148,0.23285699111447516
6149,0.24464704335421983
6150,0.23332524034611743
6151,0.29145353425871107
6152,0.2624105732673102
6153,0.247463328815707
6154,0.2350835036061258
6155,0.30164989747479537
6156,0.23026992383491215
6157,0.24798710784444303
6158,0.228778201185751
6159,0.21480674576921502
6160,0.2693625439054743
6161,0.16449083716862473
6162,0.25186725850704045
6163,0.24751332555824263
6164,0.3174945740425063
6165,0.24198682901860236
6166,0.19696722046511925
6167,0.18170739738742767
6168,0.30320597403312144
6169,0.2866397468251343
6170,0.24844554387345785
6171,0.262129048174301
6172,0.26513105422728683
6173,0.27364973037690593
6174,0.29537695576748646
6175,0.2391481456704041
6176,0.2603915322498614
6177,0.19407603652009894
6178,0.22997301919938765
6179,0.29659693124031095
6180,0.2741669266169915
6181,0.31363222800375123
6182,0.21914508677559746
6183,0.25537347841954366
6184,0.24527085491999365
6185,0.2925432659297672
6186,0.22609695565856286
6187,0.33546291665419836
6188,0.19425133848544304
6189,0.23642250109319599
6190,0.24024213261284136
6191,0.26196137535792896
6192,0.1882008031663263
6193,0.1958965200562265
6194,0.21275256762522604
6195,0.270614363909739
6196,0.2846142979047174
6197,0.21923746213966944
6198,0.21376713130653383
6199,0.2726714445969038
6200,0.23205292953563314
6201,0.24340340695956317
6202,0.22071997639126653
6203,0.2527932317260034
6204,0.21805816619602295
6205,0.35264186535500774
6206,0.31241590461283164
6207,0.22608955355009008
6208,0.25182203583099044
6209,0.2101680969715292
6210,0.2237860546941935
6211,0.24944953300600786
6212,0.1988203222334165
6213,0.23336365592961655
6214,0.23400479304531605
6215,0.21440176220645038
6216,0.28029937555358064
6217,0.32606772417608987
6218,0.25298276494256655
6219,0.2616674712802534
6220,0.2712756505536596
6221,0.24504072383369777
6222,0.2864233206809548
6223,0.23697680788315434
6224,0.2803464452351043
6225,0.2170805442255313
6226,0.3052408178388593
6227,0.2445189759719199
6228,0.32911744762597145
6229,0.29680147273589585
6230,0.18687102555351293
6231,0.20114906456990755
6232,0.2683730969891783
6233,0.2591606046183606
6234,0.20960366994491994
6235,0.240834380436145
6236,0.314080383117671
6237,0.2066169001374578
6238,0.22321467330450973
6239,0.17448816580806706
6240,0.24950343668871366
6241,0.19861265005544695
6242,0.2657136047094722
6243,0.2695038198314178
6244,0.22985631994535438
6245,0.24733881446023753
6246,0.21997742385799807
6247,0.2329808986578309
6248,0.24826118405198122
6249,0.23267809402195078
6250,0.22190074792264242
6251,0.2328295283546312
6252,0.2480740550121329
6253,0.25110786415393155
6254,0.2841003281598298
6255,0.24365294523549808
6256,0.2971290071442097
6257,0.24940875354705605
6258,0.2260266930012995
6259,0.24267668565067577
6260,0.2696753591242086
6261,0.2518892015067491
6262,0.21674645834614958
6263,0.23863444883296886
6264,0.23194993192257016
6265,0.2557101864227739
6266,0.2560248640851675
6267,0.29891063983051114
6268,0.1932726546957113
6269,0.26613834602711567
6270,0.23641964836751372
6271,0.15974620568781567
6272,0.20023095277421965
6273,0.2929823758808295
6274,0.1905384671641
6275,0.2075651969230121
6276,0.2800950922449257
6277,0.22085763329714808
6278,0.26747610670395705
6279,0.23144161802096253
6280,0.24501050947331088
6281,0.2551523952902977
6282,0.22597066840456473
6283,0.27797896566904695
6284,0.2854710639694128
6285,0.20947244488923739
6286,0.30037894825756645
6287,0.25504303227035163
6288,0.23914263989976353
6289,0.28000350653189987
6290,0.22363221717350282
6291,0.24691355232918635
6292,0.2994479248845101
6293,0.2674059617158765
6294,0.3057668890390991
6295,0.24022687703040566
6296,0.24679720850149833
6297,0.2279627693421392
6298,0.25627291635262434
6299,0.25986615164170623
6300,0.2436038789563669
6301,0.2290633271983938
6302,0.31898774144656783
6303,0.2834384613736121
6304,0.22962143024834644
6305,0.2336734087693366
6306,0.2301581597930954
6307,0.19000543757220867
6308,0.24453399546027493
6309,0.20324412328119423
6310,0.21817306477121948
6311,0.24294364966759996
6312,0.2844640622055022
6313,0.2533694798902805
6314,0.25473557534194585
6315,0.21177443542067373
6316,0.28446038022130543
6317,0.1965213635681886
6318,0.24284906547597845
6319,0.2629851223136535
6320,0.2314021134173663
6321,0.2173072834280696
6322,0.25923062108335343
6323,0.30189714019585984
6324,0.3193648648827305
6325,0.26729653413496074
6326,0.2799605417274296
6327,0.3121320100593275
6328,0.2325320591688004
6329,0.3054424043451672
6330,0.3031257816751592
6331,0.22848779180666431
6332,0.2616543096202313
6333,0.2826760429267929
6334,0.29534815431813743
6335,0.2454519042904473
6336,0.1960981280506377
6337,0.2160615130563846
6338,0.2611561542322995
6339,0.29140509256704544
6340,0.21834598930981142
6341,0.24913028624466652
6342,0.19233013763168283
6343,0.32511799445143397
6344,0.2561434068791349
6345,0.2711800042178201
6346,0.25050719096607676
6347,0.23569104077683753
6348,0.2457561694958789
6349,0.20797725514256282
6350,0.2657184308842712
6351,0.23764608052228683
6352,0.24896199559749255
6353,0.2294367321093547
6354,0.24990484249898248
6355,0.23691473103389554
6356,0.28140121395272355
6357,0.2556984261793749
6358,0.31401951978743997
6359,0.22592691136558035
6360,0.3322689551930841
6361,0.2959422654430616
6362,0.2664948720489616
6363,0.23443983178492048
6364,0.22076240881327652
6365,0.2780109819449093
6366,0.19402531197031522
6367,0.25138190046445025
6368,0.29591797045676915
6369,0.2597032158385737
6370,0.1935599598451327
6371,0.24290710035410187
6372,0.24350805788620422
6373,0.19520577755122667
6374,0.21129160853037462
6375,0.25511776489369226
6376,0.2588687088477359
6377,0.33140631895865935
6378,0.25937918503305674
6379,0.25850047267931187
6380,0.2375917913162801
6381,0.18253730611950497
6382,0.21516009146255233
6383,0.2583363271638733
6384,0.30033058022835074
6385,0.26697626045820083
6386,0.22689335043578115
6387,0.2187010770370367
6388,0.22971025766970454
6389,0.29210010649584534
6390,0.25321857431978284
6391,0.25539295110545707
6392,0.2241648731882964
6393,0.2647484606090729
6394,0.2561839842544528
6395,0.2345573682629409
6396,0.22272720785570715
6397,0.26337555057802825
6398,0.24105085556743447
6399,0.21231994436410964
6400,0.32733164788653196
6401,0.19701781081461564
6402,0.2979892651429032
6403,0.2349504687677045
6404,0.2328964823831002
6405,0.2524616454855669
6406,0.2804683213430125
6407,0.22004172275268769
6408,0.2571960215341996
6409,0.237354614267112
6410,0.22060104695563496
6411,0.24387105008289267
6412,0.2530106929026321
6413,0.25650079906568424
6414,0.2437694375763298
6415,0.2029483096686401
6416,0.30630600867713287
6417,0.1872679665103037
6418,0.19242255064039057
6419,0.2684567777421103
6420,0.31316969225150776
6421,0.25197582378949385
6422,0.18605145161867695
6423,0.29374914664486546
6424,0.26636976456791955
6425,0.23077959458728045
6426,0.2402690052007633
6427,0.2646630729860479
6428,0.24747115722331067
6429,0.2741577923372127
6430,0.2200372390642359
6431,0.27765496098029085
6432,0.2213711900858177
6433,0.27577413441696624
6434,0.2612305884913718
6435,0.23331358537673386
6436,0.1988317163053005
6437,0.2236837739707931
6438,0.35961775128659657
6439,0.24258571281599228
6440,0.20965365509188913
6441,0.20598518097305624
6442,0.22670041145951295
6443,0.2066661544784348
6444,0.28806175889090907
6445,0.2694358099291497
6446,0.2495097875099017
6447,0.24476884284362854
6448,0.23524422040438034
6449,0.2069244449712175
6450,0.27478134321671144
6451,0.29258774565028
6452,0.26601148115004014
6453,0.21632480843744414
6454,0.23529630183474962
6455,0.2752811394581731
6456,0.27502857017138205
6457,0.23648442454611335
6458,0.32498301984851086
6459,0.23418337159232225
6460,0.22570990085080359
6461,0.32107252776674666
6462,0.27145375136463595
6463,0.20950905343098944
6464,0.2759845179909157
6465,0.27581825343318944
6466,0.24507413427071403
6467,0.25311766959491827
6468,0.22381295834893578
6469,0.24164463124537547
6470,0.2127657278163703
6471,0.22401609776060316
6472,0.27321812219859115
6473,0.2554965601072028
6474,0.25478956903656
6475,0.24157348379294397
6476,0.21799575691910167
6477,0.20071457585979513
6478,0.26262282558396827
6479,0.2945048191616602
6480,0.25236495423228716
6481,0.273774970644079
6482,0.2342115930953572
6483,0.2769698935491769
6484,0.2490177893812783
6485,0.24143767268296432
6486,0.2486698159562464
6487,0.2519216016201718
6488,0.18838614223134084
6489,0.20691534058592947
6490,0.24458045199805073
6491,0.26444046720149295
6492,0.27046208550490164
6493,0.290200796710261
6494,0.2180010765539354
6495,0.2213013348367408
6496,0.2092965056220193
6497,0.3066126137569139
6498,0.22401606038548671
6499,0.25287137305250357
6500,0.27691954115404793
6501,0.24424957964416683
6502,0.24065660802535283
6503,0.3079357685386465
6504,0.2785343680755275
6505,0.24044511585845652
6506,0.2874184196267302
6507,0.29977606917122473
6508,0.23003555651758628
6509,0.26108514464310284
6510,0.29183286115600027
6511,0.2643527214825431
6512,0.2260459672690585
6513,0.34761478537463963
6514,0.2779073190955036
6515,0.20700133562135453
6516,0.27536986621519793
6517,0.23318669229041514
6518,0.34703377526904555
6519,0.23658006416833743
6520,0.25030216707313374
6521,0.2796987469697021
6522,0.22717015149898326
6523,0.2966702786429157
6524,0.24652458651436437
6525,0.35429161200498854
6526,0.22677395433405426
6527,0.22494038057544452
6528,0.31741585418683954
6529,0.29393398517734265
6530,0.3171800125577254
6531,0.2535686755107889
6532,0.24710683371336456
6533,0.24816434265084386
6534,0.21188275804038034
6535,0.20252692383620682
6536,0.2278067630759662
6537,0.2915275287496421
6538,0.2496450271287536
6539,0.31017987321381846
6540,0.22553754036551688
6541,0.22719106221165988
6542,0.2387853717365127
6543,0.24374657117925452
6544,0.23648687717410827
6545,0.21981313778844802
6546,0.30690838621910416
6547,0.20169760951400645
6548,0.2608001140158046
6549,0.2364570777394847
6550,0.3037065707736054
6551,0.20698033366741497
6552,0.2663625325580366
6553,0.20835393078685213
6554,0.20869523285133976
6555,0.2840773551209898
6556,0.20248792882905908
6557,0.23080491529886776
6558,0.2506386386917823
6559,0.2583221408447762
6560,0.2681545810341593
6561,0.30269937773550165
6562,0.21090358499214554
6563,0.2675059101649227
6564,0.24869389713127346
6565,0.29121768149788235
6566,0.21809607148134413
6567,0.23980457569106906
6568,0.31261623861431553
6569,0.22802078679129653
6570,0.2520470805967648
6571,0.3116197711725576
6572,0.2148110019523709
6573,0.247169665900164
6574,0.2141779380507135
6575,0.28424459329561774
6576,0.21449644100082535
6577,0.2885430258354285
6578,0.24861844489847792
6579,0.24357299089428838
6580,0.19439958431649065
6581,0.24174534310773887
6582,0.17321840888381612
6583,0.20909442201159503
6584,0.2701591417334031
6585,0.22320636440403466
6586,0.22955990776677596
6587,0.22866934314885357
6588,0.29833099719216727
6589,0.24225695243234094
6590,0.23136192652709955
6591,0.23349866190667443
6592,0.23605498037578526
6593,0.21920966291270844
6594,0.2479523565869696
6595,0.30431157716723634
6596,0.2548990958162441
6597,0.1983508034481734
6598,0.23615397764551088
6599,0.27053616730848995
6600,0.20621714612456368
6601,0.21615183112026326
6602,0.2585200475496709
6603,0.25260047977731964
6604,0.22973295437896118
6605,0.2258105569544172
6606,0.25052875852799905
6607,0.22386902235229075
6608,0.2421199992521316
6609,0.24943315020148263
6610,0.25305773237773643
6611,0.316994418664763
6612,0.2801797867250684
6613,0.2832822195562829
6614,0.20500246509896958
6615,0.2437956290013588
6616,0.28312898705637074
6617,0.29698644505998495
6618,0.2291284850828317
6619,0.23216096315764534
6620,0.2656058825339977
6621,0.25486970087167515
6622,0.2635518528253224
6623,0.25640905007104176
6624,0.2577256979031033
6625,0.21302623057411083
6626,0.1941620785882851
6627,0.285392504091246
6628,0.2097634543422717
6629,0.2453497059762269
6630,0.29949151783964983
6631,0.2955469410705416
6632,0.23800476950976832
6633,0.24507064872632472
6634,0.3258756313784041
6635,0.2751485705067302
6636,0.3183513272920352
6637,0.26020172504102446
6638,0.22706972903344835
6639,0.22991777783945244
6640,0.22219646702256624
6641,0.2409365729055667
6642,0.24304372056032095
6643,0.2717615974904624
6644,0.23940939524125196
6645,0.2545813312451935
6646,0.2068915211578969
6647,0.2927791856589965
6648,0.23357222669225075
6649,0.25034303991875484
6650,0.22033960593069035
6651,0.167461081501134
6652,0.24435667723743987
6653,0.21314775233148792
6654,0.21541337273829722
6655,0.2385068174022954
6656,0.27480253011895434
6657,0.2597525106059811
6658,0.22493708647606814
6659,0.28170602927664984
6660,0.25854842670955996
6661,0.20152117389909202
6662,0.2606101342696568
6663,0.21887102978595757
6664,0.20232290667585914
6665,0.32681672103484455
6666,0.30559912516953275
6667,0.23013900456218572
6668,0.20099452396775333
6669,0.25619995188444517
6670,0.23995885668092704
6671,0.23957364059546038
6672,0.270919958061335
6673,0.25405563981507495
6674,0.23278106932407583
6675,0.27713270954877567
6676,0.3217956230532662
6677,0.22424369795587135
6678,0.28422341457484895
6679,0.22290645307354537
6680,0.2524154060725682
6681,0.170502477710363
6682,0.2679775644645206
6683,0.23282852049974495
6684,0.2102135828689089
6685,0.2948069101143879
6686,0.22550854550871147
6687,0.24765316233851165
6688,0.2242693810676074
6689,0.26442344984890637
6690,0.3041440414686868
6691,0.19998335309267612
6692,0.2506236452182807
6693,0.20907195939325474
6694,0.3492205165916068
6695,0.2844434086882096
6696,0.23117986488625836
6697,0.2728184459339854
6698,0.24039476934705353
6699,0.28888987452169557
6700,0.24094294759254653
6701,0.22414809999848948
6702,0.2727814381306665
6703,0.2551346985412628
6704,0.23133384929729017
6705,0.21858302832757295
6706,0.2217177352421655
6707,0.2249717009916071
6708,0.26861106877912183
6709,0.27471718880292356
6710,0.27674122465339906
6711,0.27799803237486875
6712,0.24833355925463976
6713,0.24750679556923103
6714,0.2166684952053918
6715,0.24411419146176622
6716,0.22505480339140543
6717,0.21388702574504123
6718,0.22963112709436775
6719,0.2332634635288673
6720,0.2527485039177496
6721,0.229752965642119
6722,0.2365427874003525
6723,0.24547796950123882
6724,0.244730489121613
6725,0.24157128502936284
6726,0.26094691008015186
6727,0.21012473899375556
6728,0.2388312474303309
6729,0.2754089828841416
6730,0.2699474902491469
6731,0.22421459557149517
6732,0.23680215579162311
6733,0.19785651358706663
6734,0.22512972420286279
6735,0.20237769432041755
6736,0.24796599028685243
6737,0.2592512906817695
6738,0.21848918506572013
6739,0.20789347546373005
6740,0.2250786839303511
6741,0.26040011020322795
6742,0.28677118096900395
6743,0.22788032954403076
6744,0.24016174481539
6745,0.25764440167081815
6746,0.28211296082373255
6747,0.2351291116660646
6748,0.22930705822914318
6749,0.22473096429096662
6750,0.28494829632170665
6751,0.2552033334848747
6752,0.23484592073987204
6753,0.19922033068954031
6754,0.20232935547320305
6755,0.2981905144487003
6756,0.228536475397102
6757,0.25660288912061596
6758,0.3091080724577535
6759,0.19580281614142472
6760,0.20776186035960525
6761,0.2477719400481596
6762,0.2263867242857569
6763,0.3345641582527363
6764,0.29033652485273714
6765,0.3063209405117623
6766,0.22992390926642012
6767,0.2467078588388271
6768,0.27862131931030304
6769,0.23971496457370023
6770,0.29138080076303086
6771,0.2793071100706599
6772,0.24375418827815515
6773,0.2587193588295851
6774,0.24189375597081086
6775,0.223921827658583
6776,0.19431267768617358
6777,0.19645434946465373
6778,0.25215271538047596
6779,0.24514491676317282
6780,0.2787535819712549
6781,0.2031778756860955
6782,0.19957191412096464
6783,0.27829346482487805
6784,0.259885728963561
6785,0.27037749800723
6786,0.2667773615866516
6787,0.2616293508703569
6788,0.33385539155051086
6789,0.2563819780137464
6790,0.2721868704161227
6791,0.22524833198202346
6792,0.23379720319983113
6793,0.3077797172296985
6794,0.25033954932042557
6795,0.2161423178096544
6796,0.21286109832629063
6797,0.2502050562319872
6798,0.33670510891159683
6799,0.2874119839948173
6800,0.23934953660425318
6801,0.26120569884000205
6802,0.23221815219125425
6803,0.319471224251862
6804,0.19755607846762133
6805,0.21764012195018914
6806,0.19449919367393803
6807,0.262302461630158
6808,0.25429110672532274
6809,0.21737432842664317
6810,0.25629304086621174
6811,0.28110571356513864
6812,0.21508986376280204
6813,0.2807023205286368
6814,0.23283126678028213
6815,0.2717288625077634
6816,0.29189481099185566
6817,0.27257388556922285
6818,0.24854894821556542
6819,0.24419072547172574
6820,0.25858773879157054
6821,0.233766074890886
6822,0.28167926015789285
6823,0.24615140661331855
6824,0.23068214324625053
6825,0.24256169584041376
6826,0.23189537349068287
6827,0.22849920807434893
6828,0.19119439660676266
6829,0.28567035100342514
6830,0.2715391418088594
6831,0.22861968553068193
6832,0.2979942642089393
6833,0.25853519988601903
6834,0.21537266358030438
6835,0.2544011189597611
6836,0.2649286156487979
6837,0.2188690383616561
6838,0.20286425294421456
6839,0.2608892831332046
6840,0.28178600683847027
6841,0.22498110221252088
6842,0.24140877180190495
6843,0.2693964065424324
6844,0.3026273174596045
6845,0.2411821039328517
6846,0.2646715227357889
6847,0.2714388538214728
6848,0.21779422863516798
6849,0.18440987914311802
6850,0.2984101408471301
6851,0.24256714742328567
6852,0.2581895200532434
6853,0.27395385022325996
6854,0.22024228399744622
6855,0.25067017166713523
6856,0.2430084984719725
6857,0.24192771537833754
6858,0.2481580660301903
6859,0.24676738324813777
6860,0.22173815692253546
6861,0.2639829872438547
6862,0.26230284189979813
6863,0.20574775561852518
6864,0.224755337374532
6865,0.25386167791966596
6866,0.2273341368788204
6867,0.17257965310526105
6868,0.20531780538783284
6869,0.20096729934603416
6870,0.274389822048443
6871,0.2868680249069011
6872,0.32095860962080663
6873,0.2182589009591774
6874,0.23344003827613996
6875,0.28720128934243394
6876,0.2426545236843487
6877,0.23330633965520978
6878,0.2781304711014796
6879,0.24264163717771048
6880,0.24553795899112155
6881,0.3057754813868599
6882,0.2456655105865724
6883,0.2481353773777382
6884,0.2598143475929008
6885,0.25415230217066737
6886,0.2673517756792101
6887,0.25480227386657894
6888,0.27313708117600055
6889,0.247764652980416
6890,0.22933038612593418
6891,0.20303392294704906
6892,0.2080431075506353
6893,0.21310540414733586
6894,0.25332555801480683
6895,0.2839657763149076
6896,0.2485868887052065
6897,0.1957449318256063
6898,0.24413716945926373
6899,0.2511014797446111
6900,0.2781681786516249
6901,0.2243480207475263
6902,0.342728291571186
6903,0.28733501044945264
6904,0.22423749666859166
6905,0.2916731667583987
6906,0.24663779208840408
6907,0.25285327472531854
6908,0.2185565509710637
6909,0.24711230947578292
6910,0.24009520069565432
6911,0.2534900374231606
6912,0.2169300078593288
6913,0.26704649020289384
6914,0.24510056398934332
6915,0.24156902539914202
6916,0.2932640019517454
6917,0.19624868229021583
6918,0.26835075652007734
6919,0.21577249499727222
6920,0.21349027573340865
6921,0.276702722221284
6922,0.22377352954946425
6923,0.1985801921261366
6924,0.23647541873242794
6925,0.24416500535364352
6926,0.20984043656897153
6927,0.22804402170641963
6928,0.23883425429766392
6929,0.25760542685640697
6930,0.30307088851654507
6931,0.17860289865509638
6932,0.2680548799523842
6933,0.21771898295925013
6934,0.2714043794057894
6935,0.22736326300711573
6936,0.23923762105453755
6937,0.22196897695269968
6938,0.2827886661060954
6939,0.25532196977141314
6940,0.2425954889462666
6941,0.27028302743846205
6942,0.38078887145106727
6943,0.2847988630062256
6944,0.27369615314899237
6945,0.2761669774362677
6946,0.2079186494238759
6947,0.20286158577730487
6948,0.27284481712513486
6949,0.2409438323353474
6950,0.19525314404235117
6951,0.2588376231757083
6952,0.23583695890579226
6953,0.29743167993281916
6954,0.253811691210593
6955,0.2215551400753758
6956,0.22774957827666223
6957,0.2302657857851109
6958,0.2016205078433846
6959,0.27689853979376
6960,0.30942217339892625
6961,0.263452209282954
6962,0.25089320642081436
6963,0.2095752094613353
6964,0.2383053832898444
6965,0.23629946743601446
6966,0.2076649692747015
6967,0.23487045864662404
6968,0.2383210227397887
6969,0.25153201303370526
6970,0.22917896871608323
6971,0.2331433646566793
6972,0.21883402696229004
6973,0.30386540140448354
6974,0.27319017470679224
6975,0.2920399011939593
6976,0.18628152170743031
6977,0.24251817903252867
6978,0.2449505128225829
6979,0.21333980570972197
6980,0.2627001214463355
6981,0.3175013567140896
6982,0.2483131675147303
6983,0.2658802392139067
6984,0.23000951137199951
6985,0.2654828007884476
6986,0.2478531547406636
6987,0.21544519580872734
6988,0.2242582366509
6989,0.2789087767767331
6990,0.23816870614431784
6991,0.25281381173743817
6992,0.23610911262295592
6993,0.23545284389555446
6994,0.2571051429600822
6995,0.2814583055559133
6996,0.2442621644558049
6997,0.1992959218350565
6998,0.22995126680629432
6999,0.2350058883092744
7000,0.2224206236127898
7001,0.3490153001898774
7002,0.24553405760103014
7003,0.3399067566861067
7004,0.2299032011368669
7005,0.25135347059081975
7006,0.2489034334436892
7007,0.26420209663194116
7008,0.2446705510154319
7009,0.23176458441711417
7010,0.2167246042158384
7011,0.25708871522611665
7012,0.23331643676776576
7013,0.22507155684877606
7014,0.2619515668966026
7015,0.3102944286118965
7016,0.3277640634424375
7017,0.24151364989747676
7018,0.25596361565634806
7019,0.24215813082216342
7020,0.18199676998606937
7021,0.22697934461012104
7022,0.22474191068125485
7023,0.30755844162903856
7024,0.21115047845503537
7025,0.23072392549559184
7026,0.26334827803404626
7027,0.28700301160633174
7028,0.28175542700632794
7029,0.23489535437979153
7030,0.2563588302382177
7031,0.18304232608442358
7032,0.22427384241185075
7033,0.26597895007404504
7034,0.3487801546700562
7035,0.24662753884972852
7036,0.24503312535878458
7037,0.2342515568809308
7038,0.21936935541117397
7039,0.22359586174858798
7040,0.25527426560488
7041,0.2951371458846447
7042,0.27640417071477136
7043,0.233252619346978
7044,0.2181790677061004
7045,0.28964403564461894
7046,0.2541463620762872
7047,0.2586266609890651
7048,0.2036757083190975
7049,0.2420924485170878
7050,0.2663868550091875
7051,0.20826040364682397
7052,0.296781126922951
7053,0.24146621752995806
7054,0.23538867944463537
7055,0.262743296415952
7056,0.25818594764160047
7057,0.3045124549812593
7058,0.34036220299239334
7059,0.23239649289900152
7060,0.27548430326888024
7061,0.1917197659799061
7062,0.26574667471798585
7063,0.2822006552995741
7064,0.22068538331774679
7065,0.23722417841609322
7066,0.19051889711604242
7067,0.26166600789590533
7068,0.26706941757640335
7069,0.24388994429596556
7070,0.33456234958472586
7071,0.2639080381379764
7072,0.23025750406078402
7073,0.22769213573959657
7074,0.34026546689619347
7075,0.2500272959936241
7076,0.25113398418197386
7077,0.24093671262637717
7078,0.22280965412535023
7079,0.1996598136602058
7080,0.2328819760262729
7081,0.26302238799092936
7082,0.26438258490257055
7083,0.22960166580549188
7084,0.20521715095790255
7085,0.25388890421218374
7086,0.24207877377149614
7087,0.24308949716697462
7088,0.23873233229181598
7089,0.21456117831667149
7090,0.28574515300966724
7091,0.23335809614577127
7092,0.24300957886195085
7093,0.26676903364015864
7094,0.24391941326475228
7095,0.3366448632804178
7096,0.2528732428033047
7097,0.28366778189942593
7098,0.22242079054228944
7099,0.24002141989941905
7100,0.3088735966046027
7101,0.227264744025323
7102,0.23671603550040665
7103,0.2649737068281667
7104,0.25686679308050075
7105,0.25765418338323826
7106,0.18552237418517226
7107,0.214349208987811
7108,0.2282240704077745
7109,0.2402618284041173
7110,0.20507829070859357
7111,0.21329678344740377
7112,0.23766366012486154
7113,0.21971990541452566
7114,0.24672293374089801
7115,0.24114867355502362
7116,0.20308571130368122
7117,0.2284180736096814
7118,0.25279432878099717
7119,0.23386150583326526
7120,0.34018037348800245
7121,0.32159072267267663
7122,0.21876652801856583
7123,0.22119602973960023
7124,0.2649546267148997
7125,0.3559467661489318
7126,0.2192846356255768
7127,0.2551780412041486
7128,0.24596021827119596
7129,0.2261323993634492
7130,0.2244483076745398
7131,0.2531157675931551
7132,0.2637220126365314
7133,0.24600174837783492
7134,0.21495905997106893
7135,0.21658792546382336
7136,0.1942507890041488
7137,0.21728727722608027
7138,0.23786935631277736
7139,0.33196737903019063
7140,0.23286094604517918
7141,0.26638386157033556
7142,0.20251633409221714
7143,0.2956220888747181
7144,0.2669776562633082
7145,0.26870696725975163
7146,0.1894875653031639
7147,0.18984511929225817
7148,0.2105549897030782
7149,0.25921193835491213
7150,0.225583133862482
7151,0.2554635205313889
7152,0.22731307576413978
7153,0.24091408050094762
7154,0.26027929457335924
7155,0.2745771595752039
7156,0.22055261886561062
7157,0.26768521080502067
7158,0.23518305228202377
7159,0.23606417077424524
7160,0.2831089394490451
7161,0.2378698645565475
7162,0.1984215601624526
7163,0.2343260909462906
7164,0.27071290705870465
7165,0.250843141918121
7166,0.2441498620176077
7167,0.29140112873731205
7168,0.25666712224905924
7169,0.2529676454749221
7170,0.25740550534682133
7171,0.2676579187445081
7172,0.24334955220910703
7173,0.25363466734231754
7174,0.259737485653082
7175,0.2069387925191469
7176,0.21166599919492923
7177,0.2543829454190041
7178,0.24216102286135516
7179,0.17501562133771878
7180,0.22020098420635978
7181,0.2626163426679967
7182,0.1961748614375323
7183,0.2612841624776343
7184,0.23224198895113118
7185,0.2368650125687737
7186,0.27682162692664897
7187,0.26317522696649603
7188,0.2763174056362899
7189,0.2506182349292537
7190,0.24670165713769285
7191,0.23459658276567227
7192,0.2470390168241284
7193,0.23077591250631183
7194,0.29732811110400936
7195,0.23713300550360458
7196,0.21027772990123283
7197,0.25747532100391973
7198,0.24201444880515793
7199,0.2917489447282065
7200,0.288969473184102
7201,0.26697914445974186
7202,0.21502771323060654
7203,0.26723294157499794
7204,0.252511380340688
7205,0.214951196528164
7206,0.24071876094483566
7207,0.2047647937219794
7208,0.25367706354085345
7209,0.20039771765048453
7210,0.2854295362801829
7211,0.21818429358307465
7212,0.28447245392053544
7213,0.2838987978030554
7214,0.22992110647968123
7215,0.27185395360685943
7216,0.23911588102028275
7217,0.2788766017908745
7218,0.24962251133947805
7219,0.2173587845469918
7220,0.2362034448277526
7221,0.272220570576527
7222,0.23523178201445014
7223,0.2132032451720011
7224,0.20135693738399363
7225,0.20651272658334516
7226,0.27968969874248906
7227,0.24766056694362987
7228,0.23261705201563357
7229,0.22518363625744728
7230,0.20745175365573765
7231,0.29557405589718405
7232,0.2763864316778211
7233,0.29654755319660836
7234,0.23525322105893326
7235,0.23545446674753148
7236,0.2507659079187416
7237,0.20131321185039258
7238,0.22210483633847866
7239,0.2054124725509227
7240,0.26257015008462387
7241,0.2262697921910666
7242,0.20315377293810233
7243,0.22084573723706788
7244,0.25358820283508865
7245,0.2623563049253607
7246,0.2529943707134052
7247,0.3012775437954001
7248,0.1980988840307857
7249,0.2501574226055951
7250,0.27785864229351875
7251,0.20460023422633963
7252,0.268431844129294
7253,0.2467024504964761
7254,0.3037384521487849
7255,0.24491476965676237
7256,0.1810643852752771
7257,0.30094314994735183
7258,0.25190708427954295
7259,0.2534033655616905
7260,0.2103234398865003
7261,0.24299938751254596
7262,0.2868317434713687
7263,0.22280506955060328
7264,0.21714821190327036
7265,0.2985203939120324
7266,0.23666588977560069
7267,0.24205645176741097
7268,0.26490161909808757
7269,0.25592327517148156
7270,0.2514686293337499
7271,0.23753047820129275
7272,0.21941552405660364
7273,0.2362487680569873
7274,0.22726714315493313
7275,0.2595591129910615
7276,0.21622062623461127
7277,0.19925185131148732
7278,0.20008978996423507
7279,0.254250932375923
7280,0.24728051985486538
7281,0.24369991967984186
7282,0.1924343464987436
7283,0.23723424673818833
7284,0.2402135894548459
7285,0.18551084063615572
7286,0.27494490257706694
7287,0.2723546165055466
7288,0.2954427259426883
7289,0.25046770251206474
7290,0.26773705610340937
7291,0.2977913746250239
7292,0.2779435584987501
7293,0.3341890071022844
7294,0.21559839078469753
7295,0.25264245910755934
7296,0.2384904673258429
7297,0.2454569892222365
7298,0.20561615368254962
7299,0.2768661980171554
7300,0.18107381934458677
7301,0.28041677966236644
7302,0.23966340172901635
7303,0.18539328054385418
7304,0.24546711335690508
7305,0.2640249934657243
7306,0.2616393074006719
7307,0.3372008466540912
7308,0.2489462747184062
7309,0.23577730822973458
7310,0.25795053151799824
7311,0.2372897808098665
7312,0.2609042845874338
7313,0.26676363866338165
7314,0.27484454232109107
7315,0.24410327007642452
7316,0.24997847770532616
7317,0.22312908333949605
7318,0.23633160159399993
7319,0.2648376847884559
7320,0.21773609822011486
7321,0.2622917336401513
7322,0.25757380702127164
7323,0.2655691058316946
7324,0.29970868341758516
7325,0.20632404453959483
7326,0.27825290879438214
7327,0.24032915885695233
7328,0.2724464074814979
7329,0.28036639577084976
7330,0.2402369299360715
7331,0.2449883988284226
7332,0.20754107858215012
7333,0.22742826724535767
7334,0.3050943636082883
7335,0.21911480338622052
7336,0.23890759406328538
7337,0.22868734935910354
7338,0.2609658711403471
7339,0.22647010952821406
7340,0.21911646430497395
7341,0.23127550331824734
7342,0.275873507966172
7343,0.2401064274383123
7344,0.22685033906339036
7345,0.28978765716022137
7346,0.24413172178491352
7347,0.24923434809164008
7348,0.19151259392254164
7349,0.19735062266593076
7350,0.21490293929966292
7351,0.23568544429500046
7352,0.1774841908176911
7353,0.20466072842315994
7354,0.22455753788882243
7355,0.23602956800701735
7356,0.2531418443734666
7357,0.19702686996988258
7358,0.31192755443756454
7359,0.19366510540006335
7360,0.2300325371528798
7361,0.25414720846180366
7362,0.2643712345708405
7363,0.21327209784452428
7364,0.2664092081898966
7365,0.24511136892125393
7366,0.23467855523490078
7367,0.32027866080042955
7368,0.27495956722500714
7369,0.21099699251261467
7370,0.2569671168571159
7371,0.24924438252383374
7372,0.25500089324297504
7373,0.34712334344470674
7374,0.19796934877554453
7375,0.24906689767285503
7376,0.2336711721147062
7377,0.22241400061517963
7378,0.2367478510431624
7379,0.22898119404144318
7380,0.24953773681793495
7381,0.2588479642149319
7382,0.23237506393534202
7383,0.2273033550925301
7384,0.2128768092969551
7385,0.23987272793246292
7386,0.2673478482204641
7387,0.23569269638996546
7388,0.22838899750907007
7389,0.22428019584017264
7390,0.2392226945675886
7391,0.24972064465217342
7392,0.3076332902711957
7393,0.2769659952771078
7394,0.26488753482256305
7395,0.24158179894023304
7396,0.19490455481859992
7397,0.2859973926020183
7398,0.2177439360999217
7399,0.2708493895908092
7400,0.24532457268388222
7401,0.24454574165825516
7402,0.21527282228726663
7403,0.20607126688076685
7404,0.20916838535634263
7405,0.2572860717596807
7406,0.2753364063185826
7407,0.21551258293829567
7408,0.22880029356743287
7409,0.24488416580654282
7410,0.24063127339553686
7411,0.26576948134938944
7412,0.24734155359213628
7413,0.2631817033626448
7414,0.21052788255325433
7415,0.2447411505515301
7416,0.21582722743790697
7417,0.22400143687611498
7418,0.2802695200902583
7419,0.24340768770648694
7420,0.1954562681594951
7421,0.22468207511291136
7422,0.24361522511139563
7423,0.28326936364579675
7424,0.31238058727716816
7425,0.24914223346948725
7426,0.24935095421338882
7427,0.26509357820102275
7428,0.24442068950966012
7429,0.26005888004192285
7430,0.2056631171556592
7431,0.2572067641871377
7432,0.23650928822333792
7433,0.2575071788788784
7434,0.2348888169997389
7435,0.2107769340326722
7436,0.2554801953017288
7437,0.31913471611269206
7438,0.2499817633607246
7439,0.3011146158358398
7440,0.3407151408700743
7441,0.21233562934430247
7442,0.2521689132216093
7443,0.20830168656818498
7444,0.23357160684199346
7445,0.22458916068590717
7446,0.22483553433882708
7447,0.23585221275287288
7448,0.29949192751852677
7449,0.31223818794795943
7450,0.24196147534415993
7451,0.23569521104045302
7452,0.25416980936166883
7453,0.25103264425889865
7454,0.2854999016354754
7455,0.22464128360576477
7456,0.26317359276171143
7457,0.27039115992752777
7458,0.23683126320984205
7459,0.20030764332765907
7460,0.26864515696654345
7461,0.2562342261415155
7462,0.28169341694515065
7463,0.2605363342229412
7464,0.2763167374496761
7465,0.2607678883837381
7466,0.25253092443933856
7467,0.22993212191948412
7468,0.2158902695106327
7469,0.29259671823672206
7470,0.22846346479441101
7471,0.24020805148215843
7472,0.23742276689018288
7473,0.32392994566145983
7474,0.2968796358922141
7475,0.2392801693437414
7476,0.23205031895951028
7477,0.30748212697304267
7478,0.2650910351469289
7479,0.27304598744425457
7480,0.21602315673759862
7481,0.29738171400074076
7482,0.2137402765403841
7483,0.3007733145083972
7484,0.2196070009799683
7485,0.24528206945880038
7486,0.3429208422502139
7487,0.23819876297435313
7488,0.24921430266619307
7489,0.27089870149285683
7490,0.26186204419395964
7491,0.192619938704878
7492,0.25506016714637564
7493,0.2634356649255288
7494,0.25345396229064415
7495,0.293522904960231
7496,0.285300508999362
7497,0.23275281642056572
7498,0.29603469872603855
7499,0.23124587623797774
7500,0.3123334033627567
7501,0.3109878158439746
7502,0.24089852046227214
7503,0.33832424133461725
7504,0.17227387999879634
7505,0.244283631130139
7506,0.2172103143291207
7507,0.2846040326560662
7508,0.2230403101989244
7509,0.2632903076352034
7510,0.2705954528913994
7511,0.24434010373116966
7512,0.21867789587528166
7513,0.2525801454189435
7514,0.2895567864741241
7515,0.3253192788247461
7516,0.21299547303682415
7517,0.2411252856903996
7518,0.22895450984874802
7519,0.3303917681186406
7520,0.23474172044276606
7521,0.26263699232858745
7522,0.24002797323557992
7523,0.28051177870925725
7524,0.2799966822300533
7525,0.28064507536170946
7526,0.28324609920446675
7527,0.22791266296511933
7528,0.2614852827548269
7529,0.20717187795652997
7530,0.23986699499591785
7531,0.2606678140062629
7532,0.24203762440711196
7533,0.340510486719726
7534,0.24850412013715062
7535,0.26288320930189163
7536,0.21327452537477415
7537,0.2593416634710864
7538,0.21518204456222462
7539,0.24040348115351257
7540,0.2592734242961234
7541,0.20859580131199482
7542,0.2671541354017818
7543,0.27403211004204814
7544,0.2633855513649613
7545,0.22185833483908776
7546,0.19449170634752794
7547,0.2542604304299616
7548,0.2778552295497148
7549,0.2509082624606187
7550,0.271960939132546
7551,0.3067475720338111
7552,0.3010668201880853
7553,0.26000409737782554
7554,0.23645511065644154
7555,0.2294366603948482
7556,0.2584277241789013
7557,0.23297573150547238
7558,0.2349253021856319
7559,0.24986816582312688
7560,0.2387005191277651
7561,0.2716946521300134
7562,0.23516913546833956
7563,0.2627173402849468
7564,0.2611530615052089
7565,0.22619105322465305
7566,0.2401464097062537
7567,0.21496363734639368
7568,0.2892582189373168
7569,0.22031962635695584
7570,0.18954039388009847
7571,0.22751191900330361
7572,0.2454465059725709
7573,0.3024712326923486
7574,0.22965010417365442
7575,0.29971015662155986
7576,0.2103520903984697
7577,0.2637748984788104
7578,0.30918392936883243
7579,0.23997689212519424
7580,0.2900948219885357
7581,0.30200554970410637
7582,0.2187647460093871
7583,0.27846017837183673
7584,0.252318630837783
7585,0.3268889504532762
7586,0.23615935039997044
7587,0.3417172580169855
7588,0.3099578991452991
7589,0.1925736126082427
7590,0.24634395725262426
7591,0.23633181005659742
7592,0.22617946064254033
7593,0.22538047676765305
7594,0.2329638199781774
7595,0.2636957257823047
7596,0.23983633613173197
7597,0.2611710733125394
7598,0.3304128564389707
7599,0.2634675321937033
7600,0.2647122280478959
7601,0.2697394953552867
7602,0.22719063802993153
7603,0.21814883511499125
7604,0.1743152228693667
7605,0.2178080929838547
7606,0.23429543835078182
7607,0.2795217419479896
7608,0.3310993864104141
7609,0.2467290452187448
7610,0.2593834819754212
7611,0.24565428778295628
7612,0.20648200733673114
7613,0.22334430210347145
7614,0.2685313412377671
7615,0.226714172268601
7616,0.2448550673851835
7617,0.23951386323692023
7618,0.2707704149584097
7619,0.2067146596755585
7620,0.24531638570183892
7621,0.2217654616063711
7622,0.2113934694677764
7623,0.2456211696567926
7624,0.24655545484976013
7625,0.21906244750327142
7626,0.24037705011297866
7627,0.27656970640538997
7628,0.2455568498410354
7629,0.20624861366435773
7630,0.31456037682172494
7631,0.27525263163795294
7632,0.2243462759925247
7633,0.2670617240131893
7634,0.2774820471247737
7635,0.23795965659556
7636,0.2336888202262017
7637,0.25985072043241714
7638,0.1962356503222322
7639,0.27104303599449725
7640,0.23617590394586824
7641,0.24098356815887637
7642,0.24606343815868428
7643,0.28628557483792866
7644,0.20406488367332498
7645,0.2643962935237857
7646,0.2403745363631127
7647,0.19175889057732076
7648,0.23965871230532376
7649,0.2354691233827415
7650,0.2818489258508454
7651,0.258602435946953
7652,0.21753345500895538
7653,0.3409142838671738
7654,0.2712708821470526
7655,0.24396271512455436
7656,0.3110346148768579
7657,0.21633638217021142
7658,0.34431555322884366
7659,0.3313938242653135
7660,0.23295975627384163
7661,0.25535618749137967
7662,0.23231623991958175
7663,0.20444874170114377
7664,0.24478422617568368
7665,0.2273599651748899
7666,0.2174151667648769
7667,0.2562111884914799
7668,0.2599105467804926
7669,0.24467060298318435
7670,0.19872603776039585
7671,0.2676293544516095
7672,0.28722401769785993
7673,0.2288260194033346
7674,0.25144061003162754
7675,0.2524201662838413
7676,0.2741674504461909
7677,0.20619415438886302
7678,0.22914687897336808
7679,0.1908154817154139
7680,0.23323155790046038
7681,0.19410510679439535
7682,0.26581867100003154
7683,0.269099389105009
7684,0.3165804562309431
7685,0.31209244647688905
7686,0.23890836319825748
7687,0.2403481769872398
7688,0.20448756103015367
7689,0.24649116302289553
7690,0.2183491718503153
7691,0.2907498816889672
7692,0.24206437279043402
7693,0.2812192869086739
7694,0.29141253970866215
7695,0.18506990239297275
7696,0.2253600162009947
7697,0.2229240482429126
7698,0.25921812642308134
7699,0.30707970533061524
7700,0.2674830778154531
7701,0.23672142247519937
7702,0.17465297764424895
7703,0.21351719036874206
7704,0.2466331651551972
7705,0.21431446491250694
7706,0.3255826847789604
7707,0.25809289134506713
7708,0.2333582156052168
7709,0.2262839101345111
7710,0.21812197288276172
7711,0.265534812624079
7712,0.2662529028664125
7713,0.2404705163060646
7714,0.2179922653934405
7715,0.2588584811400353
7716,0.1894729753453259
7717,0.24772440364367795
7718,0.24701086444086492
7719,0.24243052711975924
7720,0.2827255682873548
7721,0.27590460614168344
7722,0.2686482800198008
7723,0.2463765954414408
7724,0.2588610654045413
7725,0.2493305136923731
7726,0.25365122183029637
7727,0.24961448197962796
7728,0.19630354090158145
7729,0.257626988939678
7730,0.27309393981092533
7731,0.28212854671936155
7732,0.27606283472339266
7733,0.2676666462404529
7734,0.2526556372516187
7735,0.23257333522748289
7736,0.24074639622769525
7737,0.1808077127873885
7738,0.29200489272687974
7739,0.223723940236496
7740,0.23676707930038393
7741,0.20554801335332856
7742,0.25497522076909923
7743,0.3073466230945053
7744,0.2509742756117869
7745,0.2626293520274642
7746,0.24498783419420045
7747,0.26096927704248907
7748,0.27954803701213937
7749,0.29424651123917794
7750,0.22756702525981398
7751,0.3285850006860608
7752,0.2503367818984149
7753,0.24786356289206335
7754,0.23236841479400053
7755,0.2048752783710619
7756,0.2692804773571407
7757,0.3131628855557453
7758,0.2210952271208051
7759,0.2487080718911295
7760,0.2800027528931351
7761,0.24972312889646542
7762,0.2766358384877335
7763,0.23488276833350874
7764,0.34554244012262686
7765,0.18844093404894977
7766,0.21236948399357647
7767,0.29119628161013106
7768,0.19124452208447082
7769,0.22564558678861668
7770,0.2569551169992641
7771,0.2427905430629602
7772,0.29670994507770654
7773,0.19734869485118406
7774,0.23731222189449971
7775,0.21642192118998632
7776,0.26075631729504795
7777,0.2045994511676914
7778,0.2334409125275023
7779,0.25720313849247384
7780,0.28609348079629193
7781,0.21098149564940213
7782,0.23660331972904897
7783,0.23367532418187031
7784,0.2932455092295767
7785,0.24446850890359362
7786,0.2704718226466241
7787,0.24606382679027902
7788,0.2848416432305067
7789,0.21707485554200598
7790,0.30337300228766345
7791,0.20396868492832268
7792,0.23589264779660427
7793,0.27957981704542245
7794,0.2310251583679137
7795,0.25905505629723635
7796,0.23515613201976227
7797,0.2469503403636699
7798,0.26582557194120665
7799,0.2672297279672012
7800,0.2053608498520709
7801,0.2520069978469534
7802,0.22626552426737429
7803,0.2098295602685796
7804,0.24399806284885822
7805,0.2664053780492481
7806,0.20709519807222015
7807,0.25532970391404036
7808,0.27854231718376743
7809,0.1943646928347904
7810,0.23792203268767867
7811,0.2648458279776674
7812,0.21036663073836243
7813,0.2636056898959475
7814,0.25383864535006284
7815,0.21666212670924237
7816,0.24903578324107511
7817,0.21733294750140777
7818,0.24519605084283821
7819,0.21559018629595808
7820,0.27456086944562147
7821,0.21894041138010367
7822,0.27577662526600677
7823,0.2593300588634817
7824,0.24533011754442421
7825,0.250178686522769
7826,0.19777034822094616
7827,0.23667156304849488
7828,0.3329859475494295
7829,0.28564281760785143
7830,0.27972601237289163
7831,0.3084467046794157
7832,0.2479365782620817
7833,0.25605185324235247
7834,0.2534516165296561
7835,0.32055484291825387
7836,0.26460589556419667
7837,0.2248904410748249
7838,0.22775289127629053
7839,0.28337652123355167
7840,0.26544094767881343
7841,0.20811627031057975
7842,0.2505565988517335
7843,0.23439401059601006
7844,0.26002542494483016
7845,0.21672823057337473
7846,0.22811256865547483
7847,0.2864892662133109
7848,0.2079822916780327
7849,0.23969022393315131
7850,0.24779988327243832
7851,0.28752360659722376
7852,0.27908176754744296
7853,0.2690950021608309
7854,0.30054748270148607
7855,0.2482549579588466
7856,0.25661691250351615
7857,0.251747276164532
7858,0.21534609416198375
7859,0.30733043532229964
7860,0.23270694775833137
7861,0.2002744038526234
7862,0.28959622542091806
7863,0.3174332371240059
7864,0.2832250674314375
7865,0.29498684252096896
7866,0.222426334908976
7867,0.23586933850164835
7868,0.2622196062507291
7869,0.2442841353172949
7870,0.2092349311177992
7871,0.26866595739844956
7872,0.24722454314910303
7873,0.22324839790366724
7874,0.23894093521349202
7875,0.19701928671373614
7876,0.21456529715487968
7877,0.24643644090081698
7878,0.2381848915167618
7879,0.30209178386836427
7880,0.24990909040471668
7881,0.20953585111086467
7882,0.2073132923073116
7883,0.1940415469558216
7884,0.23524560122458427
7885,0.24147258642075
7886,0.22764018518098908
7887,0.3041929011298043
7888,0.20865221887493363
7889,0.2521167597635664
7890,0.19984153538350163
7891,0.24895051698601317
7892,0.25619977416688533
7893,0.2725062212919321
7894,0.2066489294150695
7895,0.26885509029325233
7896,0.33253502942590973
7897,0.25781872589751775
7898,0.24912350146694914
7899,0.30224750241501197
7900,0.2678524106418821
7901,0.21686911749743773
7902,0.22669008461534781
7903,0.21536031969358313
7904,0.26251708584301986
7905,0.2662885147713025
7906,0.22637886256294237
7907,0.24431862056360962
7908,0.25758833229377653
7909,0.2780697068636492
7910,0.25009140242346595
7911,0.24075563028952943
7912,0.25745954525008274
7913,0.2986775630082405
7914,0.26159696396309773
7915,0.23679063504743397
7916,0.28467748599635023
7917,0.22929967710239674
7918,0.270583048854005
7919,0.2662411746315201
7920,0.26882658059011294
7921,0.2554729742585668
7922,0.2980190848118523
7923,0.19578325972312463
7924,0.23342277481953158
7925,0.2520383874181449
7926,0.2600502004971031
7927,0.2795242913342947
7928,0.19673040830216987
7929,0.24697527009176815
7930,0.2350290224879055
7931,0.2224684185722715
7932,0.28438286118014783
7933,0.26254129756329736
7934,0.15670423996967542
7935,0.2516348765159153
7936,0.3010756872757369
7937,0.2285279159657322
7938,0.2496944967562324
7939,0.20919283917774914
7940,0.25177531868468706
7941,0.2625581980072064
7942,0.24077843983448285
7943,0.1952797029666614
7944,0.2569132199996067
7945,0.355095721467684
7946,0.2209570226476886
7947,0.24492759736620048
7948,0.24928036947953205
7949,0.22516207733038585
7950,0.17933574245107817
7951,0.24028120662055813
7952,0.1976419245171132
7953,0.25364177900888346
7954,0.21589451654483305
7955,0.22078946078243605
7956,0.24310294685236628
7957,0.2946885386741642
7958,0.27755239622565225
7959,0.2832721816650902
7960,0.25977227124331276
7961,0.2119639737051936
7962,0.27407524836352687
7963,0.27148716455927674
7964,0.23253823703000742
7965,0.24219387508567033
7966,0.2732464832006971
7967,0.21904061599353947
7968,0.26732247442440316
7969,0.2879693125661691
7970,0.3197683866644822
7971,0.2922816261468161
7972,0.2382039900580333
7973,0.21390357311686045
7974,0.26512481987088543
7975,0.3182917952852599
7976,0.252351888501996
7977,0.20439848922471904
7978,0.2546094276218946
7979,0.32308380933637393
7980,0.22496665678903263
7981,0.2401883289607148
7982,0.21878108768795843
7983,0.26922607566132345
7984,0.2386060356709071
7985,0.21121564358143827
7986,0.23423676555242642
7987,0.28078329617120945
7988,0.2568468096414282
7989,0.2835961143241544
7990,0.28731250196453995
7991,0.28986049407212294
7992,0.25751764598972054
7993,0.21438459781905717
7994,0.23868464492877198
7995,0.2437227722331375
7996,0.2744161039348045
7997,0.22222758131244943
7998,0.2591597162472284
7999,0.24352213552965582
8000,0.21760430474414824
8001,0.25648049202683054
8002,0.22370689469603902
8003,0.22960786931062513
8004,0.29385198318024514
8005,0.24094190049026368
8006,0.25105024471039
8007,0.23664397125376618
8008,0.20439937826437277
8009,0.2109680182879898
8010,0.2777908718586936
8011,0.25034052420399694
8012,0.247944026637222
8013,0.33943958540149194
8014,0.24601706802093676
8015,0.2514119876593053
8016,0.25844118224713
8017,0.242923866715227
8018,0.25991701491204683
8019,0.20881160492707115
8020,0.18992033171836498
8021,0.22753660263854494
8022,0.3242398126258601
8023,0.23654708603675248
8024,0.22316101228597818
8025,0.27104847419054406
8026,0.2424378811636669
8027,0.31786638364029285
8028,0.2154142664298969
8029,0.3339485164748662
8030,0.2910106476106412
8031,0.23120115157501198
8032,0.25792620443117126
8033,0.22210448062937957
8034,0.219376625612941
8035,0.24450905185946528
8036,0.24698395109423196
8037,0.2557368318178123
8038,0.20435017226140784
8039,0.2587137145985727
8040,0.27640517248475593
8041,0.24423131904643683
8042,0.24061003380713525
8043,0.23151331781023912
8044,0.23933978926717248
8045,0.23528305276894718
8046,0.2105682688448732
8047,0.2935446004257749
8048,0.2228316870582858
8049,0.21126062559621153
8050,0.23531048782027444
8051,0.23358511526582015
8052,0.24359105838989098
8053,0.2782985868240802
8054,0.21446764504452676
8055,0.25973620896816874
8056,0.18500943128690991
8057,0.2658096559467975
8058,0.2586310259589744
8059,0.23059810645674703
8060,0.2349894478218958
8061,0.2513840718934371
8062,0.21751774972767213
8063,0.20059392114759514
8064,0.3004950996374725
8065,0.23393051269016102
8066,0.1706641558006599
8067,0.27037254138564387
8068,0.2646458324146475
8069,0.3533580231851722
8070,0.27828899748092945
8071,0.2518438864185263
8072,0.2620957567496234
8073,0.2156479823331224
8074,0.235534007120224
8075,0.23177319428852125
8076,0.19447501247119733
8077,0.2725320999974455
8078,0.28040509440283345
8079,0.25538486668790394
8080,0.2530938098654671
8081,0.29742298101854103
8082,0.24165995512631921
8083,0.37128534284481846
8084,0.2496925659549799
8085,0.27592926776555726
8086,0.2459654419907944
8087,0.21680637314781445
8088,0.2522275047574703
8089,0.24423644820438067
8090,0.20352419008170858
8091,0.29434235809781534
8092,0.2495117393434159
8093,0.27498772500650115
8094,0.23850349900162535
8095,0.2584090694153974
8096,0.2105888846374133
8097,0.3212625469607283
8098,0.18692143497504493
8099,0.22964305074666835
8100,0.30903868019020403
8101,0.2508218011470811
8102,0.25855483898363274
8103,0.24014900271738193
8104,0.27467794084069086
8105,0.22607049906843316
8106,0.21902578450966503
8107,0.2804949373981153
8108,0.23265386287645487
8109,0.2842385319979161
8110,0.28534646097577143
8111,0.3401769879528314
8112,0.22738382205801572
8113,0.263763389896542
8114,0.2177001302479876
8115,0.3251508214091148
8116,0.24468588224057491
8117,0.2499323049732016
8118,0.24941973521692146
8119,0.2964464051009817
8120,0.2365745580710677
8121,0.23997472772276982
8122,0.2155868760410978
8123,0.30236921171543873
8124,0.2784996463476955
8125,0.2184192795160998
8126,0.21487083546464217
8127,0.20326432714860423
8128,0.26699684270760177
8129,0.24826563100064855
8130,0.2138043254883256
8131,0.213083688156096
8132,0.2473582453249847
8133,0.2669183200187488
8134,0.273553739208254
8135,0.21888301166476645
8136,0.20651253823791657
8137,0.21740985695770543
8138,0.25533505374876175
8139,0.2922591219221261
8140,0.21782445307682274
8141,0.24302904757305396
8142,0.26280176538126293
8143,0.21780499176596985
8144,0.24809145305614355
8145,0.2410506300217111
8146,0.2744177865270039
8147,0.22460656859344663
8148,0.23689789727465338
8149,0.2677108629075647
8150,0.2548338766958405
8151,0.2610280075750956
8152,0.2471112608321475
8153,0.26693005050840396
8154,0.23394049246367796
8155,0.308088606868606
8156,0.33724677968614286
8157,0.3034526813649873
8158,0.20334120707720663
8159,0.195544632882305
8160,0.23448773133421583
8161,0.23809402124525067
8162,0.18867462659889284
8163,0.26590328671703034
8164,0.22127404260762704
8165,0.3048339241752829
8166,0.24870793445841033
8167,0.1968660344931454
8168,0.24677775366758328
8169,0.21505169756480805
8170,0.26894238971912315
8171,0.2658568822488758
8172,0.3072838217349688
8173,0.23612806698850697
8174,0.24590932186346984
8175,0.2880096427720788
8176,0.2553131990479488
8177,0.27527116402372936
8178,0.23998200117825086
8179,0.2835034545044358
8180,0.22457701673150704
8181,0.28490145144833495
8182,0.2338587090202887
8183,0.21768260391328145
8184,0.2650004151272222
8185,0.2763201069700716
8186,0.27560356467172203
8187,0.22919058289920727
8188,0.25215696201153404
8189,0.254772563864947
8190,0.2614938637543656
8191,0.24319010180972073
8192,0.23451095484531362
8193,0.30427365306333926
8194,0.21642677090203835
8195,0.27830032421015843
8196,0.24646848721035217
8197,0.2842373565241778
8198,0.2557913306823419
8199,0.274790528743775
8200,0.28229834713418117
8201,0.2103867091890663
8202,0.18797603319506004
8203,0.24589355912414124
8204,0.25773069876222765
8205,0.34115949108579413
8206,0.26843442975083415
8207,0.29490575121504625
8208,0.2951760473110024
8209,0.22614643636363724
8210,0.22460259538112406
8211,0.23538371814417156
8212,0.22273074024782516
8213,0.263533936313651
8214,0.21072208795787167
8215,0.25828661628707306
8216,0.22895849827927608
8217,0.21812318182708357
8218,0.2167878963882429
8219,0.23807992905636524
8220,0.3269033410657059
8221,0.25454545537793277
8222,0.26190118541621127
8223,0.22616356515422795
8224,0.22108064275870365
8225,0.2463388183321779
8226,0.33824804474941056
8227,0.19566988271733188
8228,0.38356753563823104
8229,0.2722683228182557
8230,0.3040500237447412
8231,0.23767703652038513
8232,0.25355250539537344
8233,0.26669004103672594
8234,0.26025686768794565
8235,0.26276252327753563
8236,0.2372370347802243
8237,0.2709459173330746
8238,0.22913265295007396
8239,0.2758125191791951
8240,0.21163447443897898
8241,0.24525211301040287
8242,0.32887360201871524
8243,0.2618755105338815
8244,0.2755826014225405
8245,0.2637783931288486
8246,0.2842749190800501
8247,0.2236671896815856
8248,0.24624029269022898
8249,0.2797784051790234
8250,0.2879479880267572
8251,0.27029171515821193
8252,0.23446015900781375
8253,0.2178886494091054
8254,0.2098547898782139
8255,0.2907855575773054
8256,0.19413819204552632
8257,0.2884390596302041
8258,0.2623398435292189
8259,0.2356284294250418
8260,0.2141883981076278
8261,0.3463299615418637
8262,0.2622652825446163
8263,0.2541625540143846
8264,0.2589321079826591
8265,0.22542330020394058
8266,0.34026075066786327
8267,0.2342116702069092
8268,0.2533952487914161
8269,0.23298305453147725
8270,0.27213423148241306
8271,0.22028850141884657
8272,0.19607971609654232
8273,0.3219145686293104
8274,0.2506201435474412
8275,0.20820981058621385
8276,0.2704937873332158
8277,0.20927823723488287
8278,0.3321211177940062
8279,0.23230916082680825
8280,0.18522279426939958
8281,0.27846238967254894
8282,0.2167943615974855
8283,0.22384325765016924
8284,0.25879373646779485
8285,0.2614702905714506
8286,0.22773402512987512
8287,0.16656018396525077
8288,0.22786931549342848
8289,0.30540082143785807
8290,0.23536033815115437
8291,0.2317646081857601
8292,0.24686232017381388
8293,0.2762823531967792
8294,0.2217368589149244
8295,0.21415530428280447
8296,0.2807396862980197
8297,0.20186171577379952
8298,0.1974083354227052
8299,0.3000210067471243
8300,0.1988558370860284
8301,0.22267635760701465
8302,0.26118985237530495
8303,0.2662221087158243
8304,0.27100612055667456
8305,0.1757837936218944
8306,0.2195989298787868
8307,0.2975907827426871
8308,0.2200541114995632
8309,0.27673093202027055
8310,0.2383782219265267
8311,0.24762138716437315
8312,0.2723867219273962
8313,0.24947274614754564
8314,0.23068817519216878
8315,0.23217279189304185
8316,0.2251415863039857
8317,0.2908036012155612
8318,0.27838897055060535
8319,0.21992953505203117
8320,0.2371580926511985
8321,0.18779586052583602
8322,0.30128092075476065
8323,0.30601752454209546
8324,0.1989191531807049
8325,0.21824762553467997
8326,0.18460200859666887
8327,0.23115575047203366
8328,0.30441531649174247
8329,0.24833924402235985
8330,0.3013239231762129
8331,0.2569672864692106
8332,0.2623892062161521
8333,0.2504851019733908
8334,0.27437733922234425
8335,0.27406223257863654
8336,0.24281468992498914
8337,0.21571419871984224
8338,0.22647268871277118
8339,0.2317285434887539
8340,0.2404619482918113
8341,0.24554428404912135
8342,0.19972016419632255
8343,0.3351572085420612
8344,0.2374889836523427
8345,0.22872884240139954
8346,0.34669450178776784
8347,0.31338824255802056
8348,0.2447632015545119
8349,0.25417807922336894
8350,0.29669495463307965
8351,0.20792215874535835
8352,0.22128854635106004
8353,0.28473165878980666
8354,0.2547441566627025
8355,0.3176610471669417
8356,0.2593848397274102
8357,0.26339200155462844
8358,0.22149324692662103
8359,0.2149323300007062
8360,0.2652651391836158
8361,0.27096696527607633
8362,0.27348510481338356
8363,0.21493260596460606
8364,0.22365498207037962
8365,0.19192415552759856
8366,0.23081293576607043
8367,0.266840431348598
8368,0.2876579362218135
8369,0.2107286263032432
8370,0.23923108947591878
8371,0.2568433481142125
8372,0.24460880418954228
8373,0.22532142317913473
8374,0.2502913297172695
8375,0.1801430231755997
8376,0.1982759824174755
8377,0.22595382091145377
8378,0.2948613093300553
8379,0.16539386176650173
8380,0.29667678071992365
8381,0.24873450082155435
8382,0.19701369083469536
8383,0.2760500266929173
8384,0.2897272008457985
8385,0.1951681439106663
8386,0.22393498529739023
8387,0.2668193822745114
8388,0.2672718882978165
8389,0.22309276920991863
8390,0.21238667581161705
8391,0.24273471069274222
8392,0.2904961524722777
8393,0.2548805799541329
8394,0.222452836768398
8395,0.2962262796166203
8396,0.20469318166711298
8397,0.21486598548853686
8398,0.2505216090612859
8399,0.20220584618539708
8400,0.2193808480047562
8401,0.2591192868323346
8402,0.26115523066920804
8403,0.23377710615642638
8404,0.2807817821634813
8405,0.21022312910554075
8406,0.29876076952493213
8407,0.20484581065025587
8408,0.22436225810419885
8409,0.27543720753403217
8410,0.23151032624470153
8411,0.23076543976487845
8412,0.2192844475226408
8413,0.23470999731328682
8414,0.2539499547447275
8415,0.25455405942747755
8416,0.2696088149521933
8417,0.23238479645006213
8418,0.25923983725050076
8419,0.20770168693595062
8420,0.214570311635571
8421,0.2706700528279157
8422,0.22987223850409375
8423,0.2334559403688507
8424,0.19879453084978646
8425,0.27306870718867726
8426,0.330303177342237
8427,0.17051932502048392
8428,0.24770016761066269
8429,0.22715545192915795
8430,0.275935380577527
8431,0.2482807926927179
8432,0.19876296621569528
8433,0.31391188685050125
8434,0.222759233174299
8435,0.2676662705636316
8436,0.22368186083332528
8437,0.22780094239927381
8438,0.2815904927489943
8439,0.2283069697011453
8440,0.2713938796369793
8441,0.25449211037878255
8442,0.21144344013443017
8443,0.24163045423614787
8444,0.19336529913658065
8445,0.19977529508354314
8446,0.21636026308767803
8447,0.2131082266724451
8448,0.20624467895233128
8449,0.25503503132161554
8450,0.18910581171709137
8451,0.2693532218861874
8452,0.2562497523413958
8453,0.26156775294837903
8454,0.3008223639667893
8455,0.22264175686896454
8456,0.2759475364088565
8457,0.22518384617079268
8458,0.23250421678607588
8459,0.2683022915869488
8460,0.2665358983290451
8461,0.2365028843496507
8462,0.25035609299166733
8463,0.2523279817897725
8464,0.27158111290192977
8465,0.2425120610744598
8466,0.23377226416741986
8467,0.30653559789915186
8468,0.27085351440393907
8469,0.2907552424593635
8470,0.2567238623398493
8471,0.23219128681022638
8472,0.2544312385154836
8473,0.2162770022953987
8474,0.28132550033200476
8475,0.28575249257869173
8476,0.2590360621442199
8477,0.21533267864896213
8478,0.23146416532925124
8479,0.28177750002579177
8480,0.19643640680102215
8481,0.27612787637594116
8482,0.22431922281268207
8483,0.23427093688511655
8484,0.22227335989718505
8485,0.2502853935356058
8486,0.22507099506115036
8487,0.33509565406470254
8488,0.24699755243934426
8489,0.2956878561515993
8490,0.24420075917448292
8491,0.25205672799034284
8492,0.32644142617401267
8493,0.18533301634244803
8494,0.2205072895500518
8495,0.24437684429872755
8496,0.33491452357748397
8497,0.2595881340173798
8498,0.25547053574305373
8499,0.24931152145844052
8500,0.22581910369920538
8501,0.2532074468054305
8502,0.2668349807822043
8503,0.2830387343313975
8504,0.2211845375822175
8505,0.2762385172463031
8506,0.23058573721360145
8507,0.2971674384639728
8508,0.23686550228002168
8509,0.3506600926291962
8510,0.21887406951415292
8511,0.26561491559980044
8512,0.2580065962944308
8513,0.2086072652870736
8514,0.31063735772848944
8515,0.28151925522642623
8516,0.24072045523409386
8517,0.24778410078227375
8518,0.2626334627620328
8519,0.2733040614871743
8520,0.22531605792303502
8521,0.2531906630041979
8522,0.1998241263353462
8523,0.2465972435124665
8524,0.3392964381271408
8525,0.25017704040494027
8526,0.25419036506761966
8527,0.23316291800337305
8528,0.20769631996431948
8529,0.2405682088152935
8530,0.26405037694572386
8531,0.18506699561908285
8532,0.24198006300794023
8533,0.20564953800479957
8534,0.22325360199386945
8535,0.2389457566605338
8536,0.23982131538050466
8537,0.19777302048862538
8538,0.27710258023693396
8539,0.28010598293868594
8540,0.3149272827068767
8541,0.20282309304482737
8542,0.2433304987270589
8543,0.24680359140245905
8544,0.27894488739286044
8545,0.24313751485101712
8546,0.22019872907829308
8547,0.2623180941065913
8548,0.2942145458610599
8549,0.25239055696464824
8550,0.3165609413687331
8551,0.21573908972782813
8552,0.22004003004483386
8553,0.2609255031666703
8554,0.2228477688506107
8555,0.37048562277377445
8556,0.2602543009933058
8557,0.20940145739351723
8558,0.23306175759478384
8559,0.23611035930619093
8560,0.20553328618946262
8561,0.1796245237937515
8562,0.2315110696249569
8563,0.2859288650752517
8564,0.29297904974976935
8565,0.24123590537863157
8566,0.22325387321002527
8567,0.2850383782531277
8568,0.22246861729409695
8569,0.29284287040582946
8570,0.27686371767157647
8571,0.22526893054787603
8572,0.27267538609509473
8573,0.29143677481770675
8574,0.21580083681511603
8575,0.23459136638648692
8576,0.25162632302340987
8577,0.22912847496384017
8578,0.2565465648287292
8579,0.2644258291095856
8580,0.21607285345924995
8581,0.27502856684027877
8582,0.2045821925023796
8583,0.3021595669013277
8584,0.20623774580295665
8585,0.23312766936043533
8586,0.2304332805367507
8587,0.22492286981561777
8588,0.24283459683911754
8589,0.25171381229518336
8590,0.257837045828804
8591,0.22565715240914522
8592,0.20671854155645578
8593,0.24640531664575294
8594,0.2879735892377585
8595,0.17652201458930478
8596,0.24323944866090838
8597,0.21871315043476314
8598,0.22496113280444494
8599,0.28908404650037606
8600,0.22340138530879877
8601,0.21326665372193734
8602,0.2961047477574127
8603,0.23696634046991713
8604,0.24127693472423023
8605,0.25535564609459654
8606,0.20415587659665393
8607,0.21294971522837167
8608,0.20400270765847062
8609,0.1883744917685439
8610,0.228222121177143
8611,0.2430717855598659
8612,0.2722330418162649
8613,0.20756268834787445
8614,0.2557507065429847
8615,0.3447326776949524
8616,0.18777019592915667
8617,0.25970865448414404
8618,0.2458824786693909
8619,0.20095332117015222
8620,0.23144019994446777
8621,0.2440616601476053
8622,0.19973525330841327
8623,0.2482200011876509
8624,0.2499073254675967
8625,0.24839898164815785
8626,0.2542890062598848
8627,0.20970146798533
8628,0.34117851376231845
8629,0.31111067223644495
8630,0.22920640284524527
8631,0.252117922163984
8632,0.2796512816788935
8633,0.2596640124169397
8634,0.2662961179938783
8635,0.22686243307875886
8636,0.22475874128164147
8637,0.2502053270377335
8638,0.24891320119411364
8639,0.23839496080962796
8640,0.3216461488691426
8641,0.2774737278539655
8642,0.28686318022497637
8643,0.25798807212563274
8644,0.23580396250678023
8645,0.24484321097840034
8646,0.22633111277625048
8647,0.2346319331777915
8648,0.23483587047899424
8649,0.2180854838930075
8650,0.2324238891598255
8651,0.23807457946954252
8652,0.19408391810485193
8653,0.22505021482174628
8654,0.24270761823500475
8655,0.26676205256393776
8656,0.25366959473992695
8657,0.23641016774444712
8658,0.19417837988136888
8659,0.21747402124581872
8660,0.25123506479048635
8661,0.23897665062443518
8662,0.2585135155866419
8663,0.2697682810712955
8664,0.25254914484119817
8665,0.25478690948280536
8666,0.23946441431930318
8667,0.3296860288143023
8668,0.21403469489397586
8669,0.26236939214658966
8670,0.21694317587703255
8671,0.2521176729081768
8672,0.22951137419653614
8673,0.30191237672690485
8674,0.233941484307673
8675,0.22537905651592405
8676,0.25480432537745157
8677,0.217418445227275
8678,0.26591906598980775
8679,0.3391479939269286
8680,0.2733863669963418
8681,0.21410730112441928
8682,0.21760518617940144
8683,0.2996382503584018
8684,0.22994027774282022
8685,0.3160593612673923
8686,0.2315398681540778
8687,0.2775151163875612
8688,0.2482739916232448
8689,0.23087523834987314
8690,0.26051568587495993
8691,0.23938759384946687
8692,0.24501266075144426
8693,0.281217998251361
8694,0.22435168518432091
8695,0.2556169257778408
8696,0.28500758480026317
8697,0.2802053500474357
8698,0.2629249304899337
8699,0.20489667305595852
8700,0.22302436727811759
8701,0.28601125836431535
8702,0.2183997522207947
8703,0.19984160283027316
8704,0.21210894006856004
8705,0.27458572938250286
8706,0.310304619940118
8707,0.21775258983494844
8708,0.23835838658280115
8709,0.2628224117300879
8710,0.27165197827664445
8711,0.2815292129397097
8712,0.21414975386695498
8713,0.2822723837718978
8714,0.2660548586335747
8715,0.20439148390934073
8716,0.2563972353149514
8717,0.23960563699327622
8718,0.2283204939446857
8719,0.2667260363012596
8720,0.20748600069403642
8721,0.22447505319993907
8722,0.2492052727697545
8723,0.27149924450514856
8724,0.23868019961135362
8725,0.25906214497660973
8726,0.22182190836999602
8727,0.21258114846617024
8728,0.23658397562650135
8729,0.27075934394252693
8730,0.20773090712064354
8731,0.27963009387548554
8732,0.2033188980439489
8733,0.23988872993468446
8734,0.2515733170553296
8735,0.3278930600176874
8736,0.22383147611521031
8737,0.2502619385691204
8738,0.24393206649715587
8739,0.2431266993687289
8740,0.31989416353407496
8741,0.23729193777295376
8742,0.26444297378712084
8743,0.2309381267810657
8744,0.2549252138264853
8745,0.20804877896342067
8746,0.2997973801034076
8747,0.22849293165445375
8748,0.23575788800965958
8749,0.24531365340991054
8750,0.22668186912390242
8751,0.25357360104666327
8752,0.3097467103771845
8753,0.2522877638559361
8754,0.2463821500216683
8755,0.2192856799326545
8756,0.29795769267044786
8757,0.28919212182438814
8758,0.17684410663865294
8759,0.2574895107403384
8760,0.20701863372410598
8761,0.27487848902980294
8762,0.23945386621933482
8763,0.2147657546690481
8764,0.2741900548256858
8765,0.2951949354574634
8766,0.24154512879171924
8767,0.3008820373456203
8768,0.2981424735308231
8769,0.3309047108237627
8770,0.2728309319375028
8771,0.2957617824048136
8772,0.2391431818824651
8773,0.2041151770968993
8774,0.24476762898327753
8775,0.24707188779937786
8776,0.2723263633773086
8777,0.24562310983438027
8778,0.24524323340222895
8779,0.2305756296150858
8780,0.2169328094030584
8781,0.26580162710620814
8782,0.2594361888026886
8783,0.2414452591250812
8784,0.2234882054883846
8785,0.21378460958250395
8786,0.23708620198093527
8787,0.2299761059024246
8788,0.27808663586716054
8789,0.19659954210844482
8790,0.2356580042146569
8791,0.2231486057025953
8792,0.24194111271159285
8793,0.27465200967805886
8794,0.25438263674236217
8795,0.2429910619559617
8796,0.24973271748086617
8797,0.2594409593277859
8798,0.23881781233140834
8799,0.30957182850678017
8800,0.24490973950101458
8801,0.2822638164865535
8802,0.27545248014541457
8803,0.26239088624743845
8804,0.25247394760945724
8805,0.18663096274813046
8806,0.2459782376032064
8807,0.24075187580047805
8808,0.24841084870270666
8809,0.22596839582005868
8810,0.24376882984541354
8811,0.24592035706459847
8812,0.2308178571643318
8813,0.25189696013453994
8814,0.26365890412652715
8815,0.22583077167351778
8816,0.36091115301693916
8817,0.21275714298972753
8818,0.1869143372049498
8819,0.24457317376508955
8820,0.2368242806733158
8821,0.29087237903806507
8822,0.21507538267515508
8823,0.23477425278820957
8824,0.28533902036738806
8825,0.23573281616217057
8826,0.2581451357730027
8827,0.2661920356209447
8828,0.26544547211749736
8829,0.2219817407295692
8830,0.2772352308443155
8831,0.2528778538977099
8832,0.21616936654676813
8833,0.23015795421784258
8834,0.2473601211013024
8835,0.2566280837233481
8836,0.2565093843077458
8837,0.2333096380378181
8838,0.2549475938387727
8839,0.2626603446357748
8840,0.23832602180446866
8841,0.3027948305289812
8842,0.23482224443067953
8843,0.2646225623805087
8844,0.23115921441884807
8845,0.28309136959071934
8846,0.20942061359522202
8847,0.22874784911377408
8848,0.28936988562857785
8849,0.2507285348242333
8850,0.3360986562962065
8851,0.3427610604381102
8852,0.22087159712073956
8853,0.2468511586417362
8854,0.28253562893478806
8855,0.22253149670784883
8856,0.2197338318835888
8857,0.25563671248311726
8858,0.23460544265478323
8859,0.20105387565663294
8860,0.3420962257397868
8861,0.23010884258757278
8862,0.25830087205859864
8863,0.3350393280585673
8864,0.24436483292454617
8865,0.26364241860510523
8866,0.26768739675411224
8867,0.28695349441379153
8868,0.25250587972369276
8869,0.3352174652477244
8870,0.25083681498929766
8871,0.24516668545439677
8872,0.2268545077886718
8873,0.23276431060654873
8874,0.2047424932834039
8875,0.2813172819256383
8876,0.2707573878553523
8877,0.2280116452914553
8878,0.2237691350378988
8879,0.2572489770623732
8880,0.27735084018971934
8881,0.26228667496116503
8882,0.2649116967662618
8883,0.2663885216865986
8884,0.22076621621642298
8885,0.26364217454129657
8886,0.2512817434240095
8887,0.2211393809540534
8888,0.18432361691333687
8889,0.2605309152348617
8890,0.3610694075548609
8891,0.23734574100526562
8892,0.2556536399038513
8893,0.23296518342154343
8894,0.2006482035630182
8895,0.2818186546604674
8896,0.22606307992296387
8897,0.21394763695817245
8898,0.21339049926745893
8899,0.18531086109429223
8900,0.24959079616642166
8901,0.23198614912533772
8902,0.24851259716913332
8903,0.23669522730613968
8904,0.20849816793850687
8905,0.2560321231597528
8906,0.2580023465051978
8907,0.23721092976753566
8908,0.27273098916132316
8909,0.23013679194269865
8910,0.27616726242651357
8911,0.19690191904816384
8912,0.286504308200995
8913,0.24620450898036986
8914,0.2311168150187992
8915,0.2331397448544193
8916,0.25766865139065825
8917,0.19264370223837124
8918,0.19946618688674994
8919,0.25773631801789576
8920,0.23020470365405912
8921,0.2674303474723959
8922,0.24299210799273527
8923,0.27603085991789855
8924,0.2784048195275002
8925,0.21721221398562574
8926,0.2974051563581331
8927,0.20815308328538829
8928,0.2605492035634904
8929,0.21142989543771604
8930,0.27330771955091765
8931,0.30747762336999346
8932,0.2533517175358877
8933,0.29770376901041945
8934,0.2922829401671792
8935,0.3107488271006205
8936,0.23746588082180398
8937,0.26288099156701134
8938,0.27720744208222603
8939,0.2390293691617375
8940,0.21759205976398943
8941,0.22181498598908314
8942,0.2533267058167227
8943,0.23290771630180035
8944,0.24220691894173124
8945,0.22594903067635005
8946,0.25004473228634194
8947,0.2643140491489302
8948,0.24130295998841603
8949,0.24726873302677882
8950,0.23526518186728887
8951,0.22425409281226402
8952,0.27109183457599734
8953,0.2988936164385675
8954,0.22075385981381668
8955,0.26786211208578364
8956,0.251663064000783
8957,0.26548665575205177
8958,0.23204372220321196
8959,0.24820540522136555
8960,0.3300934718424785
8961,0.31827631051468297
8962,0.25264554805013384
8963,0.22751383049322574
8964,0.22844694285333
8965,0.332404986881608
8966,0.24300610108806692
8967,0.25325968558355755
8968,0.27732622734120393
8969,0.1890846962609437
8970,0.17627034259696955
8971,0.23253615447732232
8972,0.2579984378686597
8973,0.23856624207594387
8974,0.22878386014339322
8975,0.21395485440502535
8976,0.27505846300927017
8977,0.25870346644303127
8978,0.20813019381931694
8979,0.23206156002598052
8980,0.21556258017815824
8981,0.2690426245332882
8982,0.25071705424908525
8983,0.23284314540314668
8984,0.18760081406859502
8985,0.2445339791147266
8986,0.21701914661663993
8987,0.32421680001367964
8988,0.21729102119178534
8989,0.2455192681505106
8990,0.2756815160724063
8991,0.28003697574191216
8992,0.2759340959462614
8993,0.24157341325570733
8994,0.31035388000373104
8995,0.2830003870955743
8996,0.21278659132229275
8997,0.22327363488052968
8998,0.22837400994619522
8999,0.2160343607090096
9000,0.29463068701567674
9001,0.27076852503534043
9002,0.18286270593812232
9003,0.26956376215636474
9004,0.2823776457552639
9005,0.31438068227843496
9006,0.2379901448611746
9007,0.26557795456556565
9008,0.2662773420268118
9009,0.24725810526079048
9010,0.2853013256425844
9011,0.26470084066923766
9012,0.2467435951720305
9013,0.30706998091975346
9014,0.21096542910511434
9015,0.2643795571434712
9016,0.24024371798130625
9017,0.2604653508248344
9018,0.2602965699503928
9019,0.2077998113271814
9020,0.2550034657811942
9021,0.20028089007510402
9022,0.19723101143409394
9023,0.23763166645700576
9024,0.22675262321782627
9025,0.27609269352101307
9026,0.27336147707601177
9027,0.23631222206997446
9028,0.2062537223147279
9029,0.24611746169011428
9030,0.2388094226348976
9031,0.21997456921149422
9032,0.28586954793332386
9033,0.21920028955278273
9034,0.23089569909682073
9035,0.2292269204919265
9036,0.2744594914875256
9037,0.24115627159934605
9038,0.23229623906698033
9039,0.2616082371385124
9040,0.24657751450180687
9041,0.2921225419487223
9042,0.25321471677324797
9043,0.22090444324292097
9044,0.22747357483051595
9045,0.2567330523663722
9046,0.288495619329913
9047,0.22175466370779182
9048,0.2736201993336881
9049,0.1935484919457495
9050,0.21037280576828105
9051,0.2521356885497188
9052,0.2634205374146969
9053,0.19331678710336062
9054,0.2211495186427018
9055,0.2431298709739717
9056,0.22400020451285912
9057,0.28510864845018313
9058,0.22929031818667064
9059,0.2582166060767944
9060,0.24736053284453619
9061,0.2171502761387171
9062,0.27348761647038633
9063,0.2166641320453934
9064,0.26249295632817216
9065,0.2644284519677498
9066,0.2737444917027348
9067,0.2504200746524573
9068,0.24102665422988406
9069,0.28167365033451586
9070,0.31990591120625683
9071,0.24916818654874284
9072,0.23123092934962533
9073,0.2430023494220558
9074,0.2941137057272321
9075,0.25322855792166654
9076,0.2612826603494026
9077,0.24043819625155297
9078,0.27628143889952933
9079,0.2082500388717122
9080,0.27208273351105017
9081,0.2841291354503013
9082,0.1967982040891047
9083,0.24757574747312083
9084,0.23312567740744114
9085,0.28454859870486143
9086,0.17482176687838508
9087,0.21271632180808478
9088,0.21101514025202608
9089,0.23048368229775337
9090,0.24762900925200076
9091,0.23604726990383876
9092,0.264023093688522
9093,0.23902042488958192
9094,0.2852541689632965
9095,0.23980037070205687
9096,0.3205814077497168
9097,0.22347618837507988
9098,0.2305465836601011
9099,0.26467660687142597
9100,0.27971248954941996
9101,0.24750831045132862
9102,0.25335979806667236
9103,0.21847478106005672
9104,0.24454258838314755
9105,0.25397782111116424
9106,0.2988531695036098
9107,0.21578454253509857
9108,0.22536347149902985
9109,0.26231098390998436
9110,0.29804073154072597
9111,0.3968954337911428
9112,0.22971597808532343
9113,0.2678794173341665
9114,0.2023405642462925
9115,0.2570271364421828
9116,0.2106638022066485
9117,0.22090960759151848
9118,0.2730284057958027
9119,0.24424378223379456
9120,0.21240086929686242
9121,0.1937014563329148
9122,0.2510381033187544
9123,0.23224106529952032
9124,0.20836756798846978
9125,0.2570433299881169
9126,0.19647485735967693
9127,0.2716321746781505
9128,0.23450201659453285
9129,0.3341399573846561
9130,0.25190759805373064
9131,0.25320290264727935
9132,0.22145300414678445
9133,0.348089202452758
9134,0.32964064789740416
9135,0.2162027984166288
9136,0.203293819196652
9137,0.2579728470740246
9138,0.3126108705518043
9139,0.220508945285083
9140,0.23236866970300862
9141,0.2981520213026771
9142,0.21203060261058002
9143,0.21442567208882865
9144,0.21299369049792594
9145,0.23422396645100427
9146,0.21078492204638172
9147,0.2240202606293789
9148,0.2259037411585231
9149,0.246886871456203
9150,0.28281679308861835
9151,0.23019906280901617
9152,0.27603979273368673
9153,0.22078561233290464
9154,0.3004078591308705
9155,0.25173711030961216
9156,0.34523253112865193
9157,0.26204094537781975
9158,0.26784537932793073
9159,0.31691332212573076
9160,0.2887096294946449
9161,0.2509699577299409
9162,0.27897208188426265
9163,0.2205879049339671
9164,0.2488680638275724
9165,0.21549890342253913
9166,0.2467190226426749
9167,0.27336515223179575
9168,0.2379997643765994
9169,0.21019245363592665
9170,0.28998521207902767
9171,0.2922836058611019
9172,0.2275759812153132
9173,0.22439961296077815
9174,0.2069047675366981
9175,0.3007781988626946
9176,0.27506362124526174
9177,0.22152260048937597
9178,0.2020597129955739
9179,0.2951414348798791
9180,0.1665864955319143
9181,0.3464123610135366
9182,0.22929896474070777
9183,0.18509421626450182
9184,0.18758810505803206
9185,0.258855496782986
9186,0.277077179094958
9187,0.2579928646965238
9188,0.2382820284561992
9189,0.18850031372288645
9190,0.26935590449779306
9191,0.2548770911320982
9192,0.27103537553789503
9193,0.22007203088796537
9194,0.27813100302178545
9195,0.2320731197804396
9196,0.22497840987596138
9197,0.26777921008451433
9198,0.31651356115418783
9199,0.2370157811667586
9200,0.17856654802178104
9201,0.2517124533546903
9202,0.23786795300478297
9203,0.22250280218523566
9204,0.2590333052084127
9205,0.24740388732045082
9206,0.3250000811197269
9207,0.20059840997103742
9208,0.2286695356404073
9209,0.27390113559361173
9210,0.25012170337731465
9211,0.17432026940072307
9212,0.33160101763764055
9213,0.2667176665183425
9214,0.31956788077955717
9215,0.2644413767192069
9216,0.24824295310360067
9217,0.2688733078911311
9218,0.28276106824786795
9219,0.2209529027334879
9220,0.21961699786045222
9221,0.20331574763517868
9222,0.2700077555529109
9223,0.2569928925412018
9224,0.25088513812289265
9225,0.27587362746877586
9226,0.20580403381957418
9227,0.23985346990774747
9228,0.28666509267366486
9229,0.24562737070203605
9230,0.27917721340996304
9231,0.27880175281197805
9232,0.2555457265262248
9233,0.2502207200631124
9234,0.2429318330527406
9235,0.23359680189720028
9236,0.21801092798340072
9237,0.26140640866845294
9238,0.289989806344875
9239,0.27737226337184606
9240,0.2652341591409324
9241,0.2735962940459757
9242,0.24643709519749316
9243,0.22953624893322636
9244,0.2701864520175795
9245,0.20027452244314384
9246,0.19175625800161672
9247,0.2802565952661468
9248,0.2509675265259885
9249,0.1680411938761925
9250,0.23440987903870372
9251,0.2687932597490745
9252,0.2371470030001698
9253,0.23927756909471648
9254,0.21427588075200668
9255,0.2054605348664692
9256,0.2132930246726773
9257,0.20842282717036703
9258,0.24462789495180107
9259,0.23563308272590486
9260,0.3099920291385768
9261,0.29147098760334966
9262,0.23962434642814803
9263,0.24006434081288988
9264,0.2458559266466821
9265,0.2331751945354991
9266,0.2614095730918873
9267,0.27997860304012545
9268,0.3047730015186998
9269,0.2436893046887779
9270,0.23987011389884735
9271,0.2755130828618716
9272,0.225348526498045
9273,0.17616200791620892
9274,0.2510689897928394
9275,0.23452505412891556
9276,0.3002904091295982
9277,0.24711044453666148
9278,0.2099744163501699
9279,0.2452969545228592
9280,0.24339341883474375
9281,0.26011297128188393
9282,0.22439819550001736
9283,0.2907287553913604
9284,0.24717747646764537
9285,0.20651777337432994
9286,0.2418389795045466
9287,0.33486076864599407
9288,0.2668902646941144
9289,0.22304331032455035
9290,0.28408140034215174
9291,0.25186565360781116
9292,0.228888872132383
9293,0.27099908062325384
9294,0.23377010345885957
9295,0.19175177463717288
9296,0.18782783772558978
9297,0.18780940059927953
9298,0.2638085978169206
9299,0.23988545032797812
9300,0.20053073433061885
9301,0.24168225861814027
9302,0.25708757903558105
9303,0.23452681400295983
9304,0.2154197956467661
9305,0.20238905413596942
9306,0.20177903426316948
9307,0.2744610824382255
9308,0.20518413426267146
9309,0.3042528644538505
9310,0.2045095745798776
9311,0.22351181526356703
9312,0.22283742680490765
9313,0.2527222129982427
9314,0.23951685399883954
9315,0.25455766380102324
9316,0.24342330994146985
9317,0.27596547005327654
9318,0.2335311898078101
9319,0.26451164928983445
9320,0.2651601043515374
9321,0.264392126919064
9322,0.24533265710537194
9323,0.2862288748710707
9324,0.24212727223892577
9325,0.206081445951915
9326,0.3465383233767272
9327,0.2573409065644241
9328,0.2744368469987108
9329,0.20735856143640052
9330,0.2478334602626186
9331,0.27808800757675683
9332,0.27575942713367546
9333,0.2502383960278109
9334,0.28013257445095063
9335,0.24478115569827655
9336,0.16969842238745322
9337,0.24261475185027226
9338,0.2502804110260966
9339,0.2616572009933586
9340,0.21245012233138602
9341,0.22646095375378691
9342,0.3015127912468479
9343,0.2781254277850698
9344,0.26327116726978933
9345,0.22673131653959727
9346,0.25204902020624587
9347,0.25741108937988694
9348,0.25462426387823905
9349,0.22223097815435175
9350,0.315093693108969
9351,0.2676532266968277
9352,0.24203509920970873
9353,0.283204767095788
9354,0.25401519853808113
9355,0.20474070111315334
9356,0.1968612549143425
9357,0.2678696321068208
9358,0.16859132874113483
9359,0.20217757210137635
9360,0.28252145157877057
9361,0.2577298866133924
9362,0.2573555110230824
9363,0.28573834163732437
9364,0.26833695576826666
9365,0.2534383236537683
9366,0.22138134750191538
9367,0.26656951079420255
9368,0.293597178597774
9369,0.24452151790727214
9370,0.2727369174215198
9371,0.30608518709774624
9372,0.2255470863191764
9373,0.276591904413178
9374,0.2668429081001934
9375,0.28788705847645935
9376,0.23518594713519408
9377,0.27907461052792554
9378,0.2382395472293772
9379,0.2523721714228877
9380,0.291534920135806
9381,0.18002910512933273
9382,0.2209743593180958
9383,0.22899940087192472
9384,0.2632620517845367
9385,0.20349867218248904
9386,0.20759493617792102
9387,0.22856908653125793
9388,0.24858053688974627
9389,0.20581834568878343
9390,0.2760022097454393
9391,0.30815092879301315
9392,0.251950793975346
9393,0.2235283584113347
9394,0.25914643383933056
9395,0.22707031753915138
9396,0.2237235390685735
9397,0.25722472986073325
9398,0.22174472108787766
9399,0.24341249079434243
9400,0.30745913005709297
9401,0.25937690395421836
9402,0.24938661646929816
9403,0.21233837209960427
9404,0.2549392012160503
9405,0.2509026639309336
9406,0.22350347098652215
9407,0.19126584038201036
9408,0.23920904703749024
9409,0.23332490658704216
9410,0.2260730280595052
9411,0.2660562634406533
9412,0.21413289996982007
9413,0.2635492452112188
9414,0.23528987119583544
9415,0.2159729841466147
9416,0.23784217339860023
9417,0.19150452846664762
9418,0.22579761595092424
9419,0.21404527619034938
9420,0.2464671484929781
9421,0.2346651574333719
9422,0.23283227938431192
9423,0.27617925502743124
9424,0.21941207163937337
9425,0.2991609853056512
9426,0.23252602912592313
9427,0.26525586464731954
9428,0.2566245157281054
9429,0.23966284963273332
9430,0.20781961050602732
9431,0.2150493584926818
9432,0.2361867773151351
9433,0.24589836802818799
9434,0.25385966122665055
9435,0.26659044718066455
9436,0.28218507760393785
9437,0.3320955360891334
9438,0.2329759016929623
9439,0.256342043612003
9440,0.24966043104065824
9441,0.24453877856377815
9442,0.2267190635901346
9443,0.25210415717000745
9444,0.21626666219877733
9445,0.18929359745962515
9446,0.28903252247616557
9447,0.2584401702077655
9448,0.24050530198937395
9449,0.24708161375385357
9450,0.23906389396331107
9451,0.27832405273232674
9452,0.29168554651919076
9453,0.25965843056997123
9454,0.23679018019373255
9455,0.22137972837468778
9456,0.23907400348616975
9457,0.2992114565959119
9458,0.22910604616587849
9459,0.2928050248139876
9460,0.34985447147759446
9461,0.19573362694301485
9462,0.3330024596463347
9463,0.23823957154518027
9464,0.20978993922733594
9465,0.26099671489215676
9466,0.24460473863598678
9467,0.25552190399655034
9468,0.2831273865391618
9469,0.2549543519938096
9470,0.22274208739209322
9471,0.22159252751855424
9472,0.24025523906034305
9473,0.2593589747068502
9474,0.252042201158665
9475,0.23973862729710463
9476,0.2318969953164521
9477,0.32908608427253644
9478,0.2530344689838056
9479,0.20638875372149565
9480,0.35635741149300315
9481,0.3486802487123995
9482,0.2681335850497756
9483,0.253203585641012
9484,0.20665903315457096
9485,0.23599751654284798
9486,0.25164258437690706
9487,0.23333539889199612
9488,0.288433574624527
9489,0.2388487988215539
9490,0.20845753975723763
9491,0.24025229785749758
9492,0.1986344791484169
9493,0.18652044370849263
9494,0.26865582494914436
9495,0.23598364966057755
9496,0.23256699080787602
9497,0.261843227298966
9498,0.28509985157955
9499,0.282063086030956
9500,0.26968748794733566
9501,0.26041313467900545
9502,0.2753256378788267
9503,0.2497500836209086
9504,0.22801535066135506
9505,0.22096801287332257
9506,0.1936252393242611
9507,0.37750747745661
9508,0.23711452871310834
9509,0.2595391074268888
9510,0.303278562575799
9511,0.22955780652657415
9512,0.218172816207424
9513,0.20551673711453278
9514,0.24203246355650973
9515,0.28869452107209265
9516,0.26326488233365825
9517,0.2232577557324488
9518,0.23877118229219996
9519,0.2667394332816169
9520,0.30440412676903456
9521,0.220293969627514
9522,0.23242640293816852
9523,0.2672643080244385
9524,0.28968475683045336
9525,0.32599911689071903
9526,0.2334089129093331
9527,0.2704642019999788
9528,0.2519638486250707
9529,0.24220937093960496
9530,0.2083411404096853
9531,0.22758213994590876
9532,0.23351174813904063
9533,0.2262171012868807
9534,0.21326620779745264
9535,0.24997856555365008
9536,0.252190092240878
9537,0.24057035372668972
9538,0.23865310810703422
9539,0.24638608669722115
9540,0.23317439353493238
9541,0.22850154820436225
9542,0.22498489711007563
9543,0.22321677122392922
9544,0.22806404373871536
9545,0.37677197278828856
9546,0.29765321073472084
9547,0.22835455276199068
9548,0.2324165999615289
9549,0.2435994916601748
9550,0.19073836162680996
9551,0.26015943703340494
9552,0.2384643642020876
9553,0.23627280301066383
9554,0.22365745610874663
9555,0.2684907496492393
9556,0.2452793138216603
9557,0.1886561089613333
9558,0.25250530926705
9559,0.24079883114672365
9560,0.24339579652069632
9561,0.23018056273257842
9562,0.21032517376036777
9563,0.2644119169186124
9564,0.26628651378566637
9565,0.28302281401658397
9566,0.2485801839893576
9567,0.25076766941447404
9568,0.26278587246383717
9569,0.25268635533256856
9570,0.26254198148421404
9571,0.2650722359137592
9572,0.2906429752090809
9573,0.22404539667904955
9574,0.26054138771202384
9575,0.34225802684000933
9576,0.20312594769261721
9577,0.2824611974901447
9578,0.2792709611233808
9579,0.21035396624056313
9580,0.2519034078595279
9581,0.2517744930116391
9582,0.3107618929571481
9583,0.23466543030823794
9584,0.22725311018042266
9585,0.21451956211039142
9586,0.23319674175843513
9587,0.20169661000778316
9588,0.26150781360802355
9589,0.2222117712329672
9590,0.21312640823489348
9591,0.26869942408574826
9592,0.2867969932355683
9593,0.2759254541750783
9594,0.2596968920866741
9595,0.24744724764928677
9596,0.21890856436798556
9597,0.28378607467414024
9598,0.2829811935569626
9599,0.2584557230985327
9600,0.29179112392212975
9601,0.2157321121227326
9602,0.23802596077834892
9603,0.33116734961483607
9604,0.24259836135429652
9605,0.24081185585572423
9606,0.2225442101433939
9607,0.2370373404553777
9608,0.24253894975800053
9609,0.2711834731490434
9610,0.30222720248857055
9611,0.22719239711677128
9612,0.26170275439338425
9613,0.26189916927035967
9614,0.2612013221515388
9615,0.2588453488080552
9616,0.376615506760322
9617,0.18827966819406372
9618,0.2727900623124251
9619,0.2644113372859037
9620,0.22819580174002624
9621,0.24209711849597973
9622,0.2854701352129236
9623,0.23253875826227566
9624,0.25648327156406026
9625,0.3224113082311731
9626,0.2274296042820913
9627,0.2388423228544391
9628,0.22553471736540495
9629,0.21741261247932914
9630,0.2395494827662788
9631,0.23391998623746593
9632,0.30403300822695256
9633,0.24463486387562103
9634,0.21339237665807234
9635,0.20884545553309083
9636,0.20755056724840618
9637,0.21997429602106258
9638,0.24508814842470775
9639,0.24133713344149144
9640,0.28241866148949585
9641,0.248551084939763
9642,0.17461578094161573
9643,0.25793664485185686
9644,0.22940664158061963
9645,0.1897370066869251
9646,0.2847164854839035
9647,0.24098807104491385
9648,0.29839046120409735
9649,0.2329828335404843
9650,0.25015082219809576
9651,0.2835539090517163
9652,0.2324123208105983
9653,0.22883533845275253
9654,0.269103587003867
9655,0.28197101886733994
9656,0.2283331775551854
9657,0.2350802881798771
9658,0.23817384554049983
9659,0.2260543082441981
9660,0.24468679208779157
9661,0.24653279747904447
9662,0.2620037685489981
9663,0.27724353353195075
9664,0.20019324065589586
9665,0.2447975936980714
9666,0.21541819400206794
9667,0.29216202494978644
9668,0.29425577879319953
9669,0.26270449090300524
9670,0.22263941230483017
9671,0.2561085967652085
9672,0.23074791525789065
9673,0.27376545832584387
9674,0.2400502644586726
9675,0.25716211191922445
9676,0.28059016285066823
9677,0.22147937157705047
9678,0.22459509364304303
9679,0.23928383497530256
9680,0.2641644402239139
9681,0.21607883430765176
9682,0.2520948664565841
9683,0.21940173096194748
9684,0.2121227369064148
9685,0.3037207843004704
9686,0.2689521295858843
9687,0.21552204216461768
9688,0.23916410786171727
9689,0.24525135795470016
9690,0.2243042749590505
9691,0.24747993992849837
9692,0.2782471286670364
9693,0.2471600732855604
9694,0.18847531675841525
9695,0.2785995221508703
9696,0.200593978802951
9697,0.22616646352669612
9698,0.2305339327270171
9699,0.2428362148343729
9700,0.2145711614885196
9701,0.20377993398879768
9702,0.2884733181496975
9703,0.29457855091808394
9704,0.22054799232750705
9705,0.25001073681386976
9706,0.24153232364362967
9707,0.22687776583614536
9708,0.24351589713051114
9709,0.2692161412856057
9710,0.2541106248081597
9711,0.2750263655326062
9712,0.2787358236097722
9713,0.23103092969426425
9714,0.21418456845682488
9715,0.2401540938394732
9716,0.20847906875193614
9717,0.30492656327553114
9718,0.30722403418160754
9719,0.23583929931351827
9720,0.25780698317897077
9721,0.23842313490548384
9722,0.2424766364984507
9723,0.3407563326444451
9724,0.26691802736631526
9725,0.25052217288635886
9726,0.2782866758403031
9727,0.19209989203280078
9728,0.20126896467063937
9729,0.27202794059538954
9730,0.23747386415604477
9731,0.25740010571420063
9732,0.2591451476121115
9733,0.25989294462829277
9734,0.27123193728629846
9735,0.22032387139723744
9736,0.263452957575691
9737,0.31564104334219906
9738,0.34076573708425123
9739,0.24768789246686343
9740,0.22836789627920892
9741,0.21572691878201533
9742,0.2006723634335743
9743,0.24356147401460457
9744,0.3054919135635552
9745,0.31169928860378393
9746,0.26617392916430577
9747,0.26620820019780533
9748,0.21978178951686625
9749,0.21386812429972707
9750,0.25028092776916055
9751,0.26735748992035474
9752,0.24074648627863685
9753,0.2882853980607153
9754,0.22772101222371696
9755,0.2988015085376883
9756,0.2732404439969664
9757,0.21428310849721413
9758,0.26143727388735244
9759,0.24417630956003306
9760,0.27054165498482935
9761,0.20412924656085077
9762,0.25317444087371693
9763,0.2890779456659992
9764,0.23208468449915187
9765,0.243145720527417
9766,0.23951037539965359
9767,0.24991962622434558
9768,0.28178589056799314
9769,0.3153212494162112
9770,0.22399871410631583
9771,0.2586554145404919
9772,0.21541848379787656
9773,0.24292932113878515
9774,0.23695586558809176
9775,0.22459214125146157
9776,0.24547074339364047
9777,0.2574487738589851
9778,0.2461888974139356
9779,0.2825125490721406
9780,0.2240370947405961
9781,0.2394455513939899
9782,0.27447587908103066
9783,0.23642349871959328
9784,0.3487844848191081
9785,0.28199186274762683
9786,0.23825980411024325
9787,0.22879157645791554
9788,0.24515284622817393
9789,0.21577430846022863
9790,0.25819358693271194
9791,0.2165501323552712
9792,0.17814867501706463
9793,0.24126015282539873
9794,0.2558289076920057
9795,0.19958621258956977
9796,0.2408779419852273
9797,0.29148696982752564
9798,0.22413152681831705
9799,0.16839467421956061
9800,0.29298418015418987
9801,0.26386283697780755
9802,0.2547637222363599
9803,0.2594473901016883
9804,0.2919572118043786
9805,0.21642533071372702
9806,0.24963249721791947
9807,0.26490138908347566
9808,0.28625073811548213
9809,0.23092274816089614
9810,0.23956898674117313
9811,0.20780810640010344
9812,0.28067056272948415
9813,0.27818089060588347
9814,0.227207453083258
9815,0.23224958509311808
9816,0.28936669033834633
9817,0.26931837271048337
9818,0.23217374969792817
9819,0.21397293489251012
9820,0.23922489004651654
9821,0.1753458313938565
9822,0.25793893083553815
9823,0.3830926078417638
9824,0.23244045625164375
9825,0.22422684780196042
9826,0.18550964443923545
9827,0.2753324812411602
9828,0.30638044751049737
9829,0.21572333474297878
9830,0.22239715035310606
9831,0.20251092223792874
9832,0.23417362098053932
9833,0.23476172892135058
9834,0.2372881596035792
9835,0.23525111473467875
9836,0.2406295240305393
9837,0.191665585010973
9838,0.24656935140296063
9839,0.20140545423258363
9840,0.20802807480957022
9841,0.264563493014898
9842,0.25494184071962467
9843,0.1851439389906787
9844,0.2798326413169433
9845,0.25080481332804344
9846,0.2601737136256004
9847,0.29367588967230235
9848,0.2602279414133317
9849,0.2906577335631846
9850,0.23049945730294047
9851,0.23341643073346932
9852,0.28278984587873596
9853,0.23179596036777592
9854,0.21189419513950325
9855,0.2617950023288716
9856,0.24628763746803808
9857,0.2304013775149614
9858,0.22332220592217963
9859,0.23420380331836155
9860,0.22198156999524268
9861,0.22834897471372828
9862,0.2148737874672839
9863,0.23536582091490846
9864,0.2302790750938794
9865,0.21363016234573468
9866,0.3142358994570123
9867,0.24225105572316746
9868,0.22219997702951544
9869,0.30397711545200157
9870,0.18380975395291355
9871,0.25374136450189905
9872,0.24620659932527414
9873,0.21234007455461254
9874,0.26226701526823987
9875,0.29585695654699334
9876,0.2302563706289923
9877,0.24976421803898005
9878,0.16904104526771097
9879,0.31279174482942
9880,0.23121078875617418
9881,0.2297639692575919
9882,0.2587416735345596
9883,0.3321214065964612
9884,0.25521024413738946
9885,0.28037084763745646
9886,0.22991514258283605
9887,0.26301325478961424
9888,0.2653025243621524
9889,0.2760622477808092
9890,0.2634004877549626
9891,0.2755400932850325
9892,0.2765093168857306
9893,0.2522159148231286
9894,0.23524315130747658
9895,0.27452345104263487
9896,0.20609640962364217
9897,0.21851412608184556
9898,0.20286030405780067
9899,0.2891601887816808
9900,0.24345243309797518
9901,0.23206275522865005
9902,0.24443969463832715
9903,0.2509605767324062
9904,0.24617760058910415
9905,0.3392435238083901
9906,0.27261208725759517
9907,0.20472968008361897
9908,0.25789560107210924
9909,0.2745060416009926
9910,0.22374979938366005
9911,0.2552373038923958
9912,0.2422335384682591
9913,0.24784809046279468
9914,0.22658648280760782
9915,0.22834121076306516
9916,0.22948040845210133
9917,0.29881536406843656
9918,0.22843834484236444
9919,0.20548137072538192
9920,0.22897087402038152
9921,0.21816923501396676
9922,0.20812716475953885
9923,0.24293220074789196
9924,0.24173705711397186
9925,0.24097749878702718
9926,0.24704044331329494
9927,0.22056227893592567
9928,0.23912272003440652
9929,0.2669834170015043
9930,0.26261752247897824
9931,0.26025252704315366
9932,0.23829607665131017
9933,0.25796519863031786
9934,0.20013786319036633
9935,0.18505021664786114
9936,0.2723045480338358
9937,0.2591627381760725
9938,0.26456481507082397
9939,0.2870125612386155
9940,0.23574703561287083
9941,0.2728003279403064
9942,0.22808434964024424
9943,0.26052843368411965
9944,0.1974155437932432
9945,0.1764306108213381
9946,0.22101865812113802
9947,0.23214771039055493
9948,0.2646994242891404
9949,0.2553507189015539
9950,0.2638539940826116
9951,0.20615389766622852
9952,0.2746770152908884
9953,0.23091113350663747
9954,0.24533514574314444
9955,0.25430073412430865
9956,0.19936755306700327
9957,0.23989928780513783
9958,0.22777674423988284
9959,0.28043719218863605
9960,0.2344027702306668
9961,0.28967819323661936
9962,0.23363839699882016
9963,0.2698098244563626
9964,0.27561125197254577
9965,0.23248468107156472
9966,0.25604425661693647
9967,0.24245651024629158
9968,0.24857303155329458
9969,0.23329166660993633
9970,0.20231901034785071
9971,0.23231864684335657
9972,0.21285218779192933
9973,0.23195697552857994
9974,0.19850439016702198
9975,0.3506225966027778
9976,0.2604901681156482
9977,0.19504491628449444
9978,0.21868565012969537
9979,0.278375782423889
9980,0.21277620618951204
9981,0.23545461805915582
9982,0.2549807374248698
9983,0.19850709242716724
9984,0.2228031741940959
9985,0.2853699007306381
9986,0.21695476964653154
9987,0.23292780981568278
9988,0.2514849930800259
9989,0.2695644817446785
9990,0.21509598035132552
9991,0.21981858428510595
9992,0.2251447943943079
9993,0.24273369766437938
9994,0.247068368515409
9995,0.27532389443413163
9996,0.2119572028011203
9997,0.27005333114849756
9998,0.22554907219270293
9999,0.25418536293260463
